Keyword,Position,Previous position,Search Volume,Keyword Difficulty,CPC,URL,Traffic,Traffic (%),Traffic Cost,Competition,Number of Results,Trends,Timestamp,SERP Features by Keyword,Keyword Intents,Position Type
herbly,1,1,260,35,12.5,https://herbly.com.au/,208,25.24,2600,0.4,19100,"18, 18, 18, 18, 18, 35, 54, 54, 81, 81, 100, 100",2026-04-18 20:35:33,"Knowledge panel, Sitelinks, People also ask, Related searches",navigational,Organic
dispensary dispensary,5,0,3600,48,0,https://herbly.com.au/pages/bendigo-dispensary,86,10.43,0,0,113,"81, 44, 81, 100, 81, 100, 2, 44, 81, 66, 81, 53",2026-04-27 16:27:56,"Local pack, Video, Related searches",commercial,Organic
dispensary near me,2,0,1300,39,0,https://herbly.com.au/pages/armidale-dispensary,45,5.46,0,0,144000000,"54, 100, 24, 54, 66, 36, 54, 20, 79, 54, 100, 66",2026-04-23 13:59:26,"Local pack, Video, Image, Related searches, AI overview","informational, transactional",Organic
dispnsary near me,2,2,590,28,0,https://herbly.com.au/pages/coffs-harbour-dispensary,25,3.03,0,0,143000000,"72, 48, 59, 59, 48, 100, 100, 48, 39, 72, 59, 48",2026-03-24 01:21:41,"Local pack, Video, Image, Related searches",transactional,Organic
dispensary near ne,2,2,590,33,0,https://herbly.com.au/pages/coffs-harbour-dispensary,25,3.03,0,0,72,"76, 76, 76, 76, 67, 67, 0, 67, 0, 0, 2, 2",2026-03-19 10:58:52,"Local pack, Related searches",transactional,Organic
weed byron bay,1,1,90,11,2.5,https://herbly.com.au/pages/byron-bay-dispensary,22,2.66,55,0.06,1080000,"82, 52, 29, 52, 41, 29, 41, 52, 64, 52, 52, 52",2026-04-29 04:58:28,"Sitelinks, Video, Image, People also ask, Discussions and forums",commercial,Organic
medicinal cannabis port macquarie,1,0,90,1,0,https://herbly.com.au/pages/port-macquarie-dispensary,22,2.66,0,0,73,"0, 0, 0, 0, 0, 0, 28, 28, 17, 100, 53, 28",2026-04-12 05:34:06,"Video, Related searches, AI overview",informational,Organic
medical canabis dispensary near.me,2,2,260,31,57.59,https://herbly.com.au/pages/morayfield-dispensary,21,2.54,1209,0.53,188,"32, 26, 0, 0, 2, 1, 1, 0, 100, 48, 72, 59",2026-03-20 01:53:42,"Local pack, People also ask",transactional,Organic
cannabis shop near me,1,1,140,37,0,https://herbly.com.au/pages/bunbury-dispensary,18,2.18,0,0,63100000,"29, 29, 29, 29, 29, 29, 2, 22, 29, 29, 29, 29",2026-03-14 23:41:12,"Knowledge panel, Image, Related searches, AI overview","informational, transactional",Organic
cannabisstores,4,0,720,55,0,https://herbly.com.au/pages/coffs-harbour-dispensary,17,2.06,0,0,51000000,"76, 76, 0, 0, 67, 67, 76, 67, 67, 76, 76, 76",2026-04-07 11:02:14,"Local pack, Image, Video Carousel, People also ask, Related searches",commercial,Organic
medical cannabis port macquarie,1,0,70,0,0,https://herbly.com.au/pages/port-macquarie-dispensary,17,2.06,0,0,77,"0, 0, 0, 3, 0, 0, 28, 28, 15, 100, 53, 34",2026-04-12 05:14:10,"Related searches, AI overview",informational,Organic
dispensaries,1,0,390,50,0,https://herbly.com.au/pages/armidale-dispensary,13,1.57,0,0,30400000,"30, 10, 100, 76, 10, 13, 13, 16, 16, 16, 13, 16",2026-04-25 08:45:32,"Local pack, Video, Image, Video Carousel, People also ask, Related searches",commercial,Organic
medical cannabinoids dispensary near me,3,3,210,44,0,https://herbly.com.au/pages/coffs-harbour-dispensary,13,1.57,0,0,138,"10, 8, 18, 35, 18, 43, 100, 81, 100, 54, 66, 29",2026-03-22 19:51:56,"Local pack, Video, Related searches",transactional,Organic
dispensary brisbane,3,3,170,44,72.49,https://herbly.com.au/pages/brisbane-dispensary,11,1.33,797,0.53,321000,"100, 80, 80, 80, 100, 66, 80, 66, 66, 80, 80, 66",2026-03-30 14:04:53,"Local pack, Sitelinks, Video, Image, Related searches",commercial,Organic
medical cannabis dispensary near me,2,2,260,46,0,https://herbly.com.au/pages/coffs-harbour-dispensary,11,1.33,0,0,14600000,"2, 2, 14, 14, 14, 88, 100, 88, 1, 3, 3, 1",2026-03-23 01:00:02,"Local pack, Video, Related searches",transactional,Organic
weed place near me,1,0,90,30,0,https://herbly.com.au/pages/hervey-bay-dispensary,11,1.33,0,0,113000000,"33, 33, 19, 42, 42, 33, 33, 42, 52, 66, 42, 42",2026-04-20 13:50:32,"Image, AI overview",transactional,Organic
dispo near me,2,2,210,32,0,https://herbly.com.au/pages/coffs-harbour-dispensary,9,1.09,0,0,89,"0, 0, 0, 0, 0, 0, 0, 0, 0, 0, 0, 100",2026-03-24 16:56:03,"Local pack, Video, Image, Related searches",transactional,Organic
medical dispensary near me,2,0,110,45,0,https://herbly.com.au/pages/coffs-harbour-dispensary,9,1.09,0,0,23000000,"64, 41, 41, 82, 64, 64, 82, 100, 82, 82, 82, 82",2026-04-02 01:02:57,"Local pack, Video, Related searches",transactional,Organic
newtown dispensary,1,1,110,13,3.48,https://herbly.com.au/pages/newtown-dispensary,9,1.09,31,0.57,412000,"11, 11, 17, 11, 100, 82, 64, 64, 100, 64, 82, 82",2026-04-28 05:24:24,"Local pack, Image, Related searches",commercial,Organic
cannabis shop near me,1,1,140,37,0,https://herbly.com.au/pages/bunbury-dispensary,8,0.97,0,0,63100000,"29, 29, 29, 29, 29, 29, 2, 22, 29, 29, 29, 29",2026-03-14 23:41:12,"Knowledge panel, Image, Related searches, AI overview","informational, transactional",AI overview
dispensary mackay,7,3,880,32,0,https://herbly.com.au/pages/mackay-dispensary,7,0.84,0,0,121000,"67, 76, 76, 67, 76, 100, 100, 55, 55, 67, 67, 67",2026-04-20 09:26:59,"Knowledge panel, Sitelinks, Video, Image, People also ask, Related searches",navigational,Organic
dispensaries near me,3,9,210,32,0,https://herbly.com.au/pages/coffs-harbour-dispensary,7,0.84,0,0,85,"6, 4, 10, 6, 8, 13, 13, 100, 3, 2, 4, 4",2026-04-02 09:18:55,"Local pack, Video, Related searches",transactional,Organic
medical dispensary,3,3,110,55,0,https://herbly.com.au/pages/coffs-harbour-dispensary,7,0.84,0,0,0,"100, 100, 100, 100, 100, 28, 100, 78, 100, 14, 100, 35",2026-03-11 21:58:57,"Local pack, Video, Image",commercial,Organic
dispensary newtown,1,1,90,18,22.88,https://herbly.com.au/pages/newtown-dispensary,7,0.84,160,0.53,0,"14, 21, 78, 14, 78, 78, 78, 100, 78, 78, 78, 100",2026-03-14 04:06:12,"Local pack, Image, Related searches",commercial,Organic
weed stores closest to me,2,2,90,40,0,https://herbly.com.au/pages/coffs-harbour-dispensary,7,0.84,0,0,105,"0, 0, 0, 100, 100, 78, 100, 100, 100, 100",2026-03-13 13:52:17,"Related searches, AI overview",informational,Organic
weed shop near me,3,0,110,26,0,https://herbly.com.au/pages/wollongong-dispensary,7,0.84,0,0,167,"4, 4, 29, 29, 6, 29, 29, 22, 29, 29, 29, 29",2026-04-06 17:47:05,"Knowledge panel, Video, AI overview","informational, transactional",Organic
cannabis store near me,6,0,320,17,0,https://herbly.com.au/pages/wollongong-dispensary,7,0.84,0,0,66100000,"76, 3, 2, 6, 67, 3, 100, 3, 3, 1, 0, 1",2026-04-06 22:47:28,"Knowledge panel, Image, Related searches, AI overview","informational, transactional",Organic
dispensary bendigo,3,6,390,25,3.67,https://herbly.com.au/pages/bendigo-dispensary,7,0.84,25,0.01,22300,"5, 30, 30, 36, 36, 36, 45, 24, 24, 30, 30, 30",2026-04-03 23:53:27,"Knowledge panel, Sitelinks, Video, Image, Related searches",navigational,Organic
cannabinoids dispensary near me,9,9,390,53,0,https://herbly.com.au/pages/coffs-harbour-dispensary,7,0.84,0,0,4170000,"81, 66, 54, 81, 0, 81, 15, 54, 100, 66, 66, 66",2026-03-22 00:18:36,"Local pack, Video, People also ask, Related searches",transactional,Organic
how can i get medical weed,1,0,390,58,35.15,https://herbly.com.au/blogs/latest-medical-articles/understanding-monthly-limits-and-interval-periods,6,0.72,210,0.4,74000000,"66, 54, 44, 100, 81, 66, 19, 44, 81, 54, 44, 44",2026-04-04 16:45:26,"Video, People also ask, Related searches, Discussions and forums, AI overview",informational,People also ask
medical marijuanas townsville,2,2,50,4,54.58,https://herbly.com.au/pages/townsville-dispensary,6,0.72,327,0.53,22600,"29, 29, 41, 41, 41, 23, 17, 29, 11, 11, 11, 64",2026-04-08 16:50:48,"Knowledge panel, Related searches",informational,Organic
arthritis,35,0,22200,88,0,https://herbly.com.au/blogs/news/understanding-arthritis-causes-impacts-and-treatments,6,0.72,0,0,103000000,"67, 67, 81, 67, 67, 67, 67, 67, 67, 54, 54, 44",2026-04-26 14:59:32,"Video, Image, Video Carousel, People also ask, Related searches, Discussions and forums, AI overview",informational,Organic
medical marijuana near me,3,3,140,50,0,https://herbly.com.au/pages/coffs-harbour-dispensary,6,0.72,0,0,0,"29, 29, 29, 29, 29, 29, 29, 35, 29, 29, 29, 29",2026-03-19 10:09:05,"Knowledge panel, Video, Image, Related searches, AI overview","informational, transactional",Organic
holistic cures for insomnia,1,1,170,68,0.53,https://herbly.com.au/blogs/news/insomnia-therapies-and-treatments-conventional-alternative-and-holistic-approaches,5,0.6,2,0.91,1200000,"80, 80, 42, 100, 80, 53, 42, 42, 80, 53, 42, 34",2026-03-10 08:01:37,"Sitelinks, Image, Related searches, Discussions and forums, AI overview",informational,AI overview
medical cannabis sunshine coast,3,3,70,4,0,https://herbly.com.au/pages/sunshine-coast-dispensary,5,0.6,0,0.33,1320000,"7, 7, 9, 7, 5, 7, 7, 7, 2, 2, 9, 7",2026-03-27 16:37:56,"Knowledge panel, Video, Related searches, Discussions and forums",informational,Organic
weed near me,5,0,170,43,0,https://herbly.com.au/pages/penrith-dispensary,5,0.6,0,0,382000000,"26, 17, 14, 17, 17, 17, 26, 11, 14, 14, 14, 17",2026-04-17 19:31:49,"Knowledge panel, Video, Image, AI overview","informational, transactional",Organic
cannabis dispensary brisbane,1,0,170,33,0,https://herbly.com.au/pages/north-lakes-dispensary,5,0.6,0,0,45600,"100, 66, 100, 80, 80, 66, 80, 66, 66, 66, 80, 66",2026-03-31 14:27:29,"Knowledge panel, Video, Image, People also ask, Related searches, Discussions and forums, AI overview",informational,AI overview
dispensary toowoomba,3,3,90,10,64.72,https://herbly.com.au/pages/toowoomba-dispensary,5,0.6,323,0.68,16900,"18, 18, 100, 100, 100, 100, 100, 18, 63, 100, 81, 81",2026-04-14 20:27:48,"Local pack, Video, Image, People also ask, Related searches",commercial,Organic
dispensary dispensary,26,0,3600,48,0,https://herbly.com.au/pages/townsville-dispensary,5,0.6,0,0,113,"81, 44, 81, 100, 81, 100, 2, 44, 81, 66, 81, 53",2026-04-27 16:27:56,"Local pack, Video, Related searches",commercial,Organic
vegan doctors,4,4,210,21,0,https://herbly.com.au/pages/plant-medicine-doctors,5,0.6,0,0.04,20500000,"53, 53, 81, 65, 53, 100, 81, 81, 65, 65, 65, 53",2026-04-23 16:37:23,"Video, People also ask, Related searches, Discussions and forums, AI overview",informational,Organic
cannabis dispensary brisbane,5,10,170,33,0,https://herbly.com.au/pages/north-lakes-dispensary,4,0.48,0,0,45600,"100, 66, 100, 80, 80, 66, 80, 66, 66, 66, 80, 66",2026-03-31 14:27:29,"Knowledge panel, Video, Image, People also ask, Related searches, Discussions and forums, AI overview",informational,Organic
weed dispensary near me,4,4,140,17,0,https://herbly.com.au/pages/coffs-harbour-dispensary,4,0.48,0,0,14500000,"82, 82, 82, 52, 82, 100, 29, 64, 82, 82, 82, 82",2026-03-22 08:04:42,"Video, Image, People also ask, AI overview","informational, transactional",Organic
buy weed sydney,4,0,70,15,0,https://herbly.com.au/pages/newtown-dispensary,4,0.48,0,0,19100000,"36, 36, 45, 9, 9, 9, 63, 81, 100, 100, 81, 81",2026-04-13 08:51:33,"Knowledge panel, Sitelinks, Video, Related searches",transactional,Organic
dispensaries near me medical,6,6,170,38,0,https://herbly.com.au/pages/penrith-dispensary,4,0.48,0,0,0,"100, 80, 100, 100, 80, 53, 42, 0, 80, 65, 65, 65",2026-03-09 19:08:17,"Local pack, Video, Image, Related searches",transactional,Organic
herbly,1,1,260,35,12.5,https://herbly.com.au/pages/patient-information-for-medicinal-cannabis-treatment,3,0.36,37,0.4,19100,"18, 18, 18, 18, 18, 35, 54, 54, 81, 81, 100, 100",2026-04-18 20:35:33,"Knowledge panel, Sitelinks, People also ask, Related searches",navigational,People also ask
bendigo dispensary,4,4,260,27,3.67,https://herbly.com.au/pages/bendigo-dispensary,3,0.36,11,0.01,24400,"66, 0, 0, 0, 100, 81, 15, 44, 54, 54, 54, 0",2026-03-27 20:57:37,"Knowledge panel, Sitelinks, Video, Image, Related searches",navigational,Organic
marijuana dispensary near me,4,0,140,31,0,https://herbly.com.au/pages/ipswich-dispensary,3,0.36,0,0,101,"100, 28, 28, 35, 43, 53, 17, 28, 35, 12, 17, 23",2026-04-30 10:23:56,"Knowledge panel, Video, People also ask, Related searches, AI overview","informational, transactional",Organic
medicinal cannabis sunshine coast,1,1,50,4,0,https://herbly.com.au/pages/sunshine-coast-dispensary,3,0.36,0,0.33,129,"64, 50, 35, 50, 35, 50, 35, 35, 14, 14, 14, 14",2026-03-25 03:47:22,"Knowledge panel, Video, Related searches, AI overview",informational,AI overview
medicinal cannabis sunshine coast,3,3,50,4,0,https://herbly.com.au/pages/sunshine-coast-dispensary,3,0.36,0,0.33,129,"64, 50, 35, 50, 35, 50, 35, 35, 14, 14, 14, 14",2026-03-25 03:47:22,"Knowledge panel, Video, Related searches, AI overview",informational,Organic
high st dispensary newtown,6,6,390,37,2.53,https://herbly.com.au/pages/newtown-dispensary,3,0.36,7,0.07,123000,"100, 100, 100, 100, 81, 29, 12, 10, 7, 7, 7, 7",2026-03-28 06:43:11,"Knowledge panel, Sitelinks",navigational,Organic
buy weed online,10,10,140,38,0,https://herbly.com.au/pages/parramatta-dispensary,3,0.36,0,0,185,"23, 23, 23, 23, 23, 23, 28, 28, 23, 23, 23, 23",2026-03-21 00:05:27,Image,transactional,Organic
medical cannabis near me,2,0,90,46,0,https://herbly.com.au/pages/coffs-harbour-dispensary,3,0.36,0,0,146,"29, 10, 10, 10, 14, 10, 35, 35, 29, 10, 18, 14",2026-04-01 19:18:42,"Local pack, Image",transactional,Organic
weed shop near me,1,0,110,26,0,https://herbly.com.au/pages/wollongong-dispensary,3,0.36,0,0,167,"4, 4, 29, 29, 6, 29, 29, 22, 29, 29, 29, 29",2026-04-06 17:47:05,"Knowledge panel, Video, AI overview","informational, transactional",AI overview
lincoln dispensary,13,14,480,18,0,https://herbly.com.au/pages/port-lincoln-dispensary,3,0.36,0,0.05,810000,"100, 54, 36, 66, 54, 66, 66, 66, 81, 81, 81, 100",2026-04-08 08:03:46,"Knowledge panel, Image, Related searches",informational,Organic
ecs drugs,11,0,720,79,0,https://herbly.com.au/blogs/latest-medical-articles/understanding-the-endocannabinoid-system,3,0.36,0,0.33,7180000,"76, 76, 100, 76, 100, 76, 13, 67, 0, 0, 0, 1",2026-04-24 23:25:07,"Video, People also ask, Related searches, AI overview",informational,Organic
cbd oil townsville,2,0,50,6,0,https://herbly.com.au/pages/townsville-dispensary,3,0.36,0,0,571000,"5, 3, 5, 5, 5, 4, 5, 7, 4, 5, 7, 7",2026-04-29 06:08:38,"Knowledge panel, Sitelinks, Video, People also ask, Related searches, Discussions and forums, AI overview",informational,Organic
medical marijuana dispensary near me,2,0,50,39,0,https://herbly.com.au/pages/coffs-harbour-dispensary,3,0.36,0,0,14100000,"8, 6, 10, 8, 8, 6, 14, 18, 18, 10, 18, 14",2026-04-14 22:02:21,"Local pack, Video, Image, People also ask, Related searches, AI overview","informational, transactional",Organic
marijuana dispensary near me,1,0,140,31,0,https://herbly.com.au/pages/mandurah-dispensary,2,0.24,0,0,101,"100, 28, 28, 35, 43, 53, 17, 28, 35, 12, 17, 23",2026-04-30 10:23:56,"Knowledge panel, Video, People also ask, Related searches, AI overview","informational, transactional",AI overview
cannabis dispensary near me,9,9,140,24,0,https://herbly.com.au/pages/penrith-dispensary,2,0.24,0,0,0,"35, 29, 29, 43, 43, 43, 29, 22, 29, 29, 29, 22",2026-03-07 19:23:59,"Knowledge panel, Video, Image, Related searches, AI overview","informational, transactional",Organic
alternative treatments for ulcerative colitis,1,1,70,52,0.83,https://herbly.com.au/blogs/news/natural-treatments-for-ulcerative-colitis,2,0.24,1,0.96,146,"64, 50, 64, 64, 50, 50, 28, 64, 50, 50, 64, 50",2026-03-20 14:59:21,"People also ask, Related searches, Discussions and forums, AI overview",informational,AI overview
cannabisstores,9,0,720,55,0,https://herbly.com.au/pages/wollongong-dispensary,2,0.24,0,0,51000000,"76, 76, 0, 0, 67, 67, 76, 67, 67, 76, 76, 76",2026-04-07 11:02:14,"Local pack, Image, Video Carousel, People also ask, Related searches",commercial,Organic
weed dealers near me,8,8,110,20,0,https://herbly.com.au/pages/coffs-harbour-dispensary,2,0.24,0,0.01,149,"28, 21, 34, 34, 34, 28, 34, 34, 34, 28, 21, 34",2026-03-14 04:01:52,Sitelinks,"informational, transactional",Organic
dispensary near me,1,0,1300,39,0,https://herbly.com.au/pages/coffs-harbour-dispensary,2,0.24,0,0,144000000,"54, 100, 24, 54, 66, 36, 54, 20, 79, 54, 100, 66",2026-04-23 13:59:26,"Local pack, Video, Image, Related searches, AI overview","informational, transactional",AI overview
dispensary,24,0,2900,58,0,https://herbly.com.au/pages/penrith-dispensary,2,0.24,0,0,30500000,"44, 53, 44, 66, 66, 53, 100, 44, 53, 53, 44, 53",2026-04-25 07:03:07,"Local pack, Video, Image, People also ask, Related searches, AI overview",informational,Organic
dispensery,6,0,260,49,0,https://herbly.com.au/pages/coffs-harbour-dispensary,2,0.24,0,0,23700000,"13, 4, 62, 5, 13, 13, 20, 20, 8, 10, 30, 10",2026-04-04 07:55:46,"Local pack, Video, Image, People also ask, Related searches",commercial,Organic
natural doctor wetherill park,5,0,40,15,1.74,https://herbly.com.au/pages/wetherill-park-dispensary,1,0.12,1,0.14,220000,"7, 0, 23, 12, 5, 17, 10, 7, 7, 10, 7, 7",2026-04-28 18:25:01,"Knowledge panel, Video, Related searches",informational,Organic
cannabis shop,10,10,140,39,0,https://herbly.com.au/pages/wollongong-dispensary,1,0.12,0,0,0,"29, 29, 29, 29, 29, 29, 29, 29, 29, 29, 29, 29",2026-03-07 17:02:13,"Local pack, Video, Image, Related searches",commercial,Organic
medical marijuana dispensary brisbane,7,0,50,43,0,https://herbly.com.au/pages/north-lakes-dispensary,1,0.12,0,0,118,"27, 27, 27, 36, 27, 36, 100, 100, 81, 81, 63, 36",2026-04-14 21:35:23,"Knowledge panel, Video, Related searches, AI overview",informational,Organic
cannabis store,21,89,1000,49,0,https://herbly.com.au/pages/wollongong-dispensary,1,0.12,0,0,98400000,"18, 18, 24, 18, 16, 16, 18, 16, 16, 18, 18, 18",2026-04-23 08:06:24,"Local pack, Video, Image, Video Carousel, People also ask, Related searches",commercial,Organic
medicinal marijuanas victoria driving,8,0,110,27,31.48,https://herbly.com.au/blogs/latest-medical-articles/can-you-drive-with-thc-or-cbd-in-your-system,1,0.12,31,0.39,355000,"82, 64, 64, 64, 64, 64, 100, 82, 52, 23, 29, 17",2026-04-24 03:02:32,"Sitelinks, Video, Ads bottom, People also ask, Related searches, Discussions and forums, AI overview",informational,People also ask
dispensary adelaide,3,0,40,26,66.21,https://herbly.com.au/pages/adelaide-dispensary,1,0.12,66,0.53,273000,"60, 60, 80, 80, 100, 100, 60, 80, 40, 60, 60, 100",2026-04-15 08:43:58,"Local pack, Video, Image, Related searches",commercial,Organic
fern dispensary,6,0,140,36,3.02,https://herbly.com.au/pages/ipswich-dispensary,1,0.12,3,0.26,199000,"0, 0, 0, 0, 0, 0, 0, 0, 0, 29, 66, 100",2026-04-11 17:03:20,"Knowledge panel, Sitelinks, Video, Image, People also ask, Related searches",navigational,Organic
where can you buy pot,7,7,210,45,5.45,https://herbly.com.au/pages/wollongong-dispensary,1,0.12,5,0.34,212,"81, 65, 65, 53, 81, 100, 81, 53, 65, 65, 81, 65",2026-03-06 12:26:11,"Local pack, Video, Image, People also ask, Popular products, Related searches, Discussions and forums, AI overview",transactional,Organic
period pain remedies,22,22,720,80,1.14,https://herbly.com.au/blogs/women-s-health/top-7-period-pain-remedies-and-the-role-of-cbd-thc,1,0.12,1,0.99,225,"7, 16, 36, 24, 79, 24, 24, 20, 24, 30, 16, 30",2026-03-30 11:07:18,"Image pack, Video, Image, Related searches, AI overview",informational,Organic
dr daku cannashop,6,6,50,0,0,https://herbly.com.au/pages/coffs-harbour-dispensary,1,0.12,0,0,10,"23, 19, 23, 23, 23, 14, 42, 33, 9, 100, 0, 0",2026-03-18 23:49:49,"Related searches, AI overview",informational,Organic
medicinal cannabinoids sunshine coast,1,1,50,13,0,https://herbly.com.au/pages/sunshine-coast-dispensary,1,0.12,0,0.33,262000,"77, 77, 77, 77, 77, 55, 77, 55, 55, 22, 22, 22",2026-03-06 11:52:26,"Local pack, Video, Video Carousel, Related searches, AI overview",informational,AI overview
medicinal cannabinoids sunshine coast,4,4,50,13,0,https://herbly.com.au/pages/sunshine-coast-dispensary,1,0.12,0,0.33,262000,"77, 77, 77, 77, 77, 55, 77, 55, 55, 22, 22, 22",2026-03-06 11:52:26,"Local pack, Video, Video Carousel, Related searches, AI overview",informational,Organic
holistic healing for anxiety,14,0,590,50,0.86,https://herbly.com.au/blogs/news/holistic-treatment-for-anxiety-exploring-alternative-medicine-and-natural-therapies-in-australia,1,0.12,0,1,61100000,"100, 13, 67, 55, 55, 45, 10, 55, 45, 67, 36, 45",2026-04-20 02:59:56,"Related searches, Discussions and forums, AI overview",informational,Organic
alternative medicine in australia,5,5,40,28,44.75,https://herbly.com.au/blogs/latest-medical-articles/how-to-access-alternative-medicine-in-australia-a-step-by-step-guide,1,0.12,44,0.79,0,"14, 35, 14, 14, 100, 14, 64, 50, 14, 14, 14, 14",2026-03-14 05:40:28,"Video, Related searches, AI overview",informational,Organic
cheapest medical marijuanas dispensary near me,7,7,110,39,0,https://herbly.com.au/pages/tweed-heads-dispensary,1,0.12,0,0,3390000,"19, 19, 42, 66, 100, 80, 80, 52, 52, 42, 52, 42",2026-03-31 08:39:56,"Local pack, Video, People also ask, Related searches, Discussions and forums",transactional,Organic
cbd oil sunshine coast,4,4,50,6,0,https://herbly.com.au/pages/sunshine-coast-dispensary,1,0.12,0,0,1250000,"50, 35, 28, 35, 50, 50, 35, 28, 28, 28, 28, 35",2026-03-29 14:54:04,"Local pack, Sitelinks, Video, Related searches, Discussions and forums",commercial,Organic
weed store online,7,0,50,38,0,https://herbly.com.au/pages/grafton-dispensary,1,0.12,0,0,95900000,"2, 2, 0, 2, 2, 29, 29, 2, 2, 2, 29, 2",2026-04-15 11:21:25,"Image, Discussions and forums",commercial,Organic
medical cannabis dispensary brisbane,8,0,50,42,0,https://herbly.com.au/pages/north-lakes-dispensary,1,0.12,0,0,35000,"44, 22, 55, 33, 33, 22, 100, 77, 55, 55, 100, 55",2026-04-14 08:07:12,"Local pack, Video, Image, Related searches",commercial,Organic
buy weed in brisbane,4,0,50,18,0,https://herbly.com.au/pages/north-lakes-dispensary,1,0.12,0,0,5460000,"11, 22, 22, 0, 100, 11, 77, 77, 77, 77, 77, 100",2026-04-26 16:45:38,"Local pack, Sitelinks, Video, People also ask, Related searches, Discussions and forums, AI overview",informational,Organic
buy weed adelaide,7,0,50,29,0,https://herbly.com.au/pages/adelaide-dispensary,1,0.12,0,0,4240000,"9, 9, 9, 9, 9, 9, 63, 81, 63, 81, 100, 100",2026-04-26 16:53:02,"Knowledge panel, Sitelinks",transactional,Organic
marijuana near me,1,0,50,35,0,https://herbly.com.au/pages/ipswich-dispensary,1,0.12,0,0,264000000,"14, 6, 10, 10, 29, 18, 10, 8, 2, 4, 4, 8",2026-04-22 21:53:00,"Knowledge panel, Video, Image, AI overview","informational, transactional",AI overview
marijuana near me,5,0,50,35,0,https://herbly.com.au/pages/caboolture-dispensary,1,0.12,0,0,264000000,"14, 6, 10, 10, 29, 18, 10, 8, 2, 4, 4, 8",2026-04-22 21:53:00,"Knowledge panel, Video, Image, AI overview","informational, transactional",Organic
buy cannabinoids online,13,13,140,49,60.02,https://herbly.com.au/pages/parramatta-dispensary,1,0.12,60,0.05,0,"66, 66, 5, 5, 5, 5, 5, 5, 82, 66, 53, 100",2026-03-09 09:55:05,Video,transactional,Organic
weed dispensary brisbane,6,0,50,16,0,https://herbly.com.au/pages/north-lakes-dispensary,1,0.12,0,0,37200,"28, 21, 7, 50, 7, 0, 28, 50, 50, 64, 64, 50",2026-04-15 03:54:52,"Video, Image, People also ask, Related searches, Discussions and forums, AI overview",informational,Organic
pine dispensary toowoomba,11,18,1000,23,4.54,https://herbly.com.au/pages/toowoomba-dispensary,1,0.12,4,0.08,3630,"0, 0, 11, 84, 100, 100, 100, 52, 37, 46, 37, 37",2026-04-04 07:55:06,"Knowledge panel, Sitelinks, Video, Image, Related searches",navigational,Organic
canna find,3,3,90,43,5.2,https://herbly.com.au/pages/coffs-harbour-dispensary,1,0.12,5,0.23,96,"64, 64, 64, 100, 64, 41, 29, 41, 41, 41, 41, 41",2026-03-26 13:59:04,"Sitelinks, Related searches",navigational,Organic
medicinal marijuanas sunshine coast,3,3,50,8,0,https://herbly.com.au/pages/sunshine-coast-dispensary,1,0.12,0,0,210000,"53, 53, 3, 3, 7, 53, 7, 3, 3, 3, 3, 3",2026-04-05 21:19:02,"Local pack, Video, Related searches",commercial,Organic
releaf caloundra,13,13,1600,20,2.09,https://herbly.com.au/pages/caloundra-dispensary,1,0.12,2,0.08,0,"82, 65, 44, 65, 55, 65, 44, 44, 55, 44, 55, 34",2026-03-06 05:20:26,"Knowledge panel, Video, Image, Related searches","navigational, transactional",Organic
alternative doctors,3,3,40,50,105.59,https://herbly.com.au/pages/plant-medicine-doctors,1,0.12,105,0.5,518000000,"55, 22, 22, 22, 22, 22, 55, 44, 44, 77, 77, 55",2026-03-09 06:05:25,"Local pack, Video, Related searches, Discussions and forums, AI overview",informational,Organic
can you drive with cbd oil in australia,8,8,50,18,0,https://herbly.com.au/blogs/latest-medical-articles/can-you-drive-with-thc-or-cbd-in-your-system,1,0.12,0,0,119,"41, 52, 29, 41, 52, 41, 29, 23, 17, 23, 23, 29",2026-03-13 15:55:35,"Sitelinks, Related searches, AI overview",informational,Organic
high street dispensary newtown,6,16,140,31,2.53,https://herbly.com.au/pages/newtown-dispensary,1,0.12,2,0.07,118000,"18, 18, 81, 100, 23, 8, 6, 8, 0, 5, 5, 1",2026-04-04 03:22:56,"Knowledge panel, Sitelinks, Image, Related searches",navigational,Organic
buy marijuana online australia,38,38,110,28,0,https://herbly.com.au/,0,0,0,0,0,"23, 23, 23, 23, 23, 23, 80, 66, 52, 66, 100, 66",2026-03-11 22:19:18,"Related searches, AI overview",informational,Organic
buy marijuana online australia,48,48,110,28,0,https://herbly.com.au/pages/parramatta-dispensary,0,0,0,0,0,"23, 23, 23, 23, 23, 23, 80, 66, 52, 66, 100, 66",2026-03-11 22:19:18,"Related searches, AI overview",informational,Organic
symptoms of sleeplessness,64,64,1900,92,0,https://herbly.com.au/blogs/news/understanding-insomnia-the-hidden-struggles-of-sleep,0,0,0,0.24,0,"100, 65, 100, 81, 81, 81, 3, 54, 0, 0, 0, 0",2026-03-06 17:58:20,"Video, Image, Video Carousel, Related searches, Discussions and forums, AI overview",informational,Organic
symptoms of sleeplessness,70,64,1900,92,0,https://herbly.com.au/blogs/news/understanding-insomnia-the-hidden-struggles-of-sleep,0,0,0,0.24,0,"100, 65, 100, 81, 81, 81, 3, 54, 0, 0, 0, 0",2026-03-06 17:58:20,"Video, Image, Video Carousel, Related searches, Discussions and forums, AI overview",informational,Organic
where to buy medical cannabis,55,0,50,50,0,https://herbly.com.au/pages/newtown-dispensary,0,0,0,0.03,88000000,"18, 18, 18, 18, 100, 63, 63, 63, 63, 45, 81, 81",2026-04-29 08:58:31,"Local pack, Video, People also ask, Related searches, Discussions and forums",transactional,Organic
chemist in dubbo,54,54,70,19,0.2,https://herbly.com.au/pages/dubbo-dispensary,0,0,0,0.27,136000,"42, 33, 33, 23, 33, 42, 52, 33, 33, 33, 33, 42",2026-03-29 19:17:22,"Local pack, Sitelinks, Image, Related searches",commercial,Organic
chemist in dubbo,68,54,70,19,0.2,https://herbly.com.au/pages/dubbo-dispensary,0,0,0,0.27,136000,"42, 33, 33, 23, 33, 42, 52, 33, 33, 33, 33, 42",2026-03-29 19:17:22,"Local pack, Sitelinks, Image, Related searches",commercial,Organic
what causes ptsd,74,74,140,69,0,https://herbly.com.au/blogs/news/understanding-ptsd-who-it-affects-causes-and-treatments,0,0,0,0,0,"66, 66, 66, 66, 66, 66, 66, 80, 80, 80, 80, 66",2026-03-14 23:24:32,"Sitelinks, Video, Related searches, AI overview",informational,Organic
byron happy herbs,26,0,170,20,0,https://herbly.com.au/pages/byron-bay-dispensary,0,0,0,0.04,815000,"53, 43, 35, 53, 43, 43, 35, 66, 35, 28, 53, 100",2026-04-16 10:00:34,"Knowledge panel, Video, Image, Related searches","informational, transactional",Organic
endocanabinoid system,43,0,50,66,0,https://herbly.com.au/blogs/latest-medical-articles/understanding-the-endocannabinoid-system,0,0,0,0,2610000,"0, 19, 19, 19, 26, 7, 26, 0, 15, 100, 7, 0",2026-04-13 17:22:03,"Image pack, Video, Video Carousel, Related searches, AI overview",informational,Organic
holistic cures for insomnia,1,1,170,68,0.53,https://herbly.com.au/blogs/news/insomnia-therapies-and-treatments-conventional-alternative-and-holistic-approaches,0,0,0,0.91,1200000,"80, 80, 42, 100, 80, 53, 42, 42, 80, 53, 42, 34",2026-03-10 08:01:37,"Sitelinks, Image, Related searches, Discussions and forums, AI overview",informational,AI overview
holistic cures for insomnia,35,35,170,68,0.53,https://herbly.com.au/blogs/news/insomnia-therapies-and-treatments-conventional-alternative-and-holistic-approaches,0,0,0,0.91,1200000,"80, 80, 42, 100, 80, 53, 42, 42, 80, 53, 42, 34",2026-03-10 08:01:37,"Sitelinks, Image, Related searches, Discussions and forums, AI overview",informational,Organic
audhder,93,0,50,77,0,https://herbly.com.au/blogs/news/what-is-adhd,0,0,0,0.04,133,"0, 0, 2, 2, 0, 0, 2, 3, 0, 0, 0, 0",2026-04-18 21:45:57,"Image pack, Video, Related searches, AI overview",informational,Organic
medical cannabis prescription sydney,70,70,90,8,0,https://herbly.com.au/pages/penrith-dispensary,0,0,0,0,138,"64, 7, 50, 100, 100",2026-03-17 07:37:49,"Video, Related searches, Discussions and forums, AI overview",informational,Organic
how to apply for medical weed,75,0,90,50,68.29,https://herbly.com.au/pages/patient-information-for-medicinal-cannabis-treatment,0,0,0,0.42,84000000,"81, 63, 100, 81, 81, 63, 63, 81, 63, 63, 63, 63",2026-04-29 02:49:18,"Sitelinks, Video, Ads bottom, People also ask, Related searches, Discussions and forums, AI overview",informational,Organic
medical marijuana consultation,100,0,50,49,0,https://herbly.com.au/pages/bunbury-dispensary,0,0,0,0,11100000,"27, 18, 18, 18, 18, 36, 45, 63, 100, 81, 63, 81",2026-04-14 22:12:40,"Knowledge panel, Video, People also ask, Related searches",informational,Organic
green life loganholme,67,67,170,27,1.64,https://herbly.com.au/pages/logan-dispensary,0,0,0,0.36,0,"53, 66, 100, 82, 43, 0, 35, 35, 28, 28, 53, 53",2026-03-14 19:13:13,"Knowledge panel, Sitelinks, Video, Image, Video Carousel, Related searches, Short videos","informational, navigational",Organic
medical marijuana pharmacy near me,50,0,50,31,0,https://herbly.com.au/pages/newtown-dispensary,0,0,0,0,21900000,"3, 0, 0, 0, 3, 3, 15, 19, 26, 26, 100, 26",2026-04-29 14:56:31,"Local pack, Video, Image, People also ask, Related searches, AI overview","informational, transactional",Organic
medical marijuana pharmacy near me,57,0,50,31,0,https://herbly.com.au/pages/wollongong-dispensary,0,0,0,0,21900000,"3, 0, 0, 0, 3, 3, 15, 19, 26, 26, 100, 26",2026-04-29 14:56:31,"Local pack, Video, Image, People also ask, Related searches, AI overview","informational, transactional",Organic
medical marijuana pharmacy near me,73,0,50,31,0,https://herbly.com.au/pages/newtown-dispensary,0,0,0,0,21900000,"3, 0, 0, 0, 3, 3, 15, 19, 26, 26, 100, 26",2026-04-29 14:56:31,"Local pack, Video, Image, People also ask, Related searches, AI overview","informational, transactional",Organic
medical marijuana pharmacy near me,89,0,50,31,0,https://herbly.com.au/pages/blacktown-dispensary,0,0,0,0,21900000,"3, 0, 0, 0, 3, 3, 15, 19, 26, 26, 100, 26",2026-04-29 14:56:31,"Local pack, Video, Image, People also ask, Related searches, AI overview","informational, transactional",Organic
medicinal cannabis sydney,41,41,110,21,0,https://herbly.com.au/pages/newtown-dispensary,0,0,0,0,0,"29, 29, 29, 29, 29, 23, 100, 82, 82, 100, 82, 82",2026-03-09 08:18:56,"Local pack, Video, Related searches, Discussions and forums, AI overview",informational,Organic
medicinal cannabis sydney,64,64,110,21,0,https://herbly.com.au/pages/parramatta-dispensary,0,0,0,0,0,"29, 29, 29, 29, 29, 23, 100, 82, 82, 100, 82, 82",2026-03-09 08:18:56,"Local pack, Video, Related searches, Discussions and forums, AI overview",informational,Organic
alternative pain management,18,0,50,,0,https://herbly.com.au/blogs/latest-medical-articles/is-alternative-medicine-right-for-chronic-pain,0,0,0,0,131,"7, 100, 100, 7, 7, 7, 7, 14, 100, 7, 14, 7",2026-04-13 02:55:31,"Video, Related searches, AI overview",informational,Organic
alternative pain management,36,0,50,,0,https://herbly.com.au/blogs/latest-medical-articles/is-alternative-medicine-right-for-chronic-pain,0,0,0,0,131,"7, 100, 100, 7, 7, 7, 7, 14, 100, 7, 14, 7",2026-04-13 02:55:31,"Video, Related searches, AI overview",informational,Organic
medical marijuana dispensary brisbane,65,0,50,43,0,https://herbly.com.au/pages/redland-bay-dispensary,0,0,0,0,118,"27, 27, 27, 36, 27, 36, 100, 100, 81, 81, 63, 36",2026-04-14 21:35:23,"Knowledge panel, Video, Related searches, AI overview",informational,Organic
medical marijuana dispensary brisbane,97,0,50,43,0,https://herbly.com.au/pages/mackay-dispensary,0,0,0,0,118,"27, 27, 27, 36, 27, 36, 100, 100, 81, 81, 63, 36",2026-04-14 21:35:23,"Knowledge panel, Video, Related searches, AI overview",informational,Organic
alternative medicine for hot flushes,25,0,90,29,0.49,https://herbly.com.au/blogs/women-s-health/women-turning-to-alternative-medicine-for-relief-of-menopause-symptoms,0,0,0,1,77900000,"100, 100, 81, 81, 63, 45, 63, 81, 63, 63, 63, 63",2026-04-23 23:10:19,"Sitelinks, Image, People also ask, Related searches, AI overview",informational,Organic
natural solutions shepparton,16,29,140,23,0,https://herbly.com.au/pages/shepparton-dispensary,0,0,0,0.01,252000,"66, 52, 66, 80, 80, 66, 66, 66, 52, 52, 66, 52",2026-04-24 09:50:20,"Knowledge panel, Sitelinks, Video, Image, Related searches","informational, transactional",Organic
murwillumbah pharmacy,28,28,70,13,0,https://herbly.com.au/pages/murwillumbah-dispensary,0,0,0,0.05,0,"42, 33, 33, 42, 33, 42, 23, 33, 23, 33, 33, 33",2026-03-12 16:31:30,"Local pack, Video, Image, Related searches",commercial,Organic
green life toowoomba,48,48,720,18,1.54,https://herbly.com.au/pages/toowoomba-dispensary,0,0,0,0.26,15400000,"88, 59, 17, 72, 48, 59, 88, 88, 59, 59, 100, 88",2026-03-28 14:13:21,"Knowledge panel, Sitelinks, Video, Image, Related searches, Short videos","informational, transactional",Organic
weed sydney,26,0,70,28,0,https://herbly.com.au/pages/newtown-dispensary,0,0,0,0,18500000,"29, 2, 2, 2, 2, 4, 14, 14, 29, 29, 35, 29",2026-04-12 11:12:49,"Sitelinks, Video, People also ask, Related searches, Discussions and forums",informational,Organic
dispensary brisbane,13,13,170,44,72.49,https://herbly.com.au/pages/north-lakes-dispensary,0,0,0,0.53,321000,"100, 80, 80, 80, 100, 66, 80, 66, 66, 80, 80, 66",2026-03-30 14:04:53,"Local pack, Sitelinks, Video, Image, Related searches",commercial,Organic
dispensaries,20,0,390,50,0,https://herbly.com.au/pages/toowoomba-dispensary,0,0,0,0,30400000,"30, 10, 100, 76, 10, 13, 13, 16, 16, 16, 13, 16",2026-04-25 08:45:32,"Local pack, Video, Image, Video Carousel, People also ask, Related searches",commercial,Organic
dispensaries,47,0,390,50,0,https://herbly.com.au/pages/maryborough-dispensary,0,0,0,0,30400000,"30, 10, 100, 76, 10, 13, 13, 16, 16, 16, 13, 16",2026-04-25 08:45:32,"Local pack, Video, Image, Video Carousel, People also ask, Related searches",commercial,Organic
dispensaries,49,0,390,50,0,https://herbly.com.au/pages/maryborough-dispensary,0,0,0,0,30400000,"30, 10, 100, 76, 10, 13, 13, 16, 16, 16, 13, 16",2026-04-25 08:45:32,"Local pack, Video, Image, Video Carousel, People also ask, Related searches",commercial,Organic
dispensaries,79,0,390,50,0,https://herbly.com.au/pages/armidale-dispensary,0,0,0,0,30400000,"30, 10, 100, 76, 10, 13, 13, 16, 16, 16, 13, 16",2026-04-25 08:45:32,"Local pack, Video, Image, Video Carousel, People also ask, Related searches",commercial,Organic
holistic medicine for menopause,75,0,170,32,0.63,https://herbly.com.au/blogs/women-s-health/women-turning-to-alternative-medicine-for-relief-of-menopause-symptoms,0,0,0,1,33700000,"81, 53, 53, 53, 81, 53, 53, 65, 28, 34, 53, 53",2026-04-29 22:07:18,"Image, People also ask, Related searches, AI overview",informational,Organic
mmj clinic near me,57,57,90,40,88.29,https://herbly.com.au/pages/mandurah-dispensary,0,0,0,0.05,111,"42, 33, 42, 52, 42, 100, 33, 42, 33, 52, 33, 42",2026-03-11 21:42:34,"Knowledge panel, Image, Related searches, AI overview","informational, transactional",Organic
mmj clinic near me,91,91,90,40,88.29,https://herbly.com.au/pages/penrith-dispensary,0,0,0,0.05,111,"42, 33, 42, 52, 42, 100, 33, 42, 33, 52, 33, 42",2026-03-11 21:42:34,"Knowledge panel, Image, Related searches, AI overview","informational, transactional",Organic
online cannabis prescription,85,85,210,47,0,https://herbly.com.au/pages/townsville-dispensary,0,0,0,0,0,"65, 81, 53, 65, 65, 53, 65, 34, 53, 43, 65, 100",2026-03-07 21:04:40,"Video, Related searches, AI overview",commercial,Organic
cannabis dispensary,15,15,260,36,0,https://herbly.com.au/pages/ipswich-dispensary,0,0,0,0,0,"20, 16, 20, 20, 20, 13, 24, 24, 20, 16, 16, 16",2026-03-15 18:34:41,"Local pack, Video, Image, Video Carousel, Related searches, See results about",commercial,Organic
cannabis dispensary,23,15,260,36,0,https://herbly.com.au/pages/ipswich-dispensary,0,0,0,0,0,"20, 16, 20, 20, 20, 13, 24, 24, 20, 16, 16, 16",2026-03-15 18:34:41,"Local pack, Video, Image, Video Carousel, Related searches, See results about",commercial,Organic
cannabis dispensary,54,54,260,36,0,https://herbly.com.au/pages/toowoomba-dispensary,0,0,0,0,0,"20, 16, 20, 20, 20, 13, 24, 24, 20, 16, 16, 16",2026-03-15 18:34:41,"Local pack, Video, Image, Video Carousel, Related searches, See results about",commercial,Organic
cannabis dispensary,75,75,260,36,0,https://herbly.com.au/pages/bendigo-dispensary,0,0,0,0,0,"20, 16, 20, 20, 20, 13, 24, 24, 20, 16, 16, 16",2026-03-15 18:34:41,"Local pack, Video, Image, Video Carousel, Related searches, See results about",commercial,Organic
how to relieve period bloating,76,0,90,44,0,https://herbly.com.au/blogs/women-s-health/bloating-and-menstruation-can-cbd-provide-relief,0,0,0,0.26,36900000,"64, 64, 64, 64, 64, 50, 50, 50, 78, 78, 64, 64",2026-04-19 18:50:30,"Video, Image, Related searches, Discussions and forums, AI overview",informational,Organic
weed dispensary,13,13,210,47,0,https://herbly.com.au/pages/coffs-harbour-dispensary,0,0,0,0,0,"19, 19, 36, 29, 36, 36, 29, 19, 15, 23, 19, 23",2026-03-17 20:11:01,"Video, Image, Related searches, See results about, Discussions and forums, AI overview",informational,Organic
weed dispensary,58,58,210,47,0,https://herbly.com.au/pages/morayfield-dispensary,0,0,0,0,0,"19, 19, 36, 29, 36, 36, 29, 19, 15, 23, 19, 23",2026-03-17 20:11:01,"Video, Image, Related searches, See results about, Discussions and forums, AI overview",informational,Organic
weed dispensary,87,58,210,47,0,https://herbly.com.au/pages/morayfield-dispensary,0,0,0,0,0,"19, 19, 36, 29, 36, 36, 29, 19, 15, 23, 19, 23",2026-03-17 20:11:01,"Video, Image, Related searches, See results about, Discussions and forums, AI overview",informational,Organic
medical weed sydney,23,0,50,31,0,https://herbly.com.au/pages/newtown-dispensary,0,0,0,0,3600000,"33, 44, 55, 55, 33, 11, 55, 77, 77, 100, 100, 77",2026-04-14 07:56:44,"Video, People also ask, Related searches, Discussions and forums, AI overview",informational,Organic
where to get medical marijuanas,48,48,90,55,27.41,https://herbly.com.au/pages/parramatta-dispensary,0,0,0,0.28,0,"50, 78, 78, 78, 100, 64, 50, 64, 50, 50, 50, 35",2026-03-11 21:35:26,"Local pack, Video",informational,Organic
where to get medical marijuanas,64,64,90,55,27.41,https://herbly.com.au/pages/mandurah-dispensary,0,0,0,0.28,0,"50, 78, 78, 78, 100, 64, 50, 64, 50, 50, 50, 35",2026-03-11 21:35:26,"Local pack, Video",informational,Organic
chemists bunbury,95,0,110,13,0.16,https://herbly.com.au/pages/bunbury-dispensary,0,0,0,0.29,52000,"15, 15, 28, 15, 18, 23, 15, 15, 15, 15, 18, 18",2026-04-25 16:40:09,"Local pack, Sitelinks, Video, Image, Related searches",commercial,Organic
cbd oil gold coast,64,0,140,23,0,https://herbly.com.au/pages/coolangatta-dispensary,0,0,0,0,4930000,"5, 5, 5, 5, 6, 6, 10, 13, 13, 10, 10, 10",2026-04-01 14:11:55,"Knowledge panel, Sitelinks, Video, Related searches, AI overview",informational,Organic
herbal remedies for anxiety,53,57,110,57,0.68,https://herbly.com.au/blogs/news/holistic-treatment-for-anxiety-exploring-alternative-medicine-and-natural-therapies-in-australia,0,0,0,0.99,160000000,"52, 52, 52, 33, 52, 42, 52, 52, 52, 52, 52, 52",2026-04-26 12:41:56,"Sitelinks, Image, People also ask, Related searches, Discussions and forums, AI overview",informational,Organic
releaf noosa,23,23,90,13,0,https://herbly.com.au/pages/noosa-dispensary,0,0,0,0.03,68,"29, 15, 12, 10, 10, 4, 5, 5, 3, 4, 4, 2",2026-03-25 19:16:09,"Video, People also ask, Related searches","informational, transactional",Organic
releaf noosa,52,52,90,13,0,https://herbly.com.au/pages/sunshine-coast-dispensary,0,0,0,0.03,68,"29, 15, 12, 10, 10, 4, 5, 5, 3, 4, 4, 2",2026-03-25 19:16:09,"Video, People also ask, Related searches","informational, transactional",Organic
cbd byron bay,33,33,40,39,2.72,https://herbly.com.au/pages/byron-bay-dispensary,0,0,0,0.2,0,"100, 33, 55, 77, 55, 22, 55, 44, 44, 44, 55, 11",2026-03-14 04:51:27,"Sitelinks, Image, Related searches",commercial,Organic
endocannibinoids,35,0,50,,0,https://herbly.com.au/blogs/latest-medical-articles/understanding-the-endocannabinoid-system,0,0,0,0,3180000,"0, 0, 1, 3, 0, 0, 0, 0, 100, 0, 0, 0",2026-04-13 17:14:25,"Image pack, Sitelinks, Video, People also ask, Related searches, AI overview",informational,Organic
wildleaf cairns,30,0,50,18,4.24,https://herbly.com.au/pages/cairns-dispensary,0,0,0,0.09,3540,"35, 28, 21, 28, 50, 35, 35, 50, 50, 50, 50, 64",2026-04-17 12:11:20,"Knowledge panel, Sitelinks, Video, Image, Related searches",navigational,Organic
alternative therapies for ulcerative colitis,74,74,70,36,0.83,https://herbly.com.au/blogs/news/natural-treatments-for-ulcerative-colitis,0,0,0,0.96,0,"42, 33, 52, 33, 42, 33, 19, 33, 42, 33, 42, 33",2026-03-10 08:47:07,"Image, Related searches, AI overview",informational,Organic
wildleaf dispensary cairns,18,19,480,30,2.72,https://herbly.com.au/pages/cairns-dispensary,0,0,0,0.05,86,"66, 54, 81, 100, 81, 81, 100, 100, 81, 100, 100, 100",2026-04-01 00:50:24,"Knowledge panel, Sitelinks, Video, Related searches",navigational,Organic
the dispensary bendigo,17,0,590,35,0,https://herbly.com.au/pages/bendigo-dispensary,0,0,0,0,33100,"0, 36, 36, 55, 62, 81, 55, 30, 30, 30, 24, 24",2026-04-20 16:34:48,"Knowledge panel, Sitelinks, Image, Related searches",navigational,Organic
natural ways to cure menstrual cramps,38,38,70,67,0.29,https://herbly.com.au/blogs/women-s-health/top-7-period-pain-remedies-and-the-role-of-cbd-thc,0,0,0,0.46,0,"11, 11, 11, 11, 11, 64, 64, 64, 100, 41, 41, 23",2026-03-16 08:46:20,"Image, Popular products, Related searches, AI overview","commercial, informational",Organic
natural ways to cure menstrual cramps,79,79,70,67,0.29,https://herbly.com.au/blogs/women-s-health/cbd-and-thc-for-period-pain-natural-ways-to-relieve-menstrual-cramps,0,0,0,0.46,0,"11, 11, 11, 11, 11, 64, 64, 64, 100, 41, 41, 23",2026-03-16 08:46:20,"Image, Popular products, Related searches, AI overview","commercial, informational",Organic
mode healthcare bunbury,50,0,70,16,0,https://herbly.com.au/pages/bunbury-dispensary,0,0,0,0.33,75,"50, 50, 50, 50, 50, 50, 64, 50, 50, 50, 14, 14",2026-04-27 03:21:39,"Knowledge panel, Related searches",navigational,Organic
medical marijuanas clinic near me,71,0,40,31,88.29,https://herbly.com.au/pages/mandurah-dispensary,0,0,0,0.05,80500000,"0, 0, 0, 0, 0, 0, 63, 81, 63, 100, 63, 81",2026-04-15 16:54:40,"Local pack, Video, Related searches","informational, transactional",Organic
buy weed brisbane,57,57,90,40,0,https://herbly.com.au/pages/brisbane-dispensary,0,0,0,0,6400000,"64, 64, 64, 52, 41, 29, 64, 64, 100, 41, 52, 52",2026-03-28 02:28:17,"Sitelinks, Video, People also ask, Related searches, Discussions and forums",transactional,Organic
medical marijuana dispensary,15,15,140,52,0,https://herbly.com.au/pages/wollongong-dispensary,0,0,0,0,0,"29, 29, 29, 29, 29, 29, 29, 22, 29, 29, 29, 29",2026-03-07 17:02:07,"Knowledge panel, Video, Image, AI overview",informational,Organic
medical marijuana dispensary,39,39,140,52,0,https://herbly.com.au/pages/bendigo-dispensary,0,0,0,0,0,"29, 29, 29, 29, 29, 29, 29, 22, 29, 29, 29, 29",2026-03-07 17:02:07,"Knowledge panel, Video, Image, AI overview",informational,Organic
medical marijuana dispensary,69,69,140,52,0,https://herbly.com.au/pages/penrith-dispensary,0,0,0,0,0,"29, 29, 29, 29, 29, 29, 29, 22, 29, 29, 29, 29",2026-03-07 17:02:07,"Knowledge panel, Video, Image, AI overview",informational,Organic
medical marijuana dispensary,71,71,140,52,0,https://herbly.com.au/pages/newtown-dispensary,0,0,0,0,0,"29, 29, 29, 29, 29, 29, 29, 22, 29, 29, 29, 29",2026-03-07 17:02:07,"Knowledge panel, Video, Image, AI overview",informational,Organic
sleeping insomnia,48,0,50,,0.54,https://herbly.com.au/blogs/news/understanding-insomnia-the-hidden-struggles-of-sleep,0,0,0,0.19,236000000,"71, 28, 57, 71, 57, 57, 100, 71, 71, 71, 71, 42",2026-04-16 00:49:41,"Video, Image, Related searches, Discussions and forums, AI overview",informational,Organic
sleeping insomnia,83,0,50,,0.54,https://herbly.com.au/blogs/news/understanding-insomnia-the-hidden-struggles-of-sleep,0,0,0,0.19,236000000,"71, 28, 57, 71, 57, 57, 100, 71, 71, 71, 71, 42",2026-04-16 00:49:41,"Video, Image, Related searches, Discussions and forums, AI overview",informational,Organic
releaf caloundra reviews,11,12,70,14,1.82,https://herbly.com.au/pages/caloundra-dispensary,0,0,0,0.04,359,"63, 63, 63, 81, 63, 81, 81, 100, 45, 63, 27, 63",2026-04-21 11:47:26,"Knowledge panel, Sitelinks, Video, People also ask, Related searches, AI overview",commercial,Organic
natural treatment for uc,34,40,70,33,0.83,https://herbly.com.au/blogs/news/natural-treatments-for-ulcerative-colitis,0,0,0,0.96,66200000,"63, 63, 81, 81, 63, 63, 36, 81, 63, 63, 81, 63",2026-04-20 20:45:47,"People also ask, Discussions and forums, AI overview",informational,Organic
can you drive with medical marijuanas nsw,1,0,40,37,54.1,https://herbly.com.au/blogs/latest-medical-articles/can-you-drive-with-thc-or-cbd-in-your-system,0,0,0,0.12,513000,"29, 29, 41, 41, 17, 23, 11, 11, 29, 23, 41, 11",2026-04-28 14:57:13,"Video, Video Carousel, People also ask, Related searches, AI overview",informational,People also ask
hi life dispensary,39,39,50,41,0,https://herbly.com.au/pages/springfield-lakes-dispensary,0,0,0,0,2650000,"35, 35, 35, 64, 35, 21, 50, 78, 100, 14, 14, 14",2026-03-27 21:05:21,"Knowledge panel, Video, Image, Related searches",informational,Organic
24 hour pharmacy caloundra,53,53,110,17,0,https://herbly.com.au/pages/caloundra-dispensary,0,0,0,0.01,13400,"52, 52, 33, 66, 52, 66, 52, 52, 33, 66, 52, 100",2026-03-13 09:39:13,"Sitelinks, Image, Related searches, AI overview",informational,Organic
dispensaries melbourne,61,67,50,39,45.71,https://herbly.com.au/pages/melbourne-dispensary,0,0,0,0.46,255000,"64, 14, 28, 28, 78, 21, 21, 28, 21, 28, 21, 28",2026-04-08 23:51:59,"Local pack, Video, Image, Related searches",commercial,Organic
mi dispensary,43,0,90,27,4.77,https://herbly.com.au/pages/tamworth-dispensary,0,0,0,0.48,5410000,"64, 23, 64, 17, 23, 64, 64, 64, 52, 64, 82, 100",2026-04-24 19:41:04,"Knowledge panel, Sitelinks, Image, People also ask, Related searches",navigational,Organic
mi dispensary,52,0,90,27,4.77,https://herbly.com.au/pages/tamworth-dispensary,0,0,0,0.48,5410000,"64, 23, 64, 17, 23, 64, 64, 64, 52, 64, 82, 100",2026-04-24 19:41:04,"Knowledge panel, Sitelinks, Image, People also ask, Related searches",navigational,Organic
releaf clinic caloundra,16,12,50,16,2.66,https://herbly.com.au/pages/caloundra-dispensary,0,0,0,0.5,586,"81, 45, 18, 18, 18, 18, 18, 100, 18, 18, 100, 100",2026-04-29 00:11:19,"Knowledge panel, Video, Image, People also ask, Related searches","navigational, transactional",Organic
sciatica treatments and cures,82,0,140,51,0.46,https://herbly.com.au/blogs/news/sciatica-therapies-and-treatment-exploring-conventional-alternative-and-natural-options,0,0,0,0.57,22400000,"100, 82, 100, 100, 82, 64, 100, 100, 52, 64, 82, 100",2026-04-23 18:56:18,"Video, Image, Video Carousel, People also ask, Related searches, AI overview",informational,Organic
buying medical weed online,15,40,40,39,41.92,https://herbly.com.au/pages/newtown-dispensary,0,0,0,0.23,71100000,"81, 63, 18, 45, 81, 81, 18, 18, 18, 18, 18, 18",2026-04-19 20:31:22,"Video, Related searches, Discussions and forums",informational,Organic
buying medical weed online,37,40,40,39,41.92,https://herbly.com.au/pages/newtown-dispensary,0,0,0,0.23,71100000,"81, 63, 18, 45, 81, 81, 18, 18, 18, 18, 18, 18",2026-04-19 20:31:22,"Video, Related searches, Discussions and forums",informational,Organic
buying medical weed online,78,0,40,39,41.92,https://herbly.com.au/pages/gympie-dispensary,0,0,0,0.23,71100000,"81, 63, 18, 45, 81, 81, 18, 18, 18, 18, 18, 18",2026-04-19 20:31:22,"Video, Related searches, Discussions and forums",informational,Organic
buying weed online australia,78,0,50,50,0,https://herbly.com.au/pages/parramatta-dispensary,0,0,0,0,38000000,"0, 9, 18, 9, 18, 9, 63, 63, 81, 81, 100, 100",2026-04-26 16:50:28,"Video, People also ask, Related searches",transactional,Organic
medical marijuanas nsw driving test,1,0,70,46,5.71,https://herbly.com.au/blogs/latest-medical-articles/can-you-drive-with-thc-or-cbd-in-your-system,0,0,0,0.1,316000,"45, 45, 45, 63, 81, 63, 100, 63, 45, 63, 63, 36",2026-04-24 18:01:05,"Sitelinks, Video, Video Carousel, People also ask, Related searches, AI overview",informational,People also ask
cannabis pharmacy near me,74,74,320,41,73.88,https://herbly.com.au/pages/newtown-dispensary,0,0,0,0.05,113,"100, 66, 100, 54, 66, 66, 66, 81, 54, 66, 66, 66",2026-03-29 00:38:32,"Local pack, Image, Related searches",transactional,Organic
cannabis clinic near me,39,39,140,39,0,https://herbly.com.au/pages/morayfield-dispensary,0,0,0,0,0,"100, 100, 100, 100, 100, 100, 100, 78, 100, 100, 100, 100",2026-03-16 01:43:30,"Local pack, Video, Image, Related searches",transactional,Organic
dispensary bentleigh,53,0,40,28,62.33,https://herbly.com.au/,0,0,0,0.6,3500,"100, 100, 60, 60, 60, 80, 60, 80, 60, 80, 60, 60",2026-04-15 23:15:26,"Local pack, Sitelinks, Video, Image, Ads bottom, Related searches",navigational,Organic
dispensary bentleigh,65,0,40,28,62.33,https://herbly.com.au/pages/newtown-dispensary,0,0,0,0.6,3500,"100, 100, 60, 60, 60, 80, 60, 80, 60, 80, 60, 60",2026-04-15 23:15:26,"Local pack, Sitelinks, Video, Image, Ads bottom, Related searches",navigational,Organic
dispensary bentleigh,76,0,40,28,62.33,https://herbly.com.au/pages/ipswich-dispensary,0,0,0,0.6,3500,"100, 100, 60, 60, 60, 80, 60, 80, 60, 80, 60, 60",2026-04-15 23:15:26,"Local pack, Sitelinks, Video, Image, Ads bottom, Related searches",navigational,Organic
dispensed australia strains,44,0,90,22,0,https://herbly.com.au/pages/townsville-dispensary,0,0,0,0,345000,"34, 21, 21, 21, 28, 28, 28, 21, 28, 21, 34, 53",2026-04-28 22:45:24,"Image pack, Sitelinks, People also ask, Related searches, AI overview",informational,Organic
trouble falling asleep,68,68,110,86,0.6,https://herbly.com.au/blogs/news/understanding-insomnia-the-hidden-struggles-of-sleep,0,0,0,0.52,49900000,"100, 52, 66, 66, 42, 52, 52, 52, 42, 42, 52, 33",2026-03-07 10:17:06,"Video, Image, Related searches, Discussions and forums, AI overview",informational,Organic
how to get medical marijuanas qld,60,60,110,47,43.33,https://herbly.com.au/pages/sunshine-coast-dispensary,0,0,0,0.75,1110000,"64, 11, 64, 64, 100, 64, 100, 100, 52, 52, 41, 41",2026-03-31 02:15:23,"Video, Related searches, Discussions and forums, AI overview",informational,Organic
how to get medical marijuanas qld,96,60,110,47,43.33,https://herbly.com.au/pages/sunshine-coast-dispensary,0,0,0,0.75,1110000,"64, 11, 64, 64, 100, 64, 100, 100, 52, 52, 41, 41",2026-03-31 02:15:23,"Video, Related searches, Discussions and forums, AI overview",informational,Organic
port lincoln pharmacy,74,74,70,18,0.09,https://herbly.com.au/pages/port-lincoln-dispensary,0,0,0,0.31,4720000,"50, 21, 78, 78, 50, 35, 35, 21, 14, 35, 28, 50",2026-03-24 22:48:40,"Local pack, Sitelinks, Image, Related searches",commercial,Organic
natural medicine doctors,7,0,40,50,1.78,https://herbly.com.au/pages/plant-medicine-doctors,0,0,0,0.24,579000000,"11, 55, 44, 55, 77, 44, 55, 55, 33, 44, 55, 22",2026-04-06 02:43:32,"Local pack, Video, People also ask, Related searches",commercial,Organic
cure to sleeplessness,86,0,90,83,0.72,https://herbly.com.au/blogs/news/insomnia-therapies-and-treatments-conventional-alternative-and-holistic-approaches,0,0,0,0.75,19400000,"100, 65, 80, 65, 65, 53, 0, 0, 0, 0, 0, 0",2026-04-25 13:05:26,"Video, Image, People also ask, Related searches, AI overview",informational,Organic
naturopathic pain,39,0,1600,22,0,https://herbly.com.au/blogs/news/a-comprehensive-guide-to-holistic-therapies-and-treatments-for-chronic-pain,0,0,0,0,128,"54, 65, 100, 100, 100, 0, 3, 0, 0, 0, 0, 0",2026-04-23 02:03:37,"Video, People also ask, Related searches, AI overview",informational,Organic
naturopathic pain,57,0,1600,22,0,https://herbly.com.au/blogs/news/a-comprehensive-guide-to-holistic-therapies-and-treatments-for-chronic-pain,0,0,0,0,128,"54, 65, 100, 100, 100, 0, 3, 0, 0, 0, 0, 0",2026-04-23 02:03:37,"Video, People also ask, Related searches, AI overview",informational,Organic
how to get arthritis,57,57,170,83,0.28,https://herbly.com.au/blogs/news/understanding-arthritis-causes-impacts-and-treatments,0,0,0,0.1,88600000,"66, 52, 80, 80, 100, 100, 100, 100, 66, 80, 42, 52",2026-03-10 22:54:29,"Video, Image, Video Carousel, AI overview",informational,Organic
cannabis pen,50,50,50,21,0,https://herbly.com.au/pages/patient-information-for-medicinal-cannabis-treatment,0,0,0,0,217,"14, 14, 100, 100, 28, 21, 21, 21, 14, 28, 21, 14",2026-03-13 06:55:46,"Video, Image, Popular products, AI overview","commercial, informational",Organic
natural ms cures,36,36,70,31,0.3,https://herbly.com.au/blogs/news/understanding-multiple-sclerosis,0,0,0,0.37,223,"41, 41, 41, 41, 41, 41, 23, 23, 41, 23, 41, 64",2026-03-28 22:43:27,"Sitelinks, Image, Discussions and forums, AI overview",informational,Organic
natural ms cures,49,36,70,31,0.3,https://herbly.com.au/blogs/news/understanding-multiple-sclerosis,0,0,0,0.37,223,"41, 41, 41, 41, 41, 41, 23, 23, 41, 23, 41, 64",2026-03-28 22:43:27,"Sitelinks, Image, Discussions and forums, AI overview",informational,Organic
how to get prescribed cannabinoids,71,0,170,54,44.78,https://herbly.com.au/pages/patient-information-for-medicinal-cannabis-treatment,0,0,0,0.58,6120000,"100, 26, 19, 53, 80, 100, 65, 100, 80, 53, 80, 80",2026-04-29 03:04:32,"Sitelinks, Video, People also ask, Related searches, Discussions and forums, Ads middle, AI overview",informational,Organic
canna clinic near me,70,70,110,35,0,https://herbly.com.au/pages/mandurah-dispensary,0,0,0,0.01,1450000,"50, 78, 78, 78, 100, 50, 50, 100, 50, 78, 78, 64",2026-03-20 13:06:42,"Knowledge panel, Video, Image, Related searches","informational, transactional",Organic
canna clinic near me,84,70,110,35,0,https://herbly.com.au/pages/mandurah-dispensary,0,0,0,0.01,1450000,"50, 78, 78, 78, 100, 50, 50, 100, 50, 78, 78, 64",2026-03-20 13:06:42,"Knowledge panel, Video, Image, Related searches","informational, transactional",Organic
medicinal cannabis brisbane,29,0,320,55,0,https://herbly.com.au/pages/north-lakes-dispensary,0,0,0,0.01,1080000,"54, 36, 36, 29, 29, 36, 29, 29, 36, 29, 29, 23",2026-04-08 21:57:02,"Local pack, Sitelinks, Video, Related searches, Discussions and forums, AI overview",informational,Organic
natural treatments for colitis,34,0,70,34,0.83,https://herbly.com.au/blogs/news/natural-treatments-for-ulcerative-colitis,0,0,0,0.96,126,"77, 77, 100, 100, 77, 77, 44, 100, 77, 77, 100, 77",2026-04-07 20:29:44,"Image, People also ask, Discussions and forums, AI overview",informational,Organic
natural treatments for colitis,44,0,70,34,0.83,https://herbly.com.au/blogs/news/natural-treatments-for-ulcerative-colitis,0,0,0,0.96,126,"77, 77, 100, 100, 77, 77, 44, 100, 77, 77, 100, 77",2026-04-07 20:29:44,"Image, People also ask, Discussions and forums, AI overview",informational,Organic
alternative medicine australia,16,21,110,49,44.75,https://herbly.com.au/blogs/latest-medical-articles/how-to-access-alternative-medicine-in-australia-a-step-by-step-guide,0,0,0,0.79,403000000,"29, 64, 41, 52, 41, 52, 64, 82, 64, 64, 100, 64",2026-04-09 00:13:57,"Video, Image, Video Carousel, Related searches, AI overview",informational,Organic
alternative medicine australia,51,0,110,49,44.75,https://herbly.com.au/,0,0,0,0.79,403000000,"29, 64, 41, 52, 41, 52, 64, 82, 64, 64, 100, 64",2026-04-09 00:13:57,"Video, Image, Video Carousel, Related searches, AI overview",informational,Organic
natural depression remedies,68,0,70,57,0.51,https://herbly.com.au/blogs/news/natural-treatments-for-depression,0,0,0,0.74,252000000,"0, 0, 28, 0, 35, 100, 100, 78, 78, 64, 78, 64",2026-04-22 22:42:40,"People also ask, AI overview",informational,Organic
insomnia treatments,91,84,1000,64,0.84,https://herbly.com.au/blogs/news/insomnia-therapies-and-treatments-conventional-alternative-and-holistic-approaches,0,0,0,0.88,113,"84, 52, 52, 46, 46, 37, 68, 84, 52, 68, 37, 20",2026-04-04 13:52:11,"Image pack, Video, Image, Video Carousel, Related searches, Discussions and forums, AI overview",informational,Organic
is depression a mental illness,64,64,320,100,0.29,https://herbly.com.au/blogs/news/understanding-depression-and-mental-health,0,0,0,0.03,252000000,"66, 66, 100, 82, 82, 100, 82, 100, 100, 100, 82, 66",2026-03-22 12:04:58,AI overview,informational,Organic
natural treatment for anxiety,39,54,70,63,0,https://herbly.com.au/blogs/news/holistic-treatment-for-anxiety-exploring-alternative-medicine-and-natural-therapies-in-australia,0,0,0,0,425000000,"5, 2, 3, 3, 0, 10, 16, 3, 10, 8, 0, 0",2026-04-05 23:52:16,"Image, People also ask, Related searches, Discussions and forums, AI overview",informational,Organic
natural treatment for anxiety,61,54,70,63,0,https://herbly.com.au/blogs/news/holistic-treatment-for-anxiety-exploring-alternative-medicine-and-natural-therapies-in-australia,0,0,0,0,425000000,"5, 2, 3, 3, 0, 10, 16, 3, 10, 8, 0, 0",2026-04-05 23:52:16,"Image, People also ask, Related searches, Discussions and forums, AI overview",informational,Organic
natural ways to treat ulcerative colitis,34,0,70,39,0.83,https://herbly.com.au/blogs/news/natural-treatments-for-ulcerative-colitis,0,0,0,0.96,22200000,"63, 63, 81, 81, 63, 63, 36, 81, 63, 63, 81, 63",2026-04-22 13:35:56,"People also ask, Discussions and forums, AI overview",informational,Organic
natural ways to treat ulcerative colitis,41,0,70,39,0.83,https://herbly.com.au/blogs/news/natural-treatments-for-ulcerative-colitis,0,0,0,0.96,22200000,"63, 63, 81, 81, 63, 63, 36, 81, 63, 63, 81, 63",2026-04-22 13:35:56,"People also ask, Discussions and forums, AI overview",informational,Organic
medicinal cannibas menopause,9,0,50,9,0,https://herbly.com.au/blogs/women-s-health/perimenopause-symptoms-how-cbd-and-thc-support-women-through-change,0,0,0,0,4520000,100,2026-04-29 15:11:31,"Image, People also ask, Related searches, Discussions and forums, AI overview",informational,Organic
medicinal cannibas menopause,20,0,50,9,0,https://herbly.com.au/blogs/women-s-health/managing-menopause-symptoms-with-cbd-and-thc-a-complete-guide,0,0,0,0,4520000,100,2026-04-29 15:11:31,"Image, People also ask, Related searches, Discussions and forums, AI overview",informational,Organic
medicinal cannibas menopause,55,0,50,9,0,https://herbly.com.au/blogs/women-s-health/managing-menopause-symptoms-with-cbd-and-thc-a-complete-guide,0,0,0,0,4520000,100,2026-04-29 15:11:31,"Image, People also ask, Related searches, Discussions and forums, AI overview",informational,Organic
medical cannabis dispensary melbourne,97,97,70,50,0,https://herbly.com.au/,0,0,0,0,0,"4, 4, 3, 4, 5, 4, 15, 12, 12, 12, 12, 12",2026-03-11 08:31:04,"Local pack, Video, Image, Related searches, Discussions and forums",commercial,Organic
depression relief natural,36,0,140,61,0.51,https://herbly.com.au/blogs/news/natural-treatments-for-depression,0,0,0,0.74,324000000,"100, 66, 52, 66, 66, 66, 52, 52, 66, 52, 42, 42",2026-04-19 04:59:34,AI overview,informational,Organic
depression relief natural,49,0,140,61,0.51,https://herbly.com.au/blogs/news/natural-treatments-for-depression,0,0,0,0.74,324000000,"100, 66, 52, 66, 66, 66, 52, 52, 66, 52, 42, 42",2026-04-19 04:59:34,AI overview,informational,Organic
healing ms naturally,44,0,50,28,0,https://herbly.com.au/blogs/news/understanding-multiple-sclerosis,0,0,0,0.39,372000000,"11, 11, 11, 11, 11, 11, 23, 23, 29, 23, 41, 100",2026-04-28 07:11:19,"People also ask, Related searches, Discussions and forums, AI overview",informational,Organic
marijuana dispensary near me,1,0,140,31,0,https://herbly.com.au/pages/mandurah-dispensary,0,0,0,0,101,"100, 28, 28, 35, 43, 53, 17, 28, 35, 12, 17, 23",2026-04-30 10:23:56,"Knowledge panel, Video, People also ask, Related searches, AI overview","informational, transactional",AI overview
marijuana dispensary near me,14,0,140,31,0,https://herbly.com.au/pages/morayfield-dispensary,0,0,0,0,101,"100, 28, 28, 35, 43, 53, 17, 28, 35, 12, 17, 23",2026-04-30 10:23:56,"Knowledge panel, Video, People also ask, Related searches, AI overview","informational, transactional",Organic
marijuana dispensary near me,27,0,140,31,0,https://herbly.com.au/pages/tweed-heads-dispensary,0,0,0,0,101,"100, 28, 28, 35, 43, 53, 17, 28, 35, 12, 17, 23",2026-04-30 10:23:56,"Knowledge panel, Video, People also ask, Related searches, AI overview","informational, transactional",Organic
marijuana dispensary near me,41,0,140,31,0,https://herbly.com.au/pages/north-lakes-dispensary,0,0,0,0,101,"100, 28, 28, 35, 43, 53, 17, 28, 35, 12, 17, 23",2026-04-30 10:23:56,"Knowledge panel, Video, People also ask, Related searches, AI overview","informational, transactional",Organic
marijuana dispensary near me,69,90,140,31,0,https://herbly.com.au/pages/parramatta-dispensary,0,0,0,0,101,"100, 28, 28, 35, 43, 53, 17, 28, 35, 12, 17, 23",2026-04-30 10:23:56,"Knowledge panel, Video, People also ask, Related searches, AI overview","informational, transactional",Organic
marijuana dispensary near me,77,0,140,31,0,https://herbly.com.au/pages/cairns-dispensary,0,0,0,0,101,"100, 28, 28, 35, 43, 53, 17, 28, 35, 12, 17, 23",2026-04-30 10:23:56,"Knowledge panel, Video, People also ask, Related searches, AI overview","informational, transactional",Organic
marijuana dispensary near me,79,0,140,31,0,https://herbly.com.au/pages/adelaide-dispensary,0,0,0,0,101,"100, 28, 28, 35, 43, 53, 17, 28, 35, 12, 17, 23",2026-04-30 10:23:56,"Knowledge panel, Video, People also ask, Related searches, AI overview","informational, transactional",Organic
free medical cannabis consultation,19,19,170,46,0,https://herbly.com.au/,0,0,0,0,123,"19, 15, 19, 19, 23, 19, 19, 23, 29, 29, 23, 23",2026-03-24 02:52:55,"Video, Related searches, AI overview",informational,Organic
fern dispensary,57,0,140,36,3.02,https://herbly.com.au/pages/redbank-plains-dispensary,0,0,0,0.26,199000,"0, 0, 0, 0, 0, 0, 0, 0, 0, 29, 66, 100",2026-04-11 17:03:20,"Knowledge panel, Sitelinks, Video, Image, People also ask, Related searches",navigational,Organic
alternative medicine for hot flashes,60,0,90,39,0.51,https://herbly.com.au/blogs/women-s-health/women-turning-to-alternative-medicine-for-relief-of-menopause-symptoms,0,0,0,1,129,"78, 64, 100, 100, 50, 50, 50, 50, 78, 50, 50, 50",2026-04-24 04:53:03,"People also ask, Related searches, Discussions and forums, AI overview",informational,Organic
weed adelaide,16,91,110,41,31.02,https://herbly.com.au/pages/adelaide-dispensary,0,0,0,0.27,4430000,"9, 52, 52, 52, 23, 14, 52, 80, 80, 80, 80, 80",2026-04-19 10:02:47,"Local pack, Sitelinks, Video, People also ask, Related searches, AI overview",informational,Organic
releaf sunshine coast,26,26,40,12,3.56,https://herbly.com.au/pages/sunshine-coast-dispensary,0,0,0,0.55,0,"18, 18, 18, 18, 18, 18, 100, 100, 100, 18, 18, 18",2026-03-19 04:45:18,"Knowledge panel, Video, Image, Related searches","navigational, transactional",Organic
alternative medicine for ulcerative colitis,15,15,70,43,0.83,https://herbly.com.au/blogs/news/natural-treatments-for-ulcerative-colitis,0,0,0,0.96,150,"81, 63, 100, 63, 81, 63, 36, 63, 81, 63, 81, 63",2026-03-27 10:22:04,"People also ask, Related searches, Discussions and forums, AI overview",informational,Organic
anxiety herbs treatment,29,64,90,58,0.68,https://herbly.com.au/blogs/news/holistic-treatment-for-anxiety-exploring-alternative-medicine-and-natural-therapies-in-australia,0,0,0,0.99,171000000,"81, 100, 81, 100, 100, 81, 63, 81, 100, 100, 81, 81",2026-04-07 20:17:02,"Sitelinks, Image, Related searches, Discussions and forums, AI overview",informational,Organic
online weed prescription,32,0,70,50,80.06,https://herbly.com.au/pages/coffs-harbour-dispensary,0,0,0,0.85,30400000,"100, 35, 50, 35, 50, 50, 64, 64, 64, 35, 35, 28",2026-04-08 23:38:55,"Video, Related searches, Discussions and forums, AI overview",informational,Organic
medical cannabis dispensary,29,29,210,49,0,https://herbly.com.au/pages/newtown-dispensary,0,0,0,0,19500000,"53, 65, 65, 65, 81, 53, 100, 81, 53, 43, 53, 43",2026-03-28 18:59:39,"Local pack, Video, Image, People also ask, Related searches, Discussions and forums",commercial,Organic
medical cannabis dispensary,57,57,210,49,0,https://herbly.com.au/pages/mandurah-dispensary,0,0,0,0,19500000,"53, 65, 65, 65, 81, 53, 100, 81, 53, 43, 53, 43",2026-03-28 18:59:39,"Local pack, Video, Image, People also ask, Related searches, Discussions and forums",commercial,Organic
medical cannabis dispensary,98,98,210,49,0,https://herbly.com.au/pages/parramatta-dispensary,0,0,0,0,19500000,"53, 65, 65, 65, 81, 53, 100, 81, 53, 43, 53, 43",2026-03-28 18:59:39,"Local pack, Video, Image, People also ask, Related searches, Discussions and forums",commercial,Organic
kush clinics caloundra,20,0,90,23,5.4,https://herbly.com.au/pages/caloundra-dispensary,0,0,0,0.34,369,"66, 52, 52, 42, 33, 42, 42, 42, 23, 42, 42, 42",2026-04-17 21:05:01,"Knowledge panel, Sitelinks, Video, Image, Related searches",navigational,Organic
weed clinic,96,0,40,37,71.13,https://herbly.com.au/pages/caboolture-dispensary,0,0,0,0.3,126,"57, 14, 57, 28, 28, 42, 71, 71, 57, 71, 57, 71",2026-04-16 01:37:50,"Video, Image, Related searches, AI overview",informational,Organic
natural dispensary,15,15,320,40,3.92,https://herbly.com.au/pages/newtown-dispensary,0,0,0,0.03,13700000,"100, 66, 81, 66, 66, 54, 54, 81, 66, 54, 54, 43",2026-03-25 18:28:33,"Knowledge panel, Sitelinks, Video, Image, Related searches",navigational,Organic
weed doctor near me,47,0,110,40,81.55,https://herbly.com.au/pages/bunbury-dispensary,0,0,0,0.36,42000000,"64, 52, 64, 82, 64, 82, 64, 82, 64, 64, 64, 82",2026-04-29 01:19:44,"Video, Image, People also ask, Related searches, AI overview",transactional,Organic
weed doctor near me,52,0,110,40,81.55,https://herbly.com.au/pages/bunbury-dispensary,0,0,0,0.36,42000000,"64, 52, 64, 82, 64, 82, 64, 82, 64, 64, 64, 82",2026-04-29 01:19:44,"Video, Image, People also ask, Related searches, AI overview",transactional,Organic
weed doctor near me,88,0,110,40,81.55,https://herbly.com.au/pages/rockhampton-dispensary,0,0,0,0.36,42000000,"64, 52, 64, 82, 64, 82, 64, 82, 64, 64, 64, 82",2026-04-29 01:19:44,"Video, Image, People also ask, Related searches, AI overview",transactional,Organic
buy weed,24,0,140,33,0,https://herbly.com.au/pages/wollongong-dispensary,0,0,0,0,162,"23, 23, 23, 23, 23, 23, 23, 23, 23, 23, 23, 23",2026-04-09 00:39:14,"Video, Discussions and forums",transactional,Organic
dispensed natural therapy clinic,28,28,90,30,0,https://herbly.com.au/pages/wagga-wagga-dispensary,0,0,0,0,253000,"65, 43, 21, 21, 28, 28, 21, 21, 15, 21, 9, 0",2026-03-25 23:25:30,"Local pack, Sitelinks, Video, People also ask, Related searches",navigational,Organic
medical marijuanas vape,94,0,50,13,0,https://herbly.com.au/pages/patient-information-for-medicinal-cannabis-treatment,0,0,0,0,6980000,"0, 0, 0, 0, 0, 0, 0, 0, 100, 82, 82, 82",2026-04-29 15:01:33,"Video, Video Carousel, Related searches, Discussions and forums, AI overview",informational,Organic
cann i help dispensary,82,0,320,16,6.41,https://herbly.com.au/pages/ipswich-dispensary,0,0,0,0.5,531000,"54, 66, 81, 100, 100, 100, 81, 66, 66, 29, 54, 43",2026-04-06 05:05:42,"Knowledge panel, Video, Related searches",navigational,Organic
cann i help dispensary,91,0,320,16,6.41,https://herbly.com.au/pages/ipswich-dispensary,0,0,0,0.5,531000,"54, 66, 81, 100, 100, 100, 81, 66, 66, 29, 54, 43",2026-04-06 05:05:42,"Knowledge panel, Video, Related searches",navigational,Organic
weed doctor,55,55,50,28,0,https://herbly.com.au/pages/mandurah-dispensary,0,0,0,0,223,"23, 23, 33, 23, 33, 33, 23, 33, 33, 23, 19, 19",2026-03-26 12:04:49,"Video, Related searches",informational,Organic
where can you buy pot,68,7,210,45,5.45,https://herbly.com.au/pages/wollongong-dispensary,0,0,0,0.34,212,"81, 65, 65, 53, 81, 100, 81, 53, 65, 65, 81, 65",2026-03-06 12:26:11,"Local pack, Video, Image, People also ask, Popular products, Related searches, Discussions and forums, AI overview",transactional,Organic
dispensory,82,0,50,,0,https://herbly.com.au/pages/newtown-dispensary,0,0,0,0,31100000,"1, 2, 2, 4, 2, 2, 5, 4, 44, 2, 2, 5",2026-04-12 12:15:00,"Local pack, Video, Image, People also ask, Related searches",commercial,Organic
medical cannabis providers,57,85,90,51,0,https://herbly.com.au/pages/ipswich-dispensary,0,0,0,0.33,139,"100, 18, 18, 100, 100, 100, 100, 63, 63, 81, 81, 63",2026-04-24 15:03:13,"Local pack, Video, People also ask, Related searches, Discussions and forums",commercial,Organic
medical canabis dispensary near.me,48,2,260,31,57.59,https://herbly.com.au/pages/morayfield-dispensary,0,0,0,0.53,188,"32, 26, 0, 0, 2, 1, 1, 0, 100, 48, 72, 59",2026-03-20 01:53:42,"Local pack, People also ask",transactional,Organic
medical canabis dispensary near.me,52,52,260,31,57.59,https://herbly.com.au/pages/penrith-dispensary,0,0,0,0.53,188,"32, 26, 0, 0, 2, 1, 1, 0, 100, 48, 72, 59",2026-03-20 01:53:42,"Local pack, People also ask",transactional,Organic
medical canabis dispensary near.me,76,76,260,31,57.59,https://herbly.com.au/pages/mandurah-dispensary,0,0,0,0.53,188,"32, 26, 0, 0, 2, 1, 1, 0, 100, 48, 72, 59",2026-03-20 01:53:42,"Local pack, People also ask",transactional,Organic
medical canabis dispensary near.me,80,76,260,31,57.59,https://herbly.com.au/pages/mandurah-dispensary,0,0,0,0.53,188,"32, 26, 0, 0, 2, 1, 1, 0, 100, 48, 72, 59",2026-03-20 01:53:42,"Local pack, People also ask",transactional,Organic
medical canabis dispensary near.me,83,83,260,31,57.59,https://herbly.com.au/pages/parramatta-dispensary,0,0,0,0.53,188,"32, 26, 0, 0, 2, 1, 1, 0, 100, 48, 72, 59",2026-03-20 01:53:42,"Local pack, People also ask",transactional,Organic
medical canabis dispensary near.me,84,84,260,31,57.59,https://herbly.com.au/pages/ipswich-dispensary,0,0,0,0.53,188,"32, 26, 0, 0, 2, 1, 1, 0, 100, 48, 72, 59",2026-03-20 01:53:42,"Local pack, People also ask",transactional,Organic
medical canabis dispensary near.me,86,86,260,31,57.59,https://herbly.com.au/pages/rockingham-dispensary,0,0,0,0.53,188,"32, 26, 0, 0, 2, 1, 1, 0, 100, 48, 72, 59",2026-03-20 01:53:42,"Local pack, People also ask",transactional,Organic
medical canabis dispensary near.me,89,89,260,31,57.59,https://herbly.com.au/pages/bunbury-dispensary,0,0,0,0.53,188,"32, 26, 0, 0, 2, 1, 1, 0, 100, 48, 72, 59",2026-03-20 01:53:42,"Local pack, People also ask",transactional,Organic
acacia medical armidale,44,0,140,18,0,https://herbly.com.au/pages/armidale-dispensary,0,0,0,0.01,17400,"100, 100, 64, 64, 82, 100, 100, 82, 82, 64, 64, 64",2026-04-16 17:08:08,"Knowledge panel, Sitelinks, Image, Related searches",navigational,Organic
weed online,79,79,140,39,0,https://herbly.com.au/pages/ipswich-dispensary,0,0,0,0,180,"29, 29, 29, 29, 29, 22, 29, 22, 29, 29, 29, 29",2026-04-18 09:08:26,"Video, Image",commercial,Organic
weed online,84,79,140,39,0,https://herbly.com.au/pages/ipswich-dispensary,0,0,0,0,180,"29, 29, 29, 29, 29, 22, 29, 22, 29, 29, 29, 29",2026-04-18 09:08:26,"Video, Image",commercial,Organic
medical cannabis vape,16,16,110,22,0,https://herbly.com.au/pages/patient-information-for-medicinal-cannabis-treatment,0,0,0,0,0,"34, 19, 26, 26, 19, 19, 26, 26, 80, 100, 80, 65",2026-03-10 22:34:46,"Video, Related searches",informational,Organic
medical cannabis wa,76,0,50,43,0,https://herbly.com.au/pages/bunbury-dispensary,0,0,0,0,134,"0, 5, 0, 0, 5, 5, 64, 64, 41, 41, 41, 100",2026-04-29 14:56:40,"Knowledge panel, Sitelinks, Video, Image, People also ask, Related searches, Discussions and forums, AI overview",informational,Organic
medical cannabis wa,93,0,50,43,0,https://herbly.com.au/pages/mandurah-dispensary,0,0,0,0,134,"0, 5, 0, 0, 5, 5, 64, 64, 41, 41, 41, 100",2026-04-29 14:56:40,"Knowledge panel, Sitelinks, Video, Image, People also ask, Related searches, Discussions and forums, AI overview",informational,Organic
treatments of diabetic neuropathy,63,63,70,59,0.29,https://herbly.com.au/blogs/news/diabetic-nerve-pain-comprehensive-therapies-and-treatment-options,0,0,0,0.22,29400000,"80, 80, 42, 53, 53, 0, 0, 0, 0, 0, 0, 0",2026-03-25 00:36:03,"Image pack, Sitelinks, Video, Image, Related searches, AI overview",informational,Organic
marajuana prescription online,23,0,50,47,0,https://herbly.com.au/pages/mandurah-dispensary,0,0,0,0,33500000,100,2026-04-29 12:46:22,"Video, People also ask, Related searches, Discussions and forums, AI overview",informational,Organic
plant based medicine,28,19,140,24,3.33,https://herbly.com.au/pages/plant-medicine-doctors,0,0,0,0.5,800000000,"53, 53, 34, 34, 26, 34, 100, 100, 65, 34, 65, 42",2026-04-18 07:59:21,"Video, Related searches, AI overview",informational,Organic
online medical marijuana australia,93,0,70,47,0,https://herbly.com.au/pages/patient-information-for-medicinal-cannabis-treatment,0,0,0,0,9390000,"5, 5, 5, 5, 5, 11, 82, 100, 82, 52, 52, 41",2026-04-12 06:41:45,"Video, Related searches, AI overview",commercial,Organic
weed near me,1,0,170,43,0,https://herbly.com.au/pages/campbelltown-dispensary,0,0,0,0,382000000,"26, 17, 14, 17, 17, 17, 26, 11, 14, 14, 14, 17",2026-04-17 19:31:49,"Knowledge panel, Video, Image, AI overview","informational, transactional",AI overview
weed near me,1,0,170,43,0,https://herbly.com.au/pages/penrith-dispensary,0,0,0,0,382000000,"26, 17, 14, 17, 17, 17, 26, 11, 14, 14, 14, 17",2026-04-17 19:31:49,"Knowledge panel, Video, Image, AI overview","informational, transactional",AI overview
weed near me,1,0,170,43,0,https://herbly.com.au/pages/coffs-harbour-dispensary,0,0,0,0,382000000,"26, 17, 14, 17, 17, 17, 26, 11, 14, 14, 14, 17",2026-04-17 19:31:49,"Knowledge panel, Video, Image, AI overview","informational, transactional",AI overview
weed near me,36,0,170,43,0,https://herbly.com.au/pages/penrith-dispensary,0,0,0,0,382000000,"26, 17, 14, 17, 17, 17, 26, 11, 14, 14, 14, 17",2026-04-17 19:31:49,"Knowledge panel, Video, Image, AI overview","informational, transactional",Organic
sleep problems,86,0,320,58,0.53,https://herbly.com.au/blogs/news/understanding-insomnia-the-hidden-struggles-of-sleep,0,0,0,0.23,1230000000,"66, 44, 44, 44, 54, 19, 23, 54, 44, 54, 81, 54",2026-04-10 07:46:00,"Video, Related searches, Discussions and forums, AI overview",informational,Organic
herbal dispensary,42,42,70,17,3.63,https://herbly.com.au/pages/adelaide-dispensary,0,0,0,0.23,0,"7, 5, 7, 9, 5, 4, 7, 7, 7, 7, 7, 7",2026-03-09 11:56:54,"Local pack, Video, Image, Related searches",commercial,Organic
herbal dispensary,62,62,70,17,3.63,https://herbly.com.au/pages/newtown-dispensary,0,0,0,0.23,0,"7, 5, 7, 9, 5, 4, 7, 7, 7, 7, 7, 7",2026-03-09 11:56:54,"Local pack, Video, Image, Related searches",commercial,Organic
herbal dispensary,78,78,70,17,3.63,https://herbly.com.au/pages/busselton-dispensary,0,0,0,0.23,0,"7, 5, 7, 9, 5, 4, 7, 7, 7, 7, 7, 7",2026-03-09 11:56:54,"Local pack, Video, Image, Related searches",commercial,Organic
herbal dispensary,87,87,70,17,3.63,https://herbly.com.au/pages/ipswich-dispensary,0,0,0,0.23,0,"7, 5, 7, 9, 5, 4, 7, 7, 7, 7, 7, 7",2026-03-09 11:56:54,"Local pack, Video, Image, Related searches",commercial,Organic
herbal dispensary,91,91,70,17,3.63,https://herbly.com.au/pages/parramatta-dispensary,0,0,0,0.23,0,"7, 5, 7, 9, 5, 4, 7, 7, 7, 7, 7, 7",2026-03-09 11:56:54,"Local pack, Video, Image, Related searches",commercial,Organic
herbal dispensary,94,94,70,17,3.63,https://herbly.com.au/pages/narangba-dispensary,0,0,0,0.23,0,"7, 5, 7, 9, 5, 4, 7, 7, 7, 7, 7, 7",2026-03-09 11:56:54,"Local pack, Video, Image, Related searches",commercial,Organic
herbal dispensary,95,95,70,17,3.63,https://herbly.com.au/,0,0,0,0.23,0,"7, 5, 7, 9, 5, 4, 7, 7, 7, 7, 7, 7",2026-03-09 11:56:54,"Local pack, Video, Image, Related searches",commercial,Organic
herbal dispensary,96,96,70,17,3.63,https://herbly.com.au/pages/mareeba-dispensary,0,0,0,0.23,0,"7, 5, 7, 9, 5, 4, 7, 7, 7, 7, 7, 7",2026-03-09 11:56:54,"Local pack, Video, Image, Related searches",commercial,Organic
herbal dispensary,97,97,70,17,3.63,https://herbly.com.au/pages/gawler-dispensary,0,0,0,0.23,0,"7, 5, 7, 9, 5, 4, 7, 7, 7, 7, 7, 7",2026-03-09 11:56:54,"Local pack, Video, Image, Related searches",commercial,Organic
weed prescription qld,91,0,70,61,63.19,https://herbly.com.au/pages/ipswich-dispensary,0,0,0,0.86,59400,"9, 9, 9, 100, 9, 52, 52, 9, 9, 52, 52, 52",2026-04-24 18:07:02,"Video, Ads bottom, People also ask, Related searches, Discussions and forums, AI overview",informational,Organic
natural menopause treatments that really work australia,36,0,110,29,0.89,https://herbly.com.au/blogs/women-s-health/women-turning-to-alternative-medicine-for-relief-of-menopause-symptoms,0,0,0,1,36000000,"23, 28, 28, 23, 17, 12, 23, 23, 28, 35, 43, 43",2026-04-30 00:05:48,"Image, People also ask, Related searches, AI overview",informational,Organic
natural anti anxiety,77,0,90,62,0.82,https://herbly.com.au/blogs/news/holistic-treatment-for-anxiety-exploring-alternative-medicine-and-natural-therapies-in-australia,0,0,0,1,398000000,"81, 100, 100, 100, 81, 63, 81, 100, 45, 63, 45, 45",2026-04-29 14:08:52,"Image, People also ask, Discussions and forums, AI overview",informational,Organic
ptsd treatment,82,0,1600,74,0,https://herbly.com.au/blogs/news/understanding-ptsd-who-it-affects-causes-and-treatments,0,0,0,0,1630000,"36, 36, 100, 36, 44, 44, 44, 44, 36, 36, 44, 52",2026-04-17 18:16:47,"Video, Related searches, AI overview",informational,Organic
ptsd treatment,97,0,1600,74,0,https://herbly.com.au/blogs/news/exploring-ptsd-treatment-options-conventional-natural-and-alternative-therapies,0,0,0,0,1630000,"36, 36, 100, 36, 44, 44, 44, 44, 36, 36, 44, 52",2026-04-17 18:16:47,"Video, Related searches, AI overview",informational,Organic
depression in men symptoms,64,64,70,55,0.35,https://herbly.com.au/blogs/news/signs-and-symptoms-of-depression-in-men-and-women,0,0,0,0.51,322000000,"100, 33, 9, 33, 33, 33, 9, 23, 19, 19, 23, 23",2026-03-30 23:59:46,AI overview,informational,Organic
how do i get medical weed,1,0,50,,35.15,https://herbly.com.au/blogs/latest-medical-articles/understanding-monthly-limits-and-interval-periods,0,0,0,0.4,138,"0, 0, 11, 11, 100, 17, 29, 41, 41, 52, 29, 29",2026-04-12 12:30:06,"Video, People also ask, Related searches, Discussions and forums, AI overview",informational,People also ask
pharmacy newtown,36,32,480,18,0.71,https://herbly.com.au/pages/newtown-dispensary,0,0,0,0.07,4410000,"11, 66, 81, 100, 81, 81, 100, 81, 100, 100, 81, 81",2026-04-03 14:20:09,"Local pack, Image, People also ask, Related searches",commercial,Organic
where can i get pot,16,16,90,48,0,https://herbly.com.au/pages/sunshine-coast-dispensary,0,0,0,0.04,0,"78, 50, 50, 78, 100, 64, 50, 64, 78, 78, 64, 64",2026-03-08 12:11:38,"Sitelinks, Video, Image, Popular products, Related searches, Discussions and forums, AI overview",transactional,Organic
chemist byron bay,85,0,720,16,0.5,https://herbly.com.au/pages/byron-bay-dispensary,0,0,0,0.2,581000,"46, 31, 31, 37, 31, 20, 31, 31, 46, 52, 46, 52",2026-04-01 01:35:44,"Local pack, Sitelinks, Video, Image, Related searches",commercial,Organic
pot store near me,34,0,110,30,0.42,https://herbly.com.au/pages/wollongong-dispensary,0,0,0,0.42,330000000,"100, 41, 52, 64, 64, 64, 52, 82, 64, 52, 82, 100",2026-04-29 20:49:22,"Local pack, Sitelinks, Video, Image, People also ask, Related searches, AI overview","informational, transactional",Organic
pot store near me,49,0,110,30,0.42,https://herbly.com.au/pages/wollongong-dispensary,0,0,0,0.42,330000000,"100, 41, 52, 64, 64, 64, 52, 82, 64, 52, 82, 100",2026-04-29 20:49:22,"Local pack, Sitelinks, Video, Image, People also ask, Related searches, AI overview","informational, transactional",Organic
dispensed contact number,29,0,70,13,2.18,https://herbly.com.au/pages/esperance-dispensary,0,0,0,0.31,11600000,"34, 19, 26, 19, 26, 19, 26, 19, 19, 19, 19, 26",2026-04-27 19:51:00,"Sitelinks, People also ask, Related searches","navigational, transactional",Organic
dispensed contact number,95,0,70,13,2.18,https://herbly.com.au/pages/esperance-dispensary,0,0,0,0.31,11600000,"34, 19, 26, 19, 26, 19, 26, 19, 19, 19, 19, 26",2026-04-27 19:51:00,"Sitelinks, People also ask, Related searches","navigational, transactional",Organic
releaf brisbane,44,73,40,22,3.5,https://herbly.com.au/pages/brisbane-dispensary,0,0,0,0.71,6560,"11, 11, 11, 11, 64, 11, 11, 64, 64, 11, 11, 11",2026-04-27 02:47:09,"Knowledge panel, Image, People also ask, Related searches","informational, transactional",Organic
releaf brisbane,62,0,40,22,3.5,https://herbly.com.au/pages/north-lakes-dispensary,0,0,0,0.71,6560,"11, 11, 11, 11, 64, 11, 11, 64, 64, 11, 11, 11",2026-04-27 02:47:09,"Knowledge panel, Image, People also ask, Related searches","informational, transactional",Organic
releaf brisbane,72,73,40,22,3.5,https://herbly.com.au/pages/brisbane-dispensary,0,0,0,0.71,6560,"11, 11, 11, 11, 64, 11, 11, 64, 64, 11, 11, 11",2026-04-27 02:47:09,"Knowledge panel, Image, People also ask, Related searches","informational, transactional",Organic
releaf brisbane,84,80,40,22,3.5,https://herbly.com.au/pages/redbank-plains-dispensary,0,0,0,0.71,6560,"11, 11, 11, 11, 64, 11, 11, 64, 64, 11, 11, 11",2026-04-27 02:47:09,"Knowledge panel, Image, People also ask, Related searches","informational, transactional",Organic
releaf brisbane,91,0,40,22,3.5,https://herbly.com.au/pages/morayfield-dispensary,0,0,0,0.71,6560,"11, 11, 11, 11, 64, 11, 11, 64, 64, 11, 11, 11",2026-04-27 02:47:09,"Knowledge panel, Image, People also ask, Related searches","informational, transactional",Organic
releaf brisbane,94,48,40,22,3.5,https://herbly.com.au/,0,0,0,0.71,6560,"11, 11, 11, 11, 64, 11, 11, 64, 64, 11, 11, 11",2026-04-27 02:47:09,"Knowledge panel, Image, People also ask, Related searches","informational, transactional",Organic
cannabis prescription online,83,0,140,39,0,https://herbly.com.au/pages/bunbury-dispensary,0,0,0,0,207,"15, 15, 11, 26, 15, 19, 100, 100, 80, 80, 100, 100",2026-04-21 06:00:39,"Video, People also ask, Related searches",informational,Organic
natural anxiety relief,46,75,320,64,1.11,https://herbly.com.au/blogs/news/holistic-treatment-for-anxiety-exploring-alternative-medicine-and-natural-therapies-in-australia,0,0,0,1,126,"100, 81, 100, 81, 81, 81, 100, 100, 100, 100, 81, 81",2026-04-08 01:41:10,"Image, Related searches, AI overview",informational,Organic
natural anxiety relief,76,75,320,64,1.11,https://herbly.com.au/blogs/news/holistic-treatment-for-anxiety-exploring-alternative-medicine-and-natural-therapies-in-australia,0,0,0,1,126,"100, 81, 100, 81, 81, 81, 100, 100, 100, 100, 81, 81",2026-04-08 01:41:10,"Image, Related searches, AI overview",informational,Organic
recreational dispensary near me,40,40,70,48,0,https://herbly.com.au/pages/wollongong-dispensary,0,0,0,0,9790000,"82, 64, 52, 64, 100, 100, 17, 11, 5, 11, 5, 5",2026-03-27 17:46:56,"Local pack, Video, Image, People also ask, Related searches",transactional,Organic
medical marijuanas western australia,57,0,170,44,42.22,https://herbly.com.au/pages/mandurah-dispensary,0,0,0,0.28,3230000,"28, 21, 43, 65, 34, 34, 81, 81, 100, 65, 65, 81",2026-04-04 15:21:16,"Sitelinks, Video, People also ask, Related searches, AI overview",informational,Organic
alternative medicine for nerve pain sydney,17,0,50,0,0,https://herbly.com.au/blogs/news/a-comprehensive-guide-to-holistic-therapies-and-treatments-for-chronic-pain,0,0,0,0,2090000,"44, 0, 33, 44, 33, 44, 77, 77, 77, 100, 100, 11",2026-04-13 03:02:29,"Video, Image, Related searches, AI overview",informational,Organic
alternative medicine for nerve pain sydney,55,0,50,0,0,https://herbly.com.au/blogs/news/diabetic-nerve-pain-comprehensive-therapies-and-treatment-options,0,0,0,0,2090000,"44, 0, 33, 44, 33, 44, 77, 77, 77, 100, 100, 11",2026-04-13 03:02:29,"Video, Image, Related searches, AI overview",informational,Organic
alternative medicine for nerve pain sydney,80,0,50,0,0,https://herbly.com.au/blogs/news/diabetic-nerve-pain-comprehensive-therapies-and-treatment-options,0,0,0,0,2090000,"44, 0, 33, 44, 33, 44, 77, 77, 77, 100, 100, 11",2026-04-13 03:02:29,"Video, Image, Related searches, AI overview",informational,Organic
alternative medicine for nerve pain sydney,90,0,50,0,0,https://herbly.com.au/pages/neuropathy-treatments,0,0,0,0,2090000,"44, 0, 33, 44, 33, 44, 77, 77, 77, 100, 100, 11",2026-04-13 03:02:29,"Video, Image, Related searches, AI overview",informational,Organic
medicinal cannabinoids sunshine coast,1,1,50,13,0,https://herbly.com.au/pages/sunshine-coast-dispensary,0,0,0,0.33,262000,"77, 77, 77, 77, 77, 55, 77, 55, 55, 22, 22, 22",2026-03-06 11:52:26,"Local pack, Video, Video Carousel, Related searches, AI overview",informational,AI overview
medicinal cannabinoids sunshine coast,84,84,50,13,0,https://herbly.com.au/pages/caloundra-dispensary,0,0,0,0.33,262000,"77, 77, 77, 77, 77, 55, 77, 55, 55, 22, 22, 22",2026-03-06 11:52:26,"Local pack, Video, Video Carousel, Related searches, AI overview",informational,Organic
mount barker express,58,0,170,17,2.79,https://herbly.com.au/pages/mount-barker-dispensary,0,0,0,0.17,70,"80, 65, 53, 65, 42, 65, 100, 80, 65, 53, 80, 65",2026-04-19 22:17:34,"Knowledge panel, Video, Image, Related searches",informational,Organic
is insomnia something you're born with,95,0,50,36,0,https://herbly.com.au/blogs/news/understanding-insomnia-the-hidden-struggles-of-sleep,0,0,0,0.33,15200000,"100, 28, 78, 0, 50, 0, 14, 28, 14, 78, 0, 14",2026-04-28 20:39:58,"Video, Video Carousel, People also ask, Related searches, Discussions and forums, AI overview",informational,Organic
ms symtoms,79,0,140,58,0.05,https://herbly.com.au/blogs/news/common-symptoms-of-multiple-sclerosis,0,0,0,0.13,131,"19, 19, 15, 15, 19, 9, 12, 19, 12, 15, 9, 54",2026-04-21 14:51:42,"Image pack, Image, Video Carousel, Related searches, AI overview",informational,Organic
adhd natural therapies,93,93,70,43,0.84,https://herbly.com.au/pages/adhd-treatments-attention-deficit-hyperactivity-disorder,0,0,0,1,0,"41, 41, 64, 64, 100, 82, 17, 17, 5, 0, 0, 0",2026-03-17 15:25:42,"Sitelinks, Image, Discussions and forums, AI overview",informational,Organic
sleep problems australia,20,20,50,36,3.77,https://herbly.com.au/blogs/news/understanding-insomnia-the-hidden-struggles-of-sleep,0,0,0,0.05,0,"50, 50, 50, 50, 50, 50, 35, 50, 14, 14, 14, 14",2026-03-06 09:30:15,"Video, Related searches, Discussions and forums, AI overview",informational,Organic
sleeping difficulty,43,43,170,85,0.53,https://herbly.com.au/blogs/news/understanding-insomnia-the-hidden-struggles-of-sleep,0,0,0,0.39,0,"100, 65, 53, 81, 65, 65, 65, 65, 28, 43, 28, 34",2026-03-10 19:55:04,"Sitelinks, Video, Image, Video Carousel, Related searches, Discussions and forums, AI overview",informational,Organic
insomnia cure,49,49,210,68,0,https://herbly.com.au/blogs/news/insomnia-therapies-and-treatments-conventional-alternative-and-holistic-approaches,0,0,0,0,0,"15, 15, 15, 100, 15, 15, 15, 12, 15, 15, 15, 15",2026-03-10 10:00:59,"Image pack, Video, Image, Related searches, Discussions and forums, AI overview",informational,Organic
insomnia cure,80,49,210,68,0,https://herbly.com.au/blogs/news/insomnia-therapies-and-treatments-conventional-alternative-and-holistic-approaches,0,0,0,0,0,"15, 15, 15, 100, 15, 15, 15, 12, 15, 15, 15, 15",2026-03-10 10:00:59,"Image pack, Video, Image, Related searches, Discussions and forums, AI overview",informational,Organic
natural remedies for colitis,16,16,70,29,0.83,https://herbly.com.au/blogs/news/natural-treatments-for-ulcerative-colitis,0,0,0,0.96,0,"100, 77, 100, 100, 77, 77, 77, 100, 77, 77, 100, 77",2026-03-10 08:57:17,"Image, Discussions and forums, AI overview",informational,Organic
natural remedies for colitis,28,16,70,29,0.83,https://herbly.com.au/blogs/news/natural-treatments-for-ulcerative-colitis,0,0,0,0.96,0,"100, 77, 100, 100, 77, 77, 77, 100, 77, 77, 100, 77",2026-03-10 08:57:17,"Image, Discussions and forums, AI overview",informational,Organic
mapp and hession,21,21,110,18,0,https://herbly.com.au/pages/murwillumbah-dispensary,0,0,0,0,2720,"2, 2, 3, 4, 5, 4, 2, 4, 4, 3, 5, 4",2026-03-23 06:56:23,"Knowledge panel, Sitelinks, Video, Related searches",navigational,Organic
where can i buy pot,12,12,210,47,0,https://herbly.com.au/pages/wollongong-dispensary,0,0,0,0.35,1380000000,"65, 65, 53, 81, 100, 81, 53, 65, 65, 81, 65, 65",2026-03-29 10:50:16,"Local pack, Sitelinks, Video, Image, Popular products, Related searches, Discussions and forums, AI overview",transactional,Organic
natural remedies for ulcerative colitis,18,18,90,40,0.83,https://herbly.com.au/blogs/news/natural-treatments-for-ulcerative-colitis,0,0,0,0.96,173,"81, 63, 100, 81, 63, 63, 63, 81, 81, 81, 81, 63",2026-03-26 00:14:02,"Sitelinks, Image, People also ask, AI overview",informational,Organic
doctor earth newtown,25,0,170,28,0,https://herbly.com.au/pages/newtown-dispensary,0,0,0,0,1610000,"39, 32, 26, 17, 14, 14, 11, 14, 14, 11, 9, 14",2026-03-31 23:25:57,"Knowledge panel, Image pack, Sitelinks, Video, Image, People also ask, Related searches",informational,Organic
pharmacy bunbury,45,0,480,14,0.2,https://herbly.com.au/pages/bunbury-dispensary,0,0,0,0.32,102,"81, 54, 54, 81, 66, 66, 54, 81, 44, 44, 54, 54",2026-04-16 17:34:28,"Local pack, Related searches",commercial,Organic
buy medical marijuana,14,14,110,54,0,https://herbly.com.au/pages/newtown-dispensary,0,0,0,0,227,"23, 19, 19, 19, 19, 23, 66, 80, 80, 80, 100, 100",2026-03-29 22:27:53,"Knowledge panel, Video, People also ask, Related searches",transactional,Organic
buy medical marijuana,53,53,110,54,0,https://herbly.com.au/pages/rockingham-dispensary,0,0,0,0,227,"23, 19, 19, 19, 19, 23, 66, 80, 80, 80, 100, 100",2026-03-29 22:27:53,"Knowledge panel, Video, People also ask, Related searches",transactional,Organic
clinic weed,98,0,90,44,71.13,https://herbly.com.au/pages/victoria-point-dispensary,0,0,0,0.3,51500000,"63, 63, 63, 63, 81, 81, 63, 81, 100, 100, 81, 81",2026-04-07 14:52:02,"Video, Related searches",commercial,Organic
problem to sleep,41,41,110,76,0.59,https://herbly.com.au/blogs/news/understanding-insomnia-the-hidden-struggles-of-sleep,0,0,0,0.23,0,"100, 52, 100, 100, 100, 100, 0, 0, 82, 64, 64, 100",2026-03-10 03:03:24,"Video, Related searches, AI overview",informational,Organic
problem to sleep,68,41,110,76,0.59,https://herbly.com.au/blogs/news/understanding-insomnia-the-hidden-struggles-of-sleep,0,0,0,0.23,0,"100, 52, 100, 100, 100, 100, 0, 0, 82, 64, 64, 100",2026-03-10 03:03:24,"Video, Related searches, AI overview",informational,Organic
dispenary,28,0,50,47,0,https://herbly.com.au/pages/wollongong-dispensary,0,0,0,0,23900000,"1, 1, 1, 1, 0, 0, 0, 0, 0, 100, 1, 0",2026-04-01 05:42:37,"Local pack, Video, Image, People also ask, Related searches",commercial,Organic
dispenary,41,0,50,47,0,https://herbly.com.au/pages/north-lakes-dispensary,0,0,0,0,23900000,"1, 1, 1, 1, 0, 0, 0, 0, 0, 100, 1, 0",2026-04-01 05:42:37,"Local pack, Video, Image, People also ask, Related searches",commercial,Organic
dispenary,66,0,50,47,0,https://herbly.com.au/pages/bunbury-dispensary,0,0,0,0,23900000,"1, 1, 1, 1, 0, 0, 0, 0, 0, 100, 1, 0",2026-04-01 05:42:37,"Local pack, Video, Image, People also ask, Related searches",commercial,Organic
dispenary,83,0,50,47,0,https://herbly.com.au/pages/ipswich-dispensary,0,0,0,0,23900000,"1, 1, 1, 1, 0, 0, 0, 0, 0, 100, 1, 0",2026-04-01 05:42:37,"Local pack, Video, Image, People also ask, Related searches",commercial,Organic
prescription cannabis australia,93,0,50,57,63.21,https://herbly.com.au/blogs/latest-medical-articles/alternative-medicine-in-australia,0,0,0,0.5,7740000,"54, 2, 4, 4, 5, 4, 2, 4, 2, 2, 4, 4",2026-04-21 11:48:48,"Video, Video Carousel, People also ask, Related searches, Short videos, Discussions and forums, AI overview",informational,Organic
bacchus marsh natural health,28,0,210,16,0,https://herbly.com.au/pages/bacchus-marsh-dispensary,0,0,0,0.01,322000,"53, 43, 53, 53, 53, 43, 81, 53, 65, 65, 65, 100",2026-04-10 09:01:55,"Local pack, Video, Image, Video Carousel, Related searches","commercial, navigational",Organic
bacchus marsh natural health,35,0,210,16,0,https://herbly.com.au/pages/bacchus-marsh-dispensary,0,0,0,0.01,322000,"53, 43, 53, 53, 53, 43, 81, 53, 65, 65, 65, 100",2026-04-10 09:01:55,"Local pack, Video, Image, Video Carousel, Related searches","commercial, navigational",Organic
where can i get medical weed,56,56,90,34,27.41,https://herbly.com.au/pages/parramatta-dispensary,0,0,0,0.28,231,"50, 78, 78, 78, 100, 64, 50, 64, 50, 50, 50, 35",2026-03-11 21:44:44,"Knowledge panel, Video, Related searches, Discussions and forums, AI overview",informational,Organic
medicinal cannabis sunshine coast,1,1,50,4,0,https://herbly.com.au/pages/sunshine-coast-dispensary,0,0,0,0.33,129,"64, 50, 35, 50, 35, 50, 35, 35, 14, 14, 14, 14",2026-03-25 03:47:22,"Knowledge panel, Video, Related searches, AI overview",informational,AI overview
chemist yeppoon,54,35,720,23,0,https://herbly.com.au/pages/yeppoon-dispensary,0,0,0,0.18,18300,"55, 45, 55, 67, 45, 45, 55, 55, 45, 55, 45, 76",2026-04-20 10:05:56,"Local pack, Image, Related searches",commercial,Organic
natural remedies for uc,38,24,70,39,0.83,https://herbly.com.au/blogs/news/natural-treatments-for-ulcerative-colitis,0,0,0,0.96,5470000,"63, 63, 81, 81, 63, 63, 36, 81, 63, 63, 81, 63",2026-04-22 13:48:43,"Sitelinks, Image, People also ask, Discussions and forums, AI overview",informational,Organic
cannabis dispensary brisbane,1,0,170,33,0,https://herbly.com.au/pages/north-lakes-dispensary,0,0,0,0,45600,"100, 66, 100, 80, 80, 66, 80, 66, 66, 66, 80, 66",2026-03-31 14:27:29,"Knowledge panel, Video, Image, People also ask, Related searches, Discussions and forums, AI overview",informational,AI overview
cannabis dispensary brisbane,84,0,170,33,0,https://herbly.com.au/,0,0,0,0,45600,"100, 66, 100, 80, 80, 66, 80, 66, 66, 66, 80, 66",2026-03-31 14:27:29,"Knowledge panel, Video, Image, People also ask, Related searches, Discussions and forums, AI overview",informational,Organic
alternative therapy medication online,24,0,50,48,0,https://herbly.com.au/pages/about-us,0,0,0,0,104,"42, 100, 57, 57, 57",2026-04-13 03:05:42,"Video, People also ask, Related searches, AI overview","commercial, informational",Organic
symptons of ms,85,0,90,51,0,https://herbly.com.au/blogs/news/common-symptoms-of-multiple-sclerosis,0,0,0,0,461000000,"12, 12, 12, 12, 10, 10, 12, 10, 10, 7, 10, 10",2026-04-23 20:08:57,"Image pack, Video, Image, People also ask, Related searches, AI overview",informational,Organic
dispo near me,28,28,210,32,0,https://herbly.com.au/pages/penrith-dispensary,0,0,0,0,89,"0, 0, 0, 0, 0, 0, 0, 0, 0, 0, 0, 100",2026-03-24 16:56:03,"Local pack, Video, Image, Related searches",transactional,Organic
cannabis dispensary gold coast,41,0,70,5,0,https://herbly.com.au/pages/coolangatta-dispensary,0,0,0,0,916000,"55, 44, 77, 55, 77, 77, 100, 100, 100, 100, 77, 77",2026-04-03 04:56:41,"Knowledge panel, Video, Image, Related searches, Discussions and forums, AI overview",informational,Organic
chemist kingaroy opening hours,47,0,70,17,0,https://herbly.com.au/pages/kingaroy-dispensary,0,0,0,0.31,21800,"55, 44, 55, 55, 55, 55, 77, 100, 77, 77, 55, 77",2026-04-05 03:35:16,"Local pack, Image, Related searches",transactional,Organic
remedies for epilepsy,48,0,110,62,0,https://herbly.com.au/blogs/news/exploring-natural-treatments-for-epilepsy-evidence-based-approaches-and-current-research,0,0,0,0.01,33600000,"26, 26, 34, 34, 26, 34, 26, 34, 53, 100, 34, 26",2026-04-18 13:50:49,"Knowledge panel, Sitelinks, Video, Image, Video Carousel, Related searches, Discussions and forums, AI overview",informational,Organic
remedies for epilepsy,73,0,110,62,0,https://herbly.com.au/blogs/news/exploring-natural-treatments-for-epilepsy-evidence-based-approaches-and-current-research,0,0,0,0.01,33600000,"26, 26, 34, 34, 26, 34, 26, 34, 53, 100, 34, 26",2026-04-18 13:50:49,"Knowledge panel, Sitelinks, Video, Image, Video Carousel, Related searches, Discussions and forums, AI overview",informational,Organic
dispen,16,16,390,50,0,https://herbly.com.au/pages/bunbury-dispensary,0,0,0,0,24000000,"36, 16, 8, 20, 24, 20, 100, 24, 20, 30, 30, 24",2026-03-29 09:43:35,"Video, Image, People also ask, Related searches",commercial,Organic
where to get medical cannabis,82,82,90,53,27.41,https://herbly.com.au/pages/mandurah-dispensary,0,0,0,0.28,0,"50, 78, 78, 78, 100, 64, 64, 64, 50, 50, 50, 50",2026-03-11 21:40:45,"Local pack, Video, Related searches, Discussions and forums, AI overview",transactional,Organic
dispensry,22,0,50,38,0,https://herbly.com.au/pages/noosa-dispensary,0,0,0,0,31100000,"0, 0, 0, 0, 0, 0, 1, 0, 0, 0, 66, 0",2026-04-12 12:13:12,"Local pack, Video, Image, People also ask, Related searches",commercial,Organic
dispensry,52,0,50,38,0,https://herbly.com.au/pages/morayfield-dispensary,0,0,0,0,31100000,"0, 0, 0, 0, 0, 0, 1, 0, 0, 0, 66, 0",2026-04-12 12:13:12,"Local pack, Video, Image, People also ask, Related searches",commercial,Organic
dispensry,59,0,50,38,0,https://herbly.com.au/pages/morayfield-dispensary,0,0,0,0,31100000,"0, 0, 0, 0, 0, 0, 1, 0, 0, 0, 66, 0",2026-04-12 12:13:12,"Local pack, Video, Image, People also ask, Related searches",commercial,Organic
dispensry,94,0,50,38,0,https://herbly.com.au/pages/bunbury-dispensary,0,0,0,0,31100000,"0, 0, 0, 0, 0, 0, 1, 0, 0, 0, 66, 0",2026-04-12 12:13:12,"Local pack, Video, Image, People also ask, Related searches",commercial,Organic
medical marijuanas brisbane,38,0,720,53,66.04,https://herbly.com.au/pages/north-lakes-dispensary,0,0,0,0.7,558000,"46, 31, 31, 52, 68, 46, 46, 31, 37, 31, 13, 46",2026-04-19 12:44:17,"Local pack, Video, Ads top, Related searches, Discussions and forums, Ads middle",commercial,Organic
medical marijuanas brisbane,39,0,720,53,66.04,https://herbly.com.au/pages/north-lakes-dispensary,0,0,0,0.7,558000,"46, 31, 31, 52, 68, 46, 46, 31, 37, 31, 13, 46",2026-04-19 12:44:17,"Local pack, Video, Ads top, Related searches, Discussions and forums, Ads middle",commercial,Organic
natural remedies for ulcerative proctitis,34,0,70,40,0.83,https://herbly.com.au/blogs/news/natural-treatments-for-ulcerative-colitis,0,0,0,0.96,116,"81, 63, 100, 63, 81, 63, 36, 63, 81, 63, 81, 63",2026-04-22 21:45:42,"Sitelinks, Image, People also ask, Discussions and forums, AI overview",informational,Organic
chemist newtown sydney,30,0,390,17,0.21,https://herbly.com.au/pages/newtown-dispensary,0,0,0,0.16,113,"66, 54, 44, 100, 81, 36, 19, 44, 66, 54, 54, 81",2026-03-31 22:50:24,"Knowledge panel, Video, Image, Related searches",informational,Organic
chemist newtown sydney,41,0,390,17,0.21,https://herbly.com.au/pages/newtown-dispensary,0,0,0,0.16,113,"66, 54, 44, 100, 81, 36, 19, 44, 66, 54, 54, 81",2026-03-31 22:50:24,"Knowledge panel, Video, Image, Related searches",informational,Organic
symptoms of depression in men,48,0,480,74,0.35,https://herbly.com.au/blogs/news/signs-and-symptoms-of-depression-in-men-and-women,0,0,0,0.51,315000000,"59, 59, 88, 59, 17, 17, 21, 72, 59, 14, 59, 48",2026-04-10 21:34:23,AI overview,informational,Organic
manly clinic reviews,71,71,50,18,0,https://herbly.com.au/pages/manly-dispensary,0,0,0,0.33,0,"63, 81, 36, 36, 45, 63, 45, 45, 36, 27, 18, 18",2026-03-07 15:00:10,"Knowledge panel, Related searches, AI overview","commercial, informational",Organic
natural cure for ulcerative colitis disease,39,0,70,36,0.83,https://herbly.com.au/blogs/news/natural-treatments-for-ulcerative-colitis,0,0,0,0.96,23000000,"63, 63, 81, 81, 63, 63, 36, 81, 63, 63, 81, 63",2026-04-20 20:43:29,"Sitelinks, People also ask, Related searches, Discussions and forums, AI overview",informational,Organic
natural antidepressants,57,0,480,53,0.86,https://herbly.com.au/blogs/news/natural-treatments-for-depression,0,0,0,1,13900000,"54, 54, 67, 67, 54, 67, 67, 67, 54, 54, 54, 44",2026-04-19 19:43:07,"Sitelinks, Image, Related searches, Discussions and forums, AI overview",informational,Organic
pms abdominal bloating,74,74,90,53,0,https://herbly.com.au/blogs/women-s-health/bloating-and-menstruation-can-cbd-provide-relief,0,0,0,0.24,0,"100, 78, 78, 50, 50, 50, 50, 64, 78, 78, 64, 64",2026-03-17 00:37:35,"Video, Image, Related searches, Discussions and forums, AI overview",informational,Organic
holistic treatment anxiety,16,16,260,60,0.86,https://herbly.com.au/blogs/news/holistic-treatment-for-anxiety-exploring-alternative-medicine-and-natural-therapies-in-australia,0,0,0,1,230,"100, 44, 44, 15, 0, 0, 0, 0, 15, 15, 54, 67",2026-03-16 13:10:09,"Related searches, AI overview",informational,Organic
holistic treatment anxiety,94,94,260,60,0.86,https://herbly.com.au/pages/holistic-treatment-for-anxiety,0,0,0,1,230,"100, 44, 44, 15, 0, 0, 0, 0, 15, 15, 54, 67",2026-03-16 13:10:09,"Related searches, AI overview",informational,Organic
where to buy weed in canberra,76,0,70,22,0,https://herbly.com.au/pages/queanbeyan-dispensary,0,0,0,0.33,3360000,"14, 9, 14, 14, 14, 14, 42, 42, 100, 52, 66, 66",2026-04-11 17:01:29,"Sitelinks, Related searches",transactional,Organic
ulcerative proctitis natural treatment,16,16,50,35,0,https://herbly.com.au/blogs/news/natural-treatments-for-ulcerative-colitis,0,0,0,0.83,137,"63, 63, 81, 81, 63, 63, 36, 36, 36, 27, 0, 0",2026-03-22 22:59:59,"Sitelinks, Image, People also ask, Discussions and forums, AI overview",informational,Organic
natural medicine for ulcerative colitis,13,13,70,32,0.83,https://herbly.com.au/blogs/news/natural-treatments-for-ulcerative-colitis,0,0,0,0.96,0,"63, 63, 81, 81, 63, 63, 36, 81, 63, 63, 81, 63",2026-03-10 09:03:17,"Image, Discussions and forums, AI overview",informational,Organic
natural medicine for ulcerative colitis,82,82,70,32,0.83,https://herbly.com.au/blogs/news/natural-medicine-for-inflammatory-bowel-disease,0,0,0,0.96,0,"63, 63, 81, 81, 63, 63, 36, 81, 63, 63, 81, 63",2026-03-10 09:03:17,"Image, Discussions and forums, AI overview",informational,Organic
cannabis medicine australia,98,0,50,59,0,https://herbly.com.au/blogs/latest-medical-articles/alternative-medicine-in-australia,0,0,0,0,2470,"0, 0, 0, 0, 0, 0, 63, 63, 63, 100, 100, 100",2026-04-26 18:30:56,"Video, Video Carousel, People also ask, Related searches, Discussions and forums, AI overview",informational,Organic
once for all rockingham,43,0,90,23,0,https://herbly.com.au/pages/rockingham-dispensary,0,0,0,0.02,3000000,"42, 26, 26, 26, 42, 26, 42, 34, 26, 26, 34, 53",2026-04-18 07:49:01,"Knowledge panel, Video, People also ask, Related searches","informational, transactional",Organic
once for all rockingham,47,0,90,23,0,https://herbly.com.au/pages/rockingham-dispensary,0,0,0,0.02,3000000,"42, 26, 26, 26, 42, 26, 42, 34, 26, 26, 34, 53",2026-04-18 07:49:01,"Knowledge panel, Video, People also ask, Related searches","informational, transactional",Organic
medical marijuanas nsw dispensary,91,0,210,44,0,https://herbly.com.au/pages/parramatta-dispensary,0,0,0,0,33700,"21, 65, 43, 65, 65, 65, 100, 81, 81, 81, 81, 53",2026-04-04 13:23:01,"Local pack, Video, Image, Ads bottom, Related searches",navigational,Organic
medical cannabis pharmacy brisbane,76,0,50,23,0,https://herbly.com.au/pages/north-lakes-dispensary,0,0,0,0.33,190000,"14, 14, 14, 14, 14, 14, 64, 78, 64, 50, 64, 50",2026-04-14 22:08:04,"Local pack, Sitelinks, Video, Related searches",commercial,Organic
medical cannabis pharmacy brisbane,82,0,50,23,0,https://herbly.com.au/pages/north-lakes-dispensary,0,0,0,0.33,190000,"14, 14, 14, 14, 14, 14, 64, 78, 64, 50, 64, 50",2026-04-14 22:08:04,"Local pack, Sitelinks, Video, Related searches",commercial,Organic
medical marijuana western australia,84,0,70,36,0,https://herbly.com.au/pages/mandurah-dispensary,0,0,0,0,138,"4, 14, 4, 9, 9, 9, 52, 66, 52, 52, 66, 100",2026-04-12 05:26:22,"Sitelinks, Video, Image, Related searches, Discussions and forums, AI overview",informational,Organic
dispensary gold coast,46,36,90,24,51.7,https://herbly.com.au/pages/coolangatta-dispensary,0,0,0,0.62,95,"63, 63, 100, 63, 81, 63, 63, 63, 63, 81, 81, 81",2026-04-19 15:58:26,"Local pack, Video, Image, Related searches",commercial,Organic
ptsd australia,76,76,90,41,0,https://herbly.com.au/blogs/news/understanding-ptsd-who-it-affects-causes-and-treatments,0,0,0,0,0,"33, 42, 52, 33, 42, 33, 52, 52, 66, 52, 42, 42",2026-03-08 17:48:18,"Video, Image, Video Carousel, Related searches, AI overview",informational,Organic
cheapest medical marijuanas australia,77,0,50,13,7.47,https://herbly.com.au/,0,0,0,0.73,8920000,"18, 27, 18, 36, 81, 100, 63, 81, 45, 45, 63, 45",2026-04-26 13:52:04,"Sitelinks, Video, People also ask, Related searches, Discussions and forums, AI overview",informational,Organic
dispensaries near me,15,64,210,32,0,https://herbly.com.au/pages/ipswich-dispensary,0,0,0,0,85,"6, 4, 10, 6, 8, 13, 13, 100, 3, 2, 4, 4",2026-04-02 09:18:55,"Local pack, Video, Related searches",transactional,Organic
dispensaries near me,25,0,210,32,0,https://herbly.com.au/pages/penrith-dispensary,0,0,0,0,85,"6, 4, 10, 6, 8, 13, 13, 100, 3, 2, 4, 4",2026-04-02 09:18:55,"Local pack, Video, Related searches",transactional,Organic
dispensaries near me,38,0,210,32,0,https://herbly.com.au/pages/mandurah-dispensary,0,0,0,0,85,"6, 4, 10, 6, 8, 13, 13, 100, 3, 2, 4, 4",2026-04-02 09:18:55,"Local pack, Video, Related searches",transactional,Organic
dispensaries near me,46,0,210,32,0,https://herbly.com.au/pages/wollongong-dispensary,0,0,0,0,85,"6, 4, 10, 6, 8, 13, 13, 100, 3, 2, 4, 4",2026-04-02 09:18:55,"Local pack, Video, Related searches",transactional,Organic
dispensaries near me,50,0,210,32,0,https://herbly.com.au/pages/wollongong-dispensary,0,0,0,0,85,"6, 4, 10, 6, 8, 13, 13, 100, 3, 2, 4, 4",2026-04-02 09:18:55,"Local pack, Video, Related searches",transactional,Organic
dispensaries near me,54,0,210,32,0,https://herbly.com.au/pages/newtown-dispensary,0,0,0,0,85,"6, 4, 10, 6, 8, 13, 13, 100, 3, 2, 4, 4",2026-04-02 09:18:55,"Local pack, Video, Related searches",transactional,Organic
health stores wollongong,52,75,110,15,0.61,https://herbly.com.au/pages/wollongong-dispensary,0,0,0,0.3,107,"82, 52, 64, 64, 64, 41, 64, 64, 82, 100, 64, 52",2026-04-06 14:39:54,"Local pack, Sitelinks, Video, Image, Related searches",commercial,Organic
natural antidepressant,60,0,110,56,0.86,https://herbly.com.au/blogs/news/natural-treatments-for-depression,0,0,0,1,26500000,"53, 10, 23, 12, 12, 66, 100, 12, 23, 10, 10, 12",2026-04-22 13:41:07,"Image pack, Sitelinks, Image, AI overview",informational,Organic
natural antidepressant,78,0,110,56,0.86,https://herbly.com.au/blogs/news/natural-treatments-for-depression,0,0,0,1,26500000,"53, 10, 23, 12, 12, 66, 100, 12, 23, 10, 10, 12",2026-04-22 13:41:07,"Image pack, Sitelinks, Image, AI overview",informational,Organic
pot dispensary,39,0,880,25,0,https://herbly.com.au/pages/newtown-dispensary,0,0,0,0,12900000,"100, 72, 59, 100, 88, 88, 72, 59, 88, 88, 100, 72",2026-04-25 06:11:51,"Knowledge panel, Sitelinks, Video, Image, People also ask, Related searches",navigational,Organic
medical marijuanas online,64,64,70,43,74.47,https://herbly.com.au/pages/sunshine-coast-dispensary,0,0,0,0.06,0,"15, 3, 21, 9, 6, 12, 21, 21, 21, 100, 21, 21",2026-03-19 04:04:07,Video,commercial,Organic
medical marijuanas online,76,76,70,43,74.47,https://herbly.com.au/pages/ipswich-dispensary,0,0,0,0.06,0,"15, 3, 21, 9, 6, 12, 21, 21, 21, 100, 21, 21",2026-03-19 04:04:07,Video,commercial,Organic
medical cannabis online australia,58,58,110,47,0,https://herbly.com.au/,0,0,0,0,0,"33, 23, 33, 42, 33, 33, 80, 80, 80, 80, 100, 66",2026-03-19 05:54:15,"Video, Related searches",informational,Organic
medicinal cannabis clinic,90,0,70,39,0,https://herbly.com.au/pages/parramatta-dispensary,0,0,0,0,50700000,"23, 23, 23, 23, 23, 19, 33, 23, 66, 100, 66, 14",2026-04-18 09:56:04,"Local pack, Video, Related searches",commercial,Organic
flora dispensary,72,80,720,12,3.92,https://herbly.com.au/pages/parramatta-dispensary,0,0,0,0.04,664000,"55, 0, 0, 76, 76, 76, 24, 67, 0, 76, 100, 100",2026-04-25 17:08:02,"Knowledge panel, Video, Image, People also ask, Related searches",commercial,Organic
buy medical cannabis australia,82,0,50,57,0,https://herbly.com.au/,0,0,0,0,31700000,"0, 0, 0, 0, 0, 7, 64, 64, 64, 100, 64, 64",2026-04-26 16:40:35,"Local pack, Video, People also ask, Related searches, Discussions and forums, AI overview",informational,Organic
the endocannabinoid system,29,0,210,58,0,https://herbly.com.au/blogs/latest-medical-articles/understanding-the-endocannabinoid-system,0,0,0,0,2650000,"44, 29, 44, 36, 44, 36, 36, 19, 23, 19, 15, 12",2026-04-16 15:56:31,"Image pack, Video, Video Carousel, People also ask, Related searches, AI overview",informational,Organic
barwon heads pharmacy,44,37,480,28,0,https://herbly.com.au/pages/barwon-heads-dispensary,0,0,0,0,8860,"66, 66, 66, 100, 66, 54, 54, 54, 66, 54, 66, 100",2026-04-10 18:57:10,"Knowledge panel, Video, Image, People also ask, Related searches","informational, transactional",Organic
barwon heads pharmacy,61,37,480,28,0,https://herbly.com.au/pages/barwon-heads-dispensary,0,0,0,0,8860,"66, 66, 66, 100, 66, 54, 54, 54, 66, 54, 66, 100",2026-04-10 18:57:10,"Knowledge panel, Video, Image, People also ask, Related searches","informational, transactional",Organic
where can i get weed,39,39,90,58,0,https://herbly.com.au/pages/parramatta-dispensary,0,0,0,0.04,170000000,"19, 9, 9, 15, 19, 12, 12, 12, 12, 9, 12, 12",2026-03-20 06:47:56,"Local pack, Sitelinks, Video, Image, Discussions and forums, AI overview",informational,Organic
where can i get weed,80,80,90,58,0,https://herbly.com.au/pages/wollongong-dispensary,0,0,0,0.04,170000000,"19, 9, 9, 15, 19, 12, 12, 12, 12, 9, 12, 12",2026-03-20 06:47:56,"Local pack, Sitelinks, Video, Image, Discussions and forums, AI overview",informational,Organic
where can i get weed,97,97,90,58,0,https://herbly.com.au/pages/mandurah-dispensary,0,0,0,0.04,170000000,"19, 9, 9, 15, 19, 12, 12, 12, 12, 9, 12, 12",2026-03-20 06:47:56,"Local pack, Sitelinks, Video, Image, Discussions and forums, AI overview",informational,Organic
diabetic neuropathy treatments,37,0,70,40,0.29,https://herbly.com.au/blogs/news/diabetic-nerve-pain-comprehensive-therapies-and-treatment-options,0,0,0,0.22,30800000,"9, 0, 4, 0, 0, 0, 33, 42, 42, 66, 100, 66",2026-04-12 19:01:12,"Sitelinks, Video, Image, Related searches, Discussions and forums, AI overview",informational,Organic
diabetic neuropathy treatments,39,0,70,40,0.29,https://herbly.com.au/blogs/news/diabetic-nerve-pain-comprehensive-therapies-and-treatment-options,0,0,0,0.22,30800000,"9, 0, 4, 0, 0, 0, 33, 42, 42, 66, 100, 66",2026-04-12 19:01:12,"Sitelinks, Video, Image, Related searches, Discussions and forums, AI overview",informational,Organic
heads near me,57,0,50,42,0,https://herbly.com.au/pages/tweed-heads-dispensary,0,0,0,0.03,386000000,"18, 18, 18, 18, 18, 18, 100, 100, 18, 100, 18, 100",2026-04-28 07:10:30,"Sitelinks, Related searches, AI overview","informational, transactional",Organic
colitis ulcerosa natural treatment,35,0,70,39,0.83,https://herbly.com.au/blogs/news/natural-treatments-for-ulcerative-colitis,0,0,0,0.96,518000,"63, 63, 81, 81, 63, 63, 36, 81, 63, 63, 81, 63",2026-04-20 19:58:24,"Sitelinks, Image, People also ask, Related searches, Discussions and forums, AI overview",informational,Organic
easy cannabis clinic,14,14,90,49,0,https://herbly.com.au/pages/newtown-dispensary,0,0,0,0,27800000,"64, 64, 64, 64, 82, 100, 64, 0, 11, 11, 11, 17",2026-03-21 10:48:43,AI overview,informational,Organic
easy cannabis clinic,37,37,90,49,0,https://herbly.com.au/pages/hervey-bay-dispensary,0,0,0,0,27800000,"64, 64, 64, 64, 82, 100, 64, 0, 11, 11, 11, 17",2026-03-21 10:48:43,AI overview,informational,Organic
easy cannabis clinic,41,37,90,49,0,https://herbly.com.au/pages/hervey-bay-dispensary,0,0,0,0,27800000,"64, 64, 64, 64, 82, 100, 64, 0, 11, 11, 11, 17",2026-03-21 10:48:43,AI overview,informational,Organic
easy cannabis clinic,82,82,90,49,0,https://herbly.com.au/pages/mandurah-dispensary,0,0,0,0,27800000,"64, 64, 64, 64, 82, 100, 64, 0, 11, 11, 11, 17",2026-03-21 10:48:43,AI overview,informational,Organic
causes of insomnia,58,0,260,72,0.22,https://herbly.com.au/blogs/news/understanding-insomnia-the-hidden-struggles-of-sleep,0,0,0,0.32,203000000,"14, 14, 14, 14, 48, 21, 39, 39, 32, 39, 32, 21",2026-04-01 14:02:04,"Video, Image, Video Carousel, Related searches, Discussions and forums, AI overview",informational,Organic
medical cannabis delivery,8,0,50,39,0,https://herbly.com.au/pages/hervey-bay-dispensary,0,0,0,0,59900000,"9, 0, 9, 9, 9, 9, 63, 63, 63, 63, 100, 100",2026-04-29 14:58:15,"Knowledge panel, Video, People also ask, Related searches, Discussions and forums",informational,Organic
medical cannabis delivery,13,0,50,39,0,https://herbly.com.au/pages/hervey-bay-dispensary,0,0,0,0,59900000,"9, 0, 9, 9, 9, 9, 63, 63, 63, 63, 100, 100",2026-04-29 14:58:15,"Knowledge panel, Video, People also ask, Related searches, Discussions and forums",informational,Organic
medical cannabis delivery,36,0,50,39,0,https://herbly.com.au/pages/wollongong-dispensary,0,0,0,0,59900000,"9, 0, 9, 9, 9, 9, 63, 63, 63, 63, 100, 100",2026-04-29 14:58:15,"Knowledge panel, Video, People also ask, Related searches, Discussions and forums",informational,Organic
medical cannabis delivery,45,0,50,39,0,https://herbly.com.au/pages/sunshine-coast-dispensary,0,0,0,0,59900000,"9, 0, 9, 9, 9, 9, 63, 63, 63, 63, 100, 100",2026-04-29 14:58:15,"Knowledge panel, Video, People also ask, Related searches, Discussions and forums",informational,Organic
medical cannabis delivery,57,0,50,39,0,https://herbly.com.au/pages/cairns-dispensary,0,0,0,0,59900000,"9, 0, 9, 9, 9, 9, 63, 63, 63, 63, 100, 100",2026-04-29 14:58:15,"Knowledge panel, Video, People also ask, Related searches, Discussions and forums",informational,Organic
superbly green,15,15,90,27,3.03,https://herbly.com.au/,0,0,0,0.14,181,"7, 26, 26, 80, 34, 34, 42, 34, 42, 42, 34, 3",2026-03-20 00:27:35,"Image pack, Sitelinks, Video, Related searches",navigational,Organic
where to buy weed in sydney,32,32,90,30,0,https://herbly.com.au/pages/parramatta-dispensary,0,0,0,0,0,"82, 82, 41, 52, 41, 41, 64, 41, 64, 52, 41, 52",2026-03-18 22:07:23,"Local pack, Sitelinks, Video, Image, Related searches",transactional,Organic
herbal remedies for add,76,0,320,49,0.87,https://herbly.com.au/blogs/news/holistic-treatments-for-adhd-a-comprehensive-approach,0,0,0,1,270000000,"81, 81, 66, 81, 81, 54, 29, 54, 66, 54, 43, 43",2026-04-08 08:48:16,"Sitelinks, Image, People also ask, Discussions and forums, AI overview",informational,Organic
holistic medicine for ms,72,15,70,36,0.3,https://herbly.com.au/blogs/news/understanding-multiple-sclerosis,0,0,0,0.37,105000000,"63, 63, 63, 63, 63, 63, 100, 63, 63, 27, 18, 18",2026-04-21 16:38:40,"Sitelinks, Image, People also ask, AI overview",informational,Organic
holistic medicine for ms,80,15,70,36,0.3,https://herbly.com.au/blogs/news/understanding-multiple-sclerosis,0,0,0,0.37,105000000,"63, 63, 63, 63, 63, 63, 100, 63, 63, 27, 18, 18",2026-04-21 16:38:40,"Sitelinks, Image, People also ask, AI overview",informational,Organic
online cbd prescription,67,67,90,50,20.86,https://herbly.com.au/pages/coffs-harbour-dispensary,0,0,0,0.88,0,"64, 50, 50, 50, 50, 64, 78, 64, 64, 78, 100, 64",2026-03-18 14:03:38,"Video, Related searches",commercial,Organic
online cbd prescription,71,67,90,50,20.86,https://herbly.com.au/pages/coffs-harbour-dispensary,0,0,0,0.88,0,"64, 50, 50, 50, 50, 64, 78, 64, 64, 78, 100, 64",2026-03-18 14:03:38,"Video, Related searches",commercial,Organic
kush clinic caloundra,17,15,70,23,5.4,https://herbly.com.au/pages/caloundra-dispensary,0,0,0,0.34,460,"64, 41, 64, 17, 23, 29, 29, 41, 0, 52, 52, 52",2026-04-17 19:50:15,"Knowledge panel, Sitelinks, Video, Related searches",navigational,Organic
kush clinic caloundra,21,15,70,23,5.4,https://herbly.com.au/pages/caloundra-dispensary,0,0,0,0.34,460,"64, 41, 64, 17, 23, 29, 29, 41, 0, 52, 52, 52",2026-04-17 19:50:15,"Knowledge panel, Sitelinks, Video, Related searches",navigational,Organic
natural therapy for insomnia,73,73,170,67,0.53,https://herbly.com.au/blogs/news/insomnia-therapies-and-treatments-conventional-alternative-and-holistic-approaches,0,0,0,0.91,136000000,"80, 80, 42, 100, 80, 53, 42, 42, 80, 53, 42, 34",2026-03-26 01:53:37,"Sitelinks, Image, Related searches, AI overview",informational,Organic
medical marijuana prescription online,34,0,50,,0,https://herbly.com.au/pages/parramatta-dispensary,0,0,0,0,207,"7, 7, 14, 7, 14, 14, 100, 100, 64, 35, 50, 14",2026-04-14 07:34:57,"Video, People also ask, Related searches",commercial,Organic
medical marijuana prescription online,68,0,50,,0,https://herbly.com.au/pages/albury-dispensary,0,0,0,0,207,"7, 7, 14, 7, 14, 14, 100, 100, 64, 35, 50, 14",2026-04-14 07:34:57,"Video, People also ask, Related searches",commercial,Organic
medical marijuana prescription online,88,0,50,,0,https://herbly.com.au/pages/bunbury-dispensary,0,0,0,0,207,"7, 7, 14, 7, 14, 14, 100, 100, 64, 35, 50, 14",2026-04-14 07:34:57,"Video, People also ask, Related searches",commercial,Organic
cure for sleeplessness,51,67,140,83,0.72,https://herbly.com.au/blogs/news/insomnia-therapies-and-treatments-conventional-alternative-and-holistic-approaches,0,0,0,0.75,33300000,"0, 80, 65, 100, 53, 0, 42, 42, 65, 53, 42, 53",2026-04-25 08:59:19,"Video, Video Carousel, People also ask, Related searches, Discussions and forums, AI overview",informational,Organic
cure for sleeplessness,68,67,140,83,0.72,https://herbly.com.au/blogs/news/insomnia-therapies-and-treatments-conventional-alternative-and-holistic-approaches,0,0,0,0.75,33300000,"0, 80, 65, 100, 53, 0, 42, 42, 65, 53, 42, 53",2026-04-25 08:59:19,"Video, Video Carousel, People also ask, Related searches, Discussions and forums, AI overview",informational,Organic
remedy for sleeplessness,45,45,70,84,0.76,https://herbly.com.au/blogs/news/insomnia-therapies-and-treatments-conventional-alternative-and-holistic-approaches,0,0,0,1,0,"52, 4, 100, 42, 14, 52, 52, 33, 23, 19, 19, 23",2026-03-13 02:43:06,"Video, Video Carousel, Related searches, AI overview",informational,Organic
natural treatment for depression,68,0,140,57,0.51,https://herbly.com.au/blogs/news/natural-treatments-for-depression,0,0,0,0.74,1350000,"80, 52, 52, 100, 66, 66, 66, 52, 42, 42, 42, 52",2026-04-27 13:51:29,"Sitelinks, People also ask, Related searches, AI overview",informational,Organic
cannabis dispensary near me,15,9,140,24,0,https://herbly.com.au/pages/penrith-dispensary,0,0,0,0,0,"35, 29, 29, 43, 43, 43, 29, 22, 29, 29, 29, 22",2026-03-07 19:23:59,"Knowledge panel, Video, Image, Related searches, AI overview","informational, transactional",Organic
cannabis dispensary near me,36,36,140,24,0,https://herbly.com.au/pages/campbelltown-dispensary,0,0,0,0,0,"35, 29, 29, 43, 43, 43, 29, 22, 29, 29, 29, 22",2026-03-07 19:23:59,"Knowledge panel, Video, Image, Related searches, AI overview","informational, transactional",Organic
cannabis dealers near me,31,0,90,31,0,https://herbly.com.au/pages/newtown-dispensary,0,0,0,0.01,5120000,"63, 63, 81, 81, 81, 63, 63, 81, 81, 63, 63, 81",2026-04-25 05:06:53,"Local pack, Sitelinks, People also ask, Related searches","informational, transactional",Organic
cannabis dealers near me,47,0,90,31,0,https://herbly.com.au/pages/hervey-bay-dispensary,0,0,0,0.01,5120000,"63, 63, 81, 81, 81, 63, 63, 81, 81, 63, 63, 81",2026-04-25 05:06:53,"Local pack, Sitelinks, People also ask, Related searches","informational, transactional",Organic
cannabis dealers near me,60,0,90,31,0,https://herbly.com.au/pages/bunbury-dispensary,0,0,0,0.01,5120000,"63, 63, 81, 81, 81, 63, 63, 81, 81, 63, 63, 81",2026-04-25 05:06:53,"Local pack, Sitelinks, People also ask, Related searches","informational, transactional",Organic
cannabis dealers near me,87,0,90,31,0,https://herbly.com.au/pages/adelaide-dispensary,0,0,0,0.01,5120000,"63, 63, 81, 81, 81, 63, 63, 81, 81, 63, 63, 81",2026-04-25 05:06:53,"Local pack, Sitelinks, People also ask, Related searches","informational, transactional",Organic
cannabis dealers near me,98,0,90,31,0,https://herbly.com.au/pages/wollongong-dispensary,0,0,0,0.01,5120000,"63, 63, 81, 81, 81, 63, 63, 81, 81, 63, 63, 81",2026-04-25 05:06:53,"Local pack, Sitelinks, People also ask, Related searches","informational, transactional",Organic
lithgow pharmacy,65,65,90,19,0,https://herbly.com.au/pages/lithgow-dispensary,0,0,0,0.14,347000,"12, 12, 15, 19, 15, 12, 6, 9, 9, 9, 9, 9",2026-03-30 05:36:09,"Local pack, Sitelinks, Video, Image, Related searches",commercial,Organic
hrt alternatives,70,0,40,33,0.86,https://herbly.com.au/blogs/women-s-health/women-turning-to-alternative-medicine-for-relief-of-menopause-symptoms,0,0,0,1,129,"11, 11, 64, 64, 11, 11, 11, 11, 11, 11, 11, 29",2026-04-09 23:42:57,"Video, Image, People also ask, Related searches, Discussions and forums, AI overview",informational,Organic
arthertis,51,0,70,84,0,https://herbly.com.au/blogs/news/understanding-arthritis-causes-impacts-and-treatments,0,0,0,0,104000000,"0, 0, 0, 100, 0, 0, 0, 0, 0, 0, 0, 0",2026-04-28 20:28:45,"Video, Image, Video Carousel, People also ask, Related searches, Discussions and forums, AI overview",informational,Organic
where can i buy weed in sydney,69,69,90,43,0,https://herbly.com.au/pages/parramatta-dispensary,0,0,0,0,0,"52, 64, 41, 41, 52, 29, 52, 41, 52, 41, 41, 52",2026-03-07 05:14:57,"Local pack, Sitelinks, Related searches, AI overview",transactional,Organic
medical marijuana doctor,43,0,140,25,0,https://herbly.com.au/pages/caboolture-dispensary,0,0,0,0,65500000,"29, 29, 29, 29, 29, 29, 29, 22, 29, 29, 29, 29",2026-04-04 02:15:22,"Video, Image, Related searches, AI overview",informational,Organic
med dispensary,17,17,90,55,60.9,https://herbly.com.au/pages/newtown-dispensary,0,0,0,0.08,11100000,"33, 33, 52, 52, 42, 33, 33, 42, 100, 52, 42, 42",2026-03-23 16:56:02,"Local pack, Image, Related searches",commercial,Organic
med dispensary,47,47,90,55,60.9,https://herbly.com.au/pages/mount-isa-dispensary,0,0,0,0.08,11100000,"33, 33, 52, 52, 42, 33, 33, 42, 100, 52, 42, 42",2026-03-23 16:56:02,"Local pack, Image, Related searches",commercial,Organic
med dispensary,54,54,90,55,60.9,https://herbly.com.au/pages/parramatta-dispensary,0,0,0,0.08,11100000,"33, 33, 52, 52, 42, 33, 33, 42, 100, 52, 42, 42",2026-03-23 16:56:02,"Local pack, Image, Related searches",commercial,Organic
med dispensary,58,58,90,55,60.9,https://herbly.com.au/pages/bunbury-dispensary,0,0,0,0.08,11100000,"33, 33, 52, 52, 42, 33, 33, 42, 100, 52, 42, 42",2026-03-23 16:56:02,"Local pack, Image, Related searches",commercial,Organic
med dispensary,62,17,90,55,60.9,https://herbly.com.au/pages/newtown-dispensary,0,0,0,0.08,11100000,"33, 33, 52, 52, 42, 33, 33, 42, 100, 52, 42, 42",2026-03-23 16:56:02,"Local pack, Image, Related searches",commercial,Organic
med dispensary,69,69,90,55,60.9,https://herbly.com.au/pages/albury-dispensary,0,0,0,0.08,11100000,"33, 33, 52, 52, 42, 33, 33, 42, 100, 52, 42, 42",2026-03-23 16:56:02,"Local pack, Image, Related searches",commercial,Organic
med dispensary,70,70,90,55,60.9,https://herbly.com.au/pages/campbelltown-dispensary,0,0,0,0.08,11100000,"33, 33, 52, 52, 42, 33, 33, 42, 100, 52, 42, 42",2026-03-23 16:56:02,"Local pack, Image, Related searches",commercial,Organic
buy weed online,28,28,140,38,0,https://herbly.com.au/pages/wollongong-dispensary,0,0,0,0,185,"23, 23, 23, 23, 23, 23, 28, 28, 23, 23, 23, 23",2026-03-21 00:05:27,Image,transactional,Organic
budding wellness noosa,16,16,480,26,3.35,https://herbly.com.au/pages/noosa-dispensary,0,0,0,0.09,4380,"36, 24, 13, 10, 8, 10, 20, 20, 20, 24, 20, 20",2026-03-29 04:38:14,"Knowledge panel, Sitelinks, Video, People also ask, Related searches",navigational,Organic
budding wellness noosa,18,16,480,26,3.35,https://herbly.com.au/pages/noosa-dispensary,0,0,0,0.09,4380,"36, 24, 13, 10, 8, 10, 20, 20, 20, 24, 20, 20",2026-03-29 04:38:14,"Knowledge panel, Sitelinks, Video, People also ask, Related searches",navigational,Organic
conveniently sunbury,58,0,170,29,0,https://herbly.com.au/pages/sunbury-dispensary,0,0,0,0.03,429000,"42, 42, 65, 53, 53, 42, 80, 100, 65, 65, 80, 100",2026-04-17 13:44:07,"Knowledge panel, Image pack, Video, Related searches","informational, transactional",Organic
high street newtown,14,0,170,25,0,https://herbly.com.au/pages/newtown-dispensary,0,0,0,0.01,34400000,"11, 42, 53, 42, 53, 80, 80, 65, 80, 65, 80, 100",2026-04-18 21:07:57,"Sitelinks, Video, Image, Related searches",navigational,Organic
high street newtown,53,0,170,25,0,https://herbly.com.au/pages/campbelltown-dispensary,0,0,0,0.01,34400000,"11, 42, 53, 42, 53, 80, 80, 65, 80, 65, 80, 100",2026-04-18 21:07:57,"Sitelinks, Video, Image, Related searches",navigational,Organic
endometriosis relief naturally,35,35,210,14,0.39,https://herbly.com.au/blogs/news/natural-remedies-for-endometriosis,0,0,0,0.97,230,"43, 43, 35, 43, 29, 29, 22, 35, 100, 29, 29, 29",2026-03-16 04:14:38,"Sitelinks, Image, Related searches, Discussions and forums, AI overview",informational,Organic
adhd natural medicine,23,0,210,46,0.84,https://herbly.com.au/pages/adhd-treatments-attention-deficit-hyperactivity-disorder,0,0,0,1,133000000,"82, 100, 53, 66, 100, 66, 53, 53, 53, 35, 35, 35",2026-04-24 02:40:00,"Image, People also ask, Discussions and forums, AI overview",informational,Organic
cannabis clinic sydney,66,66,70,31,0,https://herbly.com.au/pages/parramatta-dispensary,0,0,0,0,0,"43, 9, 43, 12, 9, 6, 21, 15, 21, 21, 21, 15",2026-03-13 08:07:12,"Local pack, Video, Image, Related searches",commercial,Organic
alternative treatments for ulcerative colitis,1,1,70,52,0.83,https://herbly.com.au/blogs/news/natural-treatments-for-ulcerative-colitis,0,0,0,0.96,146,"64, 50, 64, 64, 50, 50, 28, 64, 50, 50, 64, 50",2026-03-20 14:59:21,"People also ask, Related searches, Discussions and forums, AI overview",informational,AI overview
cannabisclinic,74,0,40,34,5.21,https://herbly.com.au/pages/ipswich-dispensary,0,0,0,0.07,53400000,"0, 0, 0, 0, 0, 0, 2, 0, 0, 0, 100, 0",2026-04-15 23:15:00,"Local pack, Video, Image, Related searches",commercial,Organic
natural stress relief supplements,93,0,40,19,1.26,https://herbly.com.au/blogs/news/natural-stress-remedies,0,0,0,0.92,49900000,"22, 22, 22, 33, 44, 22, 55, 55, 55, 55, 77, 77",2026-04-15 14:34:53,"Sitelinks, Video, Related searches, Discussions and forums, AI overview",informational,Organic
sciatic nerve therapy treatment,68,68,90,28,8.12,https://herbly.com.au/blogs/news/sciatica-therapies-and-treatment-exploring-conventional-alternative-and-natural-options,0,0,0,0.67,155,"100, 81, 53, 81, 6, 6, 6, 6, 6, 6, 6, 6",2026-03-14 13:57:44,"Video, Image, Video Carousel, Related searches, AI overview",informational,Organic
true green health dispensary,72,59,720,27,3.1,https://herbly.com.au/pages/newtown-dispensary,0,0,0,0.2,2890000,"0, 67, 100, 55, 55, 76, 76, 55, 36",2026-04-18 09:49:44,"Local pack, Sitelinks, Video, People also ask, Related searches",navigational,Organic
medical weed online,16,16,70,49,0,https://herbly.com.au/pages/bunbury-dispensary,0,0,0,0,225,"36, 27, 45, 45, 81, 81, 100, 100, 100, 81, 81, 45",2026-03-21 17:51:31,"Video, Related searches",commercial,Organic
medical weed online,40,40,70,49,0,https://herbly.com.au/pages/parramatta-dispensary,0,0,0,0,225,"36, 27, 45, 45, 81, 81, 100, 100, 100, 81, 81, 45",2026-03-21 17:51:31,"Video, Related searches",commercial,Organic
medicinal marijuanas brisbane,27,27,170,43,0,https://herbly.com.au/pages/victoria-point-dispensary,0,0,0,0,150,"67, 1, 12, 12, 54, 29, 10, 15, 10, 12, 12, 10",2026-03-25 03:58:48,"Local pack, Video, Related searches",commercial,Organic
medicinal marijuanas brisbane,37,37,170,43,0,https://herbly.com.au/pages/north-lakes-dispensary,0,0,0,0,150,"67, 1, 12, 12, 54, 29, 10, 15, 10, 12, 12, 10",2026-03-25 03:58:48,"Local pack, Video, Related searches",commercial,Organic
medicinal marijuanas brisbane,87,37,170,43,0,https://herbly.com.au/pages/north-lakes-dispensary,0,0,0,0,150,"67, 1, 12, 12, 54, 29, 10, 15, 10, 12, 12, 10",2026-03-25 03:58:48,"Local pack, Video, Related searches",commercial,Organic
signs and symptoms of multiple sclerosis disease,31,31,480,66,0.02,https://herbly.com.au/blogs/news/common-symptoms-of-multiple-sclerosis,0,0,0,0.26,158,"81, 54, 44, 100, 81, 66, 19, 54, 81, 66, 66, 44",2026-03-17 22:23:49,"Video, Image, Related searches, AI overview",informational,Organic
mental health and depression,67,67,110,84,1.01,https://herbly.com.au/blogs/news/understanding-depression-and-mental-health,0,0,0,0.23,297000000,"100, 64, 100, 78, 100, 78, 50, 100, 100, 64, 50, 28",2026-03-08 20:57:19,AI overview,informational,Organic
cannabisstores,25,64,720,55,0,https://herbly.com.au/pages/bunbury-dispensary,0,0,0,0,51000000,"76, 76, 0, 0, 67, 67, 76, 67, 67, 76, 76, 76",2026-04-07 11:02:14,"Local pack, Image, Video Carousel, People also ask, Related searches",commercial,Organic
cannabisstores,36,0,720,55,0,https://herbly.com.au/pages/ipswich-dispensary,0,0,0,0,51000000,"76, 76, 0, 0, 67, 67, 76, 67, 67, 76, 76, 76",2026-04-07 11:02:14,"Local pack, Image, Video Carousel, People also ask, Related searches",commercial,Organic
cheapest medical marijuanas dispensary near me,38,38,110,39,0,https://herbly.com.au/pages/ipswich-dispensary,0,0,0,0,3390000,"19, 19, 42, 66, 100, 80, 80, 52, 52, 42, 52, 42",2026-03-31 08:39:56,"Local pack, Video, People also ask, Related searches, Discussions and forums",transactional,Organic
cheapest medical marijuanas dispensary near me,57,57,110,39,0,https://herbly.com.au/pages/toowoomba-dispensary,0,0,0,0,3390000,"19, 19, 42, 66, 100, 80, 80, 52, 52, 42, 52, 42",2026-03-31 08:39:56,"Local pack, Video, People also ask, Related searches, Discussions and forums",transactional,Organic
cheapest medical marijuanas dispensary near me,77,77,110,39,0,https://herbly.com.au/pages/noosa-dispensary,0,0,0,0,3390000,"19, 19, 42, 66, 100, 80, 80, 52, 52, 42, 52, 42",2026-03-31 08:39:56,"Local pack, Video, People also ask, Related searches, Discussions and forums",transactional,Organic
ethos north lakes,52,0,880,18,0.48,https://herbly.com.au/pages/north-lakes-dispensary,0,0,0,0.08,1590000,"67, 45, 55, 55, 55, 55, 67, 76, 67, 100, 67, 67",2026-04-03 08:17:18,"Knowledge panel, Sitelinks, People also ask, Related searches",informational,Organic
cannabis sydney,14,14,50,24,0,https://herbly.com.au/pages/newtown-dispensary,0,0,0,0,14200000,"100, 100, 81, 81, 63, 9, 63, 36, 27, 18, 9, 9",2026-03-30 05:54:37,"Local pack, Video, Image, Related searches, Discussions and forums",commercial,Organic
arthirtis,48,0,50,76,0,https://herbly.com.au/blogs/news/understanding-arthritis-causes-impacts-and-treatments,0,0,0,0,103000000,"0, 0, 1, 0, 0, 1, 10, 0, 0, 0, 1, 20",2026-04-26 03:25:37,"Image pack, Video, Image, Video Carousel, People also ask, Related searches, Discussions and forums, AI overview",informational,Organic
arthirits,52,0,110,84,0,https://herbly.com.au/blogs/news/understanding-arthritis-causes-impacts-and-treatments,0,0,0,0,104000000,"0, 1, 2, 100, 19, 2, 1, 1, 1, 1, 2, 1",2026-04-28 20:32:49,"Video, Image, Video Carousel, People also ask, Related searches, Discussions and forums, AI overview",informational,Organic
my leaf brisbane,41,0,50,54,5.67,https://herbly.com.au/pages/brisbane-dispensary,0,0,0,0.73,6240,"22, 44, 55, 100, 77, 55, 55, 44, 100",2026-04-28 05:06:18,"Knowledge panel, Sitelinks, Video, Ads top, People also ask, Related searches, Ads middle",navigational,Organic
my leaf brisbane,63,0,50,54,5.67,https://herbly.com.au/pages/north-lakes-dispensary,0,0,0,0.73,6240,"22, 44, 55, 100, 77, 55, 55, 44, 100",2026-04-28 05:06:18,"Knowledge panel, Sitelinks, Video, Ads top, People also ask, Related searches, Ads middle",navigational,Organic
dispensiry,25,0,70,29,0,https://herbly.com.au/pages/morayfield-dispensary,0,0,0,0,31100000,"0, 0, 0, 0, 0, 0, 0, 0, 100, 0, 0, 0",2026-04-11 17:00:12,"Local pack, Video, Image, Related searches",commercial,Organic
dispensiry,95,0,70,29,0,https://herbly.com.au/pages/ipswich-dispensary,0,0,0,0,31100000,"0, 0, 0, 0, 0, 0, 0, 0, 100, 0, 0, 0",2026-04-11 17:00:12,"Local pack, Video, Image, Related searches",commercial,Organic
weed dispensary near me,1,1,140,17,0,https://herbly.com.au/pages/coffs-harbour-dispensary,0,0,0,0,14500000,"82, 82, 82, 52, 82, 100, 29, 64, 82, 82, 82, 82",2026-03-22 08:04:42,"Video, Image, People also ask, AI overview","informational, transactional",AI overview
weed dispensary near me,23,23,140,17,0,https://herbly.com.au/pages/hervey-bay-dispensary,0,0,0,0,14500000,"82, 82, 82, 52, 82, 100, 29, 64, 82, 82, 82, 82",2026-03-22 08:04:42,"Video, Image, People also ask, AI overview","informational, transactional",Organic
weed dispensary near me,37,37,140,17,0,https://herbly.com.au/pages/penrith-dispensary,0,0,0,0,14500000,"82, 82, 82, 52, 82, 100, 29, 64, 82, 82, 82, 82",2026-03-22 08:04:42,"Video, Image, People also ask, AI overview","informational, transactional",Organic
weed dispensary near me,56,56,140,17,0,https://herbly.com.au/pages/mandurah-dispensary,0,0,0,0,14500000,"82, 82, 82, 52, 82, 100, 29, 64, 82, 82, 82, 82",2026-03-22 08:04:42,"Video, Image, People also ask, AI overview","informational, transactional",Organic
weed dispensary near me,73,73,140,17,0,https://herbly.com.au/pages/newtown-dispensary,0,0,0,0,14500000,"82, 82, 82, 52, 82, 100, 29, 64, 82, 82, 82, 82",2026-03-22 08:04:42,"Video, Image, People also ask, AI overview","informational, transactional",Organic
weed dispensary near me,80,80,140,17,0,https://herbly.com.au/pages/parramatta-dispensary,0,0,0,0,14500000,"82, 82, 82, 52, 82, 100, 29, 64, 82, 82, 82, 82",2026-03-22 08:04:42,"Video, Image, People also ask, AI overview","informational, transactional",Organic
weed dispensary near me,83,83,140,17,0,https://herbly.com.au/pages/bunbury-dispensary,0,0,0,0,14500000,"82, 82, 82, 52, 82, 100, 29, 64, 82, 82, 82, 82",2026-03-22 08:04:42,"Video, Image, People also ask, AI overview","informational, transactional",Organic
weed dispensary near me,85,85,140,17,0,https://herbly.com.au/pages/bondi-dispensary,0,0,0,0,14500000,"82, 82, 82, 52, 82, 100, 29, 64, 82, 82, 82, 82",2026-03-22 08:04:42,"Video, Image, People also ask, AI overview","informational, transactional",Organic
weed dispensary near me,86,86,140,17,0,https://herbly.com.au/pages/adelaide-dispensary,0,0,0,0,14500000,"82, 82, 82, 52, 82, 100, 29, 64, 82, 82, 82, 82",2026-03-22 08:04:42,"Video, Image, People also ask, AI overview","informational, transactional",Organic
weed dispensary near me,87,87,140,17,0,https://herbly.com.au/pages/byron-bay-dispensary,0,0,0,0,14500000,"82, 82, 82, 52, 82, 100, 29, 64, 82, 82, 82, 82",2026-03-22 08:04:42,"Video, Image, People also ask, AI overview","informational, transactional",Organic
alternative health services,13,0,70,66,0,https://herbly.com.au/blogs/latest-medical-articles/how-to-access-alternative-medicine-in-australia-a-step-by-step-guide,0,0,0,0.25,1590000000,"5, 5, 5, 5, 5, 5, 7, 23, 35, 100, 35, 5",2026-04-11 16:56:47,"Knowledge panel, Video, Video Carousel, Related searches, AI overview",informational,Organic
alternative health services,23,0,70,66,0,https://herbly.com.au/blogs/latest-medical-articles/how-to-access-alternative-medicine-in-australia-a-step-by-step-guide,0,0,0,0.25,1590000000,"5, 5, 5, 5, 5, 5, 7, 23, 35, 100, 35, 5",2026-04-11 16:56:47,"Knowledge panel, Video, Video Carousel, Related searches, AI overview",informational,Organic
alternative health services,47,0,70,66,0,https://herbly.com.au/pages/about-us,0,0,0,0.25,1590000000,"5, 5, 5, 5, 5, 5, 7, 23, 35, 100, 35, 5",2026-04-11 16:56:47,"Knowledge panel, Video, Video Carousel, Related searches, AI overview",informational,Organic
menstrual cramp relief pills,22,22,390,37,1.15,https://herbly.com.au/blogs/women-s-health/cramp-relief-during-your-period-alternative-medicine-with-cbd-and-thc,0,0,0,0.83,0,"81, 66, 66, 66, 66, 81, 54, 54, 66, 44, 44, 54",2026-03-08 15:55:50,"Sitelinks, Video, Image, Related searches, Discussions and forums, AI overview",informational,Organic
alternative medicine practitioner,17,25,90,47,31.33,https://herbly.com.au/blogs/latest-medical-articles/why-our-practitioners-chose-alternative-medicine,0,0,0,0.3,123000000,"28, 28, 35, 23, 12, 17, 28, 35, 28, 23, 17, 23",2026-04-19 05:51:16,"Video, Image, Related searches, AI overview",informational,Organic
remedies for painful menstrual cramps,12,12,140,72,0.79,https://herbly.com.au/blogs/women-s-health/cramp-relief-during-your-period-alternative-medicine-with-cbd-and-thc,0,0,0,0.49,0,"82, 52, 82, 64, 64, 100, 100, 100, 100, 52, 41, 64",2026-03-10 22:54:06,"Video, Image, Related searches, Discussions and forums, AI overview",informational,Organic
holistic healing for ms,63,67,70,26,0.3,https://herbly.com.au/pages/multiple-sclerosis,0,0,0,0.37,35800000,"63, 63, 81, 63, 63, 63, 100, 63, 63, 27, 18, 18",2026-04-21 15:48:56,"Sitelinks, People also ask, Related searches, Discussions and forums, AI overview",informational,Organic
butter leaf newtown,45,0,110,32,0.04,https://herbly.com.au/pages/newtown-dispensary,0,0,0,0.13,410000,"0, 0, 0, 12, 0, 17, 23, 17, 100, 82, 82, 0",2026-04-11 10:24:44,"Knowledge panel, Sitelinks, Video, Image, Video Carousel, Related searches","navigational, transactional",Organic
medicine for hormonal imbalance,40,0,40,61,1.16,https://herbly.com.au/blogs/women-s-health/hormonal-balance-in-women-how-alternative-medicine-may-help,0,0,0,0.99,59700000,"18, 18, 18, 18, 18, 18, 36, 36, 100, 45, 36, 36",2026-04-15 18:31:06,"Sitelinks, Video, People also ask, Related searches, Discussions and forums, AI overview",informational,Organic
medicine for hormonal imbalance,69,0,40,61,1.16,https://herbly.com.au/blogs/women-s-health/hormonal-balance-in-women-how-alternative-medicine-may-help,0,0,0,0.99,59700000,"18, 18, 18, 18, 18, 18, 36, 36, 100, 45, 36, 36",2026-04-15 18:31:06,"Sitelinks, Video, People also ask, Related searches, Discussions and forums, AI overview",informational,Organic
medical cannabis pharmacy near me,44,44,90,29,0,https://herbly.com.au/pages/bunbury-dispensary,0,0,0,0,52500000,"52, 41, 82, 64, 64, 52, 29, 41, 41, 100, 52, 82",2026-03-29 20:40:03,"Local pack, Image, Related searches",transactional,Organic
medical cannabis pharmacy near me,68,68,90,29,0,https://herbly.com.au/pages/coffs-harbour-dispensary,0,0,0,0,52500000,"52, 41, 82, 64, 64, 52, 29, 41, 41, 100, 52, 82",2026-03-29 20:40:03,"Local pack, Image, Related searches",transactional,Organic
where to buy weed sydney,17,0,90,15,0,https://herbly.com.au/pages/newtown-dispensary,0,0,0,0,29400000,"52, 64, 52, 82, 52, 41, 52, 52, 64, 64, 41, 52",2026-04-22 17:13:43,"Knowledge panel, Sitelinks, Video, People also ask, Related searches",informational,Organic
alternative remedies for menopause,48,48,210,41,0.63,https://herbly.com.au/blogs/women-s-health/women-turning-to-alternative-medicine-for-relief-of-menopause-symptoms,0,0,0,1,53700000,"82, 66, 53, 100, 66, 53, 43, 53, 23, 28, 43, 43",2026-03-31 01:00:20,"Related searches, Discussions and forums, AI overview",informational,Organic
natural menstrual cramp relief,93,93,170,72,1.07,https://herbly.com.au/blogs/women-s-health/cbd-and-thc-for-period-pain-natural-ways-to-relieve-menstrual-cramps,0,0,0,0.81,0,"65, 43, 34, 43, 43, 65, 65, 81, 100, 53, 34, 28",2026-03-07 18:51:02,"Video, Image, Related searches, AI overview",informational,Organic
medical dispensary,15,15,110,55,0,https://herbly.com.au/pages/penrith-dispensary,0,0,0,0,0,"100, 100, 100, 100, 100, 28, 100, 78, 100, 14, 100, 35",2026-03-11 21:58:57,"Local pack, Video, Image",commercial,Organic
medical dispensary,44,44,110,55,0,https://herbly.com.au/,0,0,0,0,0,"100, 100, 100, 100, 100, 28, 100, 78, 100, 14, 100, 35",2026-03-11 21:58:57,"Local pack, Video, Image",commercial,Organic
medical dispensary,59,59,110,55,0,https://herbly.com.au/pages/wagga-wagga-dispensary,0,0,0,0,0,"100, 100, 100, 100, 100, 28, 100, 78, 100, 14, 100, 35",2026-03-11 21:58:57,"Local pack, Video, Image",commercial,Organic
medical dispensary,60,60,110,55,0,https://herbly.com.au/pages/bunbury-dispensary,0,0,0,0,0,"100, 100, 100, 100, 100, 28, 100, 78, 100, 14, 100, 35",2026-03-11 21:58:57,"Local pack, Video, Image",commercial,Organic
dispensary newtown,47,47,90,18,22.88,https://herbly.com.au/pages/blacktown-dispensary,0,0,0,0.53,0,"14, 21, 78, 14, 78, 78, 78, 100, 78, 78, 78, 100",2026-03-14 04:06:12,"Local pack, Image, Related searches",commercial,Organic
medical marijuana online,31,0,140,50,0,https://herbly.com.au/pages/townsville-dispensary,0,0,0,0,226,"19, 19, 26, 26, 42, 26, 100, 100, 80, 65, 65, 42",2026-04-05 16:40:30,Video,commercial,Organic
best medical cannabis australia,31,0,90,39,0,https://herbly.com.au/,0,0,0,0,24000000,"0, 0, 0, 5, 23, 29, 82, 82, 82, 100, 100, 64",2026-04-11 22:30:20,"Sitelinks, Video, Related searches, Discussions and forums, AI overview",commercial,Organic
best medical cannabis australia,51,0,90,39,0,https://herbly.com.au/,0,0,0,0,24000000,"0, 0, 0, 5, 23, 29, 82, 82, 82, 100, 100, 64",2026-04-11 22:30:20,"Sitelinks, Video, Related searches, Discussions and forums, AI overview",commercial,Organic
depression signs in women,50,0,50,68,0.43,https://herbly.com.au/blogs/news/signs-and-symptoms-of-depression-in-men-and-women,0,0,0,0.62,136000000,"100, 29, 17, 17, 17, 11, 17, 23, 29, 29, 41, 29",2026-04-16 13:56:17,"People also ask, AI overview","informational, transactional",Organic
kingaroy chemists,34,34,50,15,0.23,https://herbly.com.au/pages/kingaroy-dispensary,0,0,0,0.3,6670,"100, 35, 14, 14, 78, 14, 7, 0, 50, 64, 14, 21",2026-03-29 11:44:58,"Local pack, Image, Related searches",transactional,Organic
true green health newtown,24,0,50,19,3.46,https://herbly.com.au/pages/newtown-dispensary,0,0,0,0.21,1950000,"9, 81, 0, 18, 18, 18, 100, 100, 100",2026-04-12 12:51:11,"Knowledge panel, Sitelinks, Related searches",navigational,Organic
artheritus,32,0,50,78,0,https://herbly.com.au/blogs/news/understanding-arthritis-causes-impacts-and-treatments,0,0,0,0,105000000,"5, 35, 66, 2, 12, 2, 2, 28, 2, 2, 2, 0",2026-04-06 12:16:46,"Image pack, Video, Image, Video Carousel, Related searches, See results about, AI overview",informational,Organic
pot doctor near me,56,0,50,50,81.55,https://herbly.com.au/pages/sunshine-coast-dispensary,0,0,0,0.36,538000000,"78, 78, 78, 100, 7, 0, 21, 28, 21, 28, 28, 21",2026-04-19 18:53:54,"Video, Related searches, AI overview","informational, transactional",Organic
alternalea,74,74,110,25,0,https://herbly.com.au/,0,0,0,0,0,"15, 5, 5, 6, 81, 6, 9, 9, 9, 9, 6, 9",2026-03-11 03:20:59,"Knowledge panel, Sitelinks, Video, Ads top, Ads bottom, Video Carousel, Related searches","navigational, transactional",Organic
greenlife logan,45,44,110,20,4.33,https://herbly.com.au/pages/logan-dispensary,0,0,0,0.1,172000,"5, 4, 5, 5, 100, 9, 15, 9, 9, 9, 6, 9",2026-04-09 23:49:19,"Knowledge panel, Video, Related searches, Short videos","informational, transactional",Organic
medical cannabis nt,28,0,50,21,0,https://herbly.com.au/blogs/latest-medical-articles/alternative-medicine-in-australia,0,0,0,0,2770000,"0, 0, 100, 100, 71, 71, 100, 100",2026-04-14 21:35:07,"Video, Image, Related searches, Discussions and forums","informational, transactional",Organic
green life clinics and dispensaries logan,23,23,320,18,0,https://herbly.com.au/pages/logan-dispensary,0,0,0,0.04,17600,"81, 66, 54, 44, 100, 81, 44, 54, 23, 54, 28, 44",2026-03-28 21:50:56,"Knowledge panel, Sitelinks, Video, Image, Video Carousel, Related searches, Short videos",navigational,Organic
health summary,22,22,110,16,0.64,https://herbly.com.au/blogs/latest-medical-articles/what-is-a-health-summary-and-why-herbly-asks-for-it,0,0,0,0.13,0,"15, 15, 18, 18, 18, 18, 15, 18, 18, 23, 18, 18",2026-03-06 08:34:23,"Image pack, Video, Related searches, AI overview",informational,Organic
true green health dispensary newtown,17,0,70,,2.82,https://herbly.com.au/pages/newtown-dispensary,0,0,0,0.26,17700,"0, 0, 0, 0, 78, 78, 14, 100, 78, 78, 78, 64",2026-04-11 17:37:20,"Knowledge panel, Sitelinks, Image, Related searches",navigational,Organic
dispensary near me,1,0,1300,39,0,https://herbly.com.au/pages/noosa-dispensary,0,0,0,0,144000000,"54, 100, 24, 54, 66, 36, 54, 20, 79, 54, 100, 66",2026-04-23 13:59:26,"Local pack, Video, Image, Related searches, AI overview","informational, transactional",AI overview
dispensary near me,32,2,1300,39,0,https://herbly.com.au/pages/coffs-harbour-dispensary,0,0,0,0,144000000,"54, 100, 24, 54, 66, 36, 54, 20, 79, 54, 100, 66",2026-04-23 13:59:26,"Local pack, Video, Image, Related searches, AI overview","informational, transactional",Organic
dispensary near me,68,19,1300,39,0,https://herbly.com.au/pages/ipswich-dispensary,0,0,0,0,144000000,"54, 100, 24, 54, 66, 36, 54, 20, 79, 54, 100, 66",2026-04-23 13:59:26,"Local pack, Video, Image, Related searches, AI overview","informational, transactional",Organic
natural relief for fibromyalgia,13,8,50,21,0.28,https://herbly.com.au/blogs/news/natural-medicine-for-fibromyalgia-a-comprehensive-guide,0,0,0,0.97,12200000,"63, 63, 63, 63, 63, 63, 45, 45, 18, 18, 100, 18",2026-04-24 15:33:14,"People also ask, Discussions and forums, AI overview",informational,Organic
natural relief for fibromyalgia,57,0,50,21,0.28,https://herbly.com.au/blogs/news/natural-treatments-for-fibromyalgia-what-helps-with-pain-fatigue-sleep,0,0,0,0.97,12200000,"63, 63, 63, 63, 63, 63, 45, 45, 18, 18, 100, 18",2026-04-24 15:33:14,"People also ask, Discussions and forums, AI overview",informational,Organic
the dispensary mackay,31,31,720,28,0,https://herbly.com.au/pages/mackay-dispensary,0,0,0,0,121000,"59, 72, 72, 59, 72, 72, 88, 72, 59, 72, 72, 72",2026-03-27 07:26:36,"Knowledge panel, Sitelinks, Video, Image, People also ask, Related searches","navigational, transactional",Organic
alternative remedies for fibromyalgia,23,0,50,38,0.28,https://herbly.com.au/blogs/news/natural-medicine-for-fibromyalgia-a-comprehensive-guide,0,0,0,0.97,4310000,"63, 63, 63, 63, 63, 63, 45, 45, 18, 18, 100, 18",2026-04-20 20:51:47,"Image, Related searches, Discussions and forums, AI overview",informational,Organic
alternative remedies for fibromyalgia,38,0,50,38,0.28,https://herbly.com.au/blogs/news/natural-medicine-for-fibromyalgia-a-comprehensive-guide,0,0,0,0.97,4310000,"63, 63, 63, 63, 63, 63, 45, 45, 18, 18, 100, 18",2026-04-20 20:51:47,"Image, Related searches, Discussions and forums, AI overview",informational,Organic
arthritis,54,0,22200,88,0,https://herbly.com.au/blogs/news/understanding-arthritis-causes-impacts-and-treatments,0,0,0,0,103000000,"67, 67, 81, 67, 67, 67, 67, 67, 67, 54, 54, 44",2026-04-26 14:59:32,"Video, Image, Video Carousel, People also ask, Related searches, Discussions and forums, AI overview",informational,Organic
medical marijuana dispensary adelaide,17,0,50,,0,https://herbly.com.au/pages/adelaide-dispensary,0,0,0,0,106,"22, 11, 11, 22, 11, 22, 100, 100, 100, 55, 77, 100",2026-04-29 14:54:35,"Video, Image, People also ask, Related searches, Discussions and forums, AI overview",informational,Organic
medical marijuana dispensary adelaide,42,0,50,,0,https://herbly.com.au/pages/adelaide-dispensary,0,0,0,0,106,"22, 11, 11, 22, 11, 22, 100, 100, 100, 55, 77, 100",2026-04-29 14:54:35,"Video, Image, People also ask, Related searches, Discussions and forums, AI overview",informational,Organic
medical marijuana pharmacy,57,0,50,46,0,https://herbly.com.au/pages/rockingham-dispensary,0,0,0,0,21700000,"0, 0, 7, 0, 7, 0, 28, 35, 100, 100, 100, 35",2026-04-14 22:26:05,"Knowledge panel, Video, Image, People also ask, Related searches",informational,Organic
medical marijuana pharmacy,83,0,50,46,0,https://herbly.com.au/pages/rockingham-dispensary,0,0,0,0,21700000,"0, 0, 7, 0, 7, 0, 28, 35, 100, 100, 100, 35",2026-04-14 22:26:05,"Knowledge panel, Video, Image, People also ask, Related searches",informational,Organic
medical pot doctors,74,74,210,32,115.11,https://herbly.com.au/pages/mandurah-dispensary,0,0,0,0.06,232,"100, 80, 65, 100, 100, 80, 65, 100, 100, 100, 80, 80",2026-03-20 02:24:53,"Video, Related searches, AI overview",informational,Organic
greenlife toowoomba,37,37,260,16,1.54,https://herbly.com.au/pages/toowoomba-dispensary,0,0,0,0.26,105,"2, 20, 100, 2, 13, 5, 16, 20, 13, 16, 13, 13",2026-03-21 06:03:23,"Knowledge panel, Sitelinks, Video, Image, Related searches, Short videos","informational, navigational",Organic
alternative medicine for adhd,26,0,210,47,0.87,https://herbly.com.au/pages/adhd-treatments-attention-deficit-hyperactivity-disorder,0,0,0,1,67700000,"81, 81, 43, 81, 66, 54, 22, 54, 18, 10, 43, 14",2026-04-02 18:05:38,"Video, Image, Related searches, Discussions and forums, AI overview",informational,Organic
alternative medicine for adhd,32,0,210,47,0.87,https://herbly.com.au/pages/adhd-treatments-attention-deficit-hyperactivity-disorder,0,0,0,1,67700000,"81, 81, 43, 81, 66, 54, 22, 54, 18, 10, 43, 14",2026-04-02 18:05:38,"Video, Image, Related searches, Discussions and forums, AI overview",informational,Organic
neuralgic pains,78,0,260,63,0,https://herbly.com.au/blogs/news/neuropathic-pain-who-it-affects-causes-and-treatments,0,0,0,0,367000,"100, 0, 0, 0, 0, 0, 0, 0, 0, 0, 0, 0",2026-03-31 22:49:15,"Video, Related searches, See results about, AI overview",informational,Organic
diabetic nerve pain,33,0,110,63,0.32,https://herbly.com.au/blogs/news/diabetic-nerve-pain-comprehensive-therapies-and-treatment-options,0,0,0,0.11,149000000,"100, 100, 35, 100, 50, 35, 64, 78, 78, 100, 100, 100",2026-04-18 00:23:05,"Video, Image, Video Carousel, People also ask, Related searches, Discussions and forums, AI overview",informational,Organic
diabetic nerve pain,47,0,110,63,0.32,https://herbly.com.au/blogs/news/diabetic-nerve-pain-comprehensive-therapies-and-treatment-options,0,0,0,0.11,149000000,"100, 100, 35, 100, 50, 35, 64, 78, 78, 100, 100, 100",2026-04-18 00:23:05,"Video, Image, Video Carousel, People also ask, Related searches, Discussions and forums, AI overview",informational,Organic
extreme insomnia,50,50,90,72,0.77,https://herbly.com.au/blogs/news/understanding-insomnia-the-hidden-struggles-of-sleep,0,0,0,0.3,204000000,"100, 64, 78, 64, 64, 64, 78, 64, 50, 78, 78, 50",2026-03-25 03:50:44,"Sitelinks, Video, Video Carousel, Related searches, Discussions and forums, AI overview",informational,Organic
extreme insomnia,62,50,90,72,0.77,https://herbly.com.au/blogs/news/understanding-insomnia-the-hidden-struggles-of-sleep,0,0,0,0.3,204000000,"100, 64, 78, 64, 64, 64, 78, 64, 50, 78, 78, 50",2026-03-25 03:50:44,"Sitelinks, Video, Video Carousel, Related searches, Discussions and forums, AI overview",informational,Organic
herbal anxiety relief,38,38,210,57,1.11,https://herbly.com.au/blogs/news/holistic-treatment-for-anxiety-exploring-alternative-medicine-and-natural-therapies-in-australia,0,0,0,1,32100000,"100, 80, 80, 80, 80, 80, 100, 80, 80, 80, 80, 53",2026-03-21 00:23:25,"Image, Related searches, Discussions and forums, AI overview",informational,Organic
herbal anxiety relief,66,38,210,57,1.11,https://herbly.com.au/blogs/news/holistic-treatment-for-anxiety-exploring-alternative-medicine-and-natural-therapies-in-australia,0,0,0,1,32100000,"100, 80, 80, 80, 80, 80, 100, 80, 80, 80, 80, 53",2026-03-21 00:23:25,"Image, Related searches, Discussions and forums, AI overview",informational,Organic
ulcerative colitis home treatment,17,17,70,48,0.83,https://herbly.com.au/blogs/news/natural-treatments-for-ulcerative-colitis,0,0,0,0.96,139,"41, 41, 52, 52, 41, 41, 23, 52, 41, 41, 52, 41",2026-03-26 14:10:13,"Sitelinks, Image, People also ask, Discussions and forums, AI overview",informational,Organic
ulcerative colitis home treatment,20,17,70,48,0.83,https://herbly.com.au/blogs/news/natural-treatments-for-ulcerative-colitis,0,0,0,0.96,139,"41, 41, 52, 52, 41, 41, 23, 52, 41, 41, 52, 41",2026-03-26 14:10:13,"Sitelinks, Image, People also ask, Discussions and forums, AI overview",informational,Organic
cannabis online shop,83,0,50,,0,https://herbly.com.au/pages/wollongong-dispensary,0,0,0,0,546000000,"2, 2, 2, 2, 2, 29, 29, 2, 2, 2, 29, 2",2026-04-13 09:36:43,"Sitelinks, Video, Image, Popular products, Related searches",commercial,Organic
medical cannabinoids dispensary near me,50,50,210,44,0,https://herbly.com.au/pages/bunbury-dispensary,0,0,0,0,138,"10, 8, 18, 35, 18, 43, 100, 81, 100, 54, 66, 29",2026-03-22 19:51:56,"Local pack, Video, Related searches",transactional,Organic
what is reflex sympathetic dystrophy,97,0,480,58,0.03,https://herbly.com.au/blogs/news/comprehensive-guide-to-complex-regional-pain-syndrome-crps-therapies-and-treatment-options,0,0,0,0.1,129,"100, 44, 44, 81, 44, 36, 81, 54, 66, 66, 44, 66",2026-04-07 04:31:28,"Sitelinks, Video, Image, People also ask, Related searches, AI overview",informational,Organic
pharmacy caboolture,60,0,90,23,0,https://herbly.com.au/pages/caboolture-dispensary,0,0,0,0.33,210000,"42, 42, 52, 52, 52, 52, 42, 42, 42, 42, 42, 42",2026-04-10 01:00:04,"Local pack, Video, Image, Related searches",commercial,Organic
medical cannabis prescription online,69,0,70,44,0,https://herbly.com.au/pages/mandurah-dispensary,0,0,0,0,45400000,"18, 100, 100, 18, 100, 63, 63, 36, 81, 45, 63, 81",2026-04-07 20:19:05,"Video, Related searches, Discussions and forums",commercial,Organic
herb shop wollongong,8,36,110,18,0,https://herbly.com.au/pages/wollongong-dispensary,0,0,0,0.13,114000,"53, 42, 42, 65, 42, 42, 34, 34, 42, 34, 42, 42",2026-04-28 10:57:41,"Local pack, Sitelinks, Video, Image, People also ask, Related searches",commercial,Organic
natural stress relief,13,13,110,70,1,https://herbly.com.au/blogs/news/natural-stress-remedies,0,0,0,0.89,520000000,"52, 52, 29, 52, 41, 52, 100, 100, 64, 52, 52, 52",2026-03-08 02:02:50,"Image pack, Sitelinks, Video, Image, Related searches, Discussions and forums, AI overview",informational,Organic
sign of depression in men,73,0,50,56,0.35,https://herbly.com.au/blogs/news/signs-and-symptoms-of-depression-in-men-and-women,0,0,0,0.51,317000000,"0, 14, 50, 0, 50, 50, 14, 64, 35, 35, 100, 35",2026-04-12 22:09:43,AI overview,informational,Organic
medical cannabis near me,24,0,90,46,0,https://herbly.com.au/pages/caboolture-dispensary,0,0,0,0,146,"29, 10, 10, 10, 14, 10, 35, 35, 29, 10, 18, 14",2026-04-01 19:18:42,"Local pack, Image",transactional,Organic
medical cannabis near me,45,0,90,46,0,https://herbly.com.au/pages/bunbury-dispensary,0,0,0,0,146,"29, 10, 10, 10, 14, 10, 35, 35, 29, 10, 18, 14",2026-04-01 19:18:42,"Local pack, Image",transactional,Organic
marijuana clinics,37,37,50,46,0,https://herbly.com.au/pages/mandurah-dispensary,0,0,0,0,137,"2, 0, 0, 29, 29, 29, 29, 2, 0, 0, 0, 0",2026-03-11 19:54:27,"Video, Image, Related searches, AI overview",informational,Organic
marijuana clinics,80,80,50,46,0,https://herbly.com.au/pages/penrith-dispensary,0,0,0,0,137,"2, 0, 0, 29, 29, 29, 29, 2, 0, 0, 0, 0",2026-03-11 19:54:27,"Video, Image, Related searches, AI overview",informational,Organic
herbal adhd,67,0,40,39,1.16,https://herbly.com.au/blogs/news/holistic-treatments-for-adhd-a-comprehensive-approach,0,0,0,0.86,56600000,"50, 50, 50, 0, 50, 35, 14, 78, 14, 14, 14, 0",2026-04-22 19:48:04,"Image, People also ask, Discussions and forums, AI overview",commercial,Organic
alternative therapies for pain,16,0,40,32,1.52,https://herbly.com.au/blogs/news/a-comprehensive-guide-to-holistic-therapies-and-treatments-for-chronic-pain,0,0,0,0.82,127,"18, 100, 100, 18, 18, 18, 18, 18, 100, 18, 18, 18",2026-04-17 06:07:19,"Video, Video Carousel, Related searches, AI overview",informational,Organic
how to cure period pain naturally,43,43,90,64,0,https://herbly.com.au/blogs/women-s-health/cbd-and-thc-for-period-pain-natural-ways-to-relieve-menstrual-cramps,0,0,0,0.09,0,"9, 9, 9, 9, 9, 52, 52, 100, 100, 33, 23, 42",2026-03-16 12:45:01,"Image, Related searches, AI overview",informational,Organic
causes of arthritis,60,60,170,72,0,https://herbly.com.au/blogs/news/understanding-arthritis-causes-impacts-and-treatments,0,0,0,0,0,"8, 10, 8, 13, 13, 16, 13, 6, 13, 8, 8, 8",2026-03-14 04:01:28,"Video, Image, Video Carousel, Related searches, AI overview",informational,Organic
cannabis dispensary australia,92,0,90,56,0,https://herbly.com.au/pages/australias-trusted-dispensary-services,0,0,0,0,1240000,"50, 28, 64, 64, 35, 50, 78, 64, 64, 64, 100, 64",2026-04-18 17:09:03,"Knowledge panel, Video, Image, People also ask, Related searches, Discussions and forums, AI overview",informational,Organic
difficulty falling asleep,56,56,110,79,0.6,https://herbly.com.au/blogs/news/understanding-insomnia-the-hidden-struggles-of-sleep,0,0,0,0.52,153,"100, 52, 66, 52, 42, 42, 52, 42, 42, 42, 42, 33",2026-03-07 05:14:52,"Video, Related searches, AI overview",informational,Organic
difficulty falling asleep,69,56,110,79,0.6,https://herbly.com.au/blogs/news/understanding-insomnia-the-hidden-struggles-of-sleep,0,0,0,0.52,153,"100, 52, 66, 52, 42, 42, 52, 42, 42, 42, 42, 33",2026-03-07 05:14:52,"Video, Related searches, AI overview",informational,Organic
holistic treatment migraines,18,18,210,32,0.33,https://herbly.com.au/pages/natural-remedies-for-migraines,0,0,0,0.92,0,"100, 100, 100, 100, 100, 80, 80, 100, 80, 65, 65, 53",2026-03-18 14:09:23,"Image, Related searches, Discussions and forums, AI overview",informational,Organic
thc vape pen australia legal,43,0,50,11,0,https://herbly.com.au/pages/patient-information-for-medicinal-cannabis-treatment,0,0,0,0,184,"9, 18, 45, 63, 100, 81, 63, 45, 63, 45, 27, 18",2026-04-03 23:06:55,"Sitelinks, Related searches, Discussions and forums, AI overview",informational,Organic
attention deficit hyperactivity disorder adhd,77,77,320,84,0.24,https://herbly.com.au/blogs/news/what-is-adhd,0,0,0,0.18,151,"0, 26, 32, 32, 32, 39, 26, 48, 39, 39, 32, 32",2026-03-25 23:50:54,"Sitelinks, Video, Image, Related searches, AI overview",informational,Organic
cure ms naturally,65,0,50,39,0.3,https://herbly.com.au/blogs/news/understanding-multiple-sclerosis,0,0,0,0.37,339000000,"0, 0, 0, 0, 0, 50, 78, 50, 50, 28, 50, 100",2026-04-24 21:13:30,"Sitelinks, Image, People also ask, Related searches, Discussions and forums, AI overview",informational,Organic
leaf doctors newtown,10,10,90,10,2.74,https://herbly.com.au/pages/newtown-dispensary,0,0,0,0.51,0,"9, 9, 9, 9, 14, 52, 52, 52, 100, 52, 80, 100",2026-03-14 09:40:35,"Knowledge panel, Sitelinks, Video, Related searches","navigational, transactional",Organic
medicinal dispensary near me,23,0,50,46,0,https://herbly.com.au/pages/penrith-dispensary,0,0,0,0,22900000,"6, 6, 100, 6, 3, 12, 6, 6, 3, 6, 6, 3",2026-04-24 04:01:17,"Local pack, Video, Image, Related searches",transactional,Organic
medicinal dispensary near me,84,0,50,46,0,https://herbly.com.au/pages/bunbury-dispensary,0,0,0,0,22900000,"6, 6, 100, 6, 3, 12, 6, 6, 3, 6, 6, 3",2026-04-24 04:01:17,"Local pack, Video, Image, Related searches",transactional,Organic
medicinal dispensary near me,91,0,50,46,0,https://herbly.com.au/pages/bunbury-dispensary,0,0,0,0,22900000,"6, 6, 100, 6, 3, 12, 6, 6, 3, 6, 6, 3",2026-04-24 04:01:17,"Local pack, Video, Image, Related searches",transactional,Organic
medical marijuana wa,92,0,70,37,0,https://herbly.com.au/pages/bunbury-dispensary,0,0,0,0,13500000,"0, 11, 5, 11, 11, 11, 64, 64, 52, 52, 82, 100",2026-04-14 22:08:04,"Sitelinks, Video, Image, Related searches, Discussions and forums, AI overview",informational,Organic
melbourne dispensaries,59,0,90,31,0,https://herbly.com.au/pages/melbourne-dispensary,0,0,0,0,129,"63, 63, 81, 63, 81, 100, 100, 81, 63, 81, 63, 81",2026-04-26 08:51:31,"Local pack, Video, Image, Related searches, Discussions and forums",commercial,Organic
reasons for sore joints,63,63,390,60,0.27,https://herbly.com.au/blogs/news/joint-pain-understanding-causes-symptoms-and-holistic-treatments,0,0,0,0.18,248000000,"100, 54, 44, 66, 81, 36, 12, 36, 66, 54, 54, 54",2026-03-23 09:37:35,"Video, Image, Video Carousel, Related searches, Discussions and forums, AI overview",informational,Organic
reasons for sore joints,92,63,390,60,0.27,https://herbly.com.au/blogs/news/joint-pain-understanding-causes-symptoms-and-holistic-treatments,0,0,0,0.18,248000000,"100, 54, 44, 66, 81, 36, 12, 36, 66, 54, 54, 54",2026-03-23 09:37:35,"Video, Image, Video Carousel, Related searches, Discussions and forums, AI overview",informational,Organic
dispanary,10,10,50,52,0,https://herbly.com.au/pages/wollongong-dispensary,0,0,0,0,128,"0, 0, 0, 0, 0, 100, 0, 0, 0, 0, 0, 0",2026-03-20 16:16:11,"Local pack, Video, Image, Related searches, AI overview",informational,Organic
pot dealer,46,46,110,21,0,https://herbly.com.au/pages/coffs-harbour-dispensary,0,0,0,0.01,157,"80, 52, 42, 100, 80, 52, 66, 52, 42, 52, 42, 52",2026-03-23 07:10:09,"Knowledge panel, Video, Image, People also ask, Related searches",informational,Organic
pot dealer,61,61,110,21,0,https://herbly.com.au/pages/parramatta-dispensary,0,0,0,0.01,157,"80, 52, 42, 100, 80, 52, 66, 52, 42, 52, 42, 52",2026-03-23 07:10:09,"Knowledge panel, Video, Image, People also ask, Related searches",informational,Organic
healing ulcerative colitis naturally,21,21,70,46,0.83,https://herbly.com.au/blogs/news/natural-treatments-for-ulcerative-colitis,0,0,0,0.96,21200000,"81, 63, 81, 81, 63, 63, 63, 81, 63, 63, 81, 63",2026-03-22 12:08:17,"Sitelinks, Image, People also ask, Discussions and forums, AI overview",informational,Organic
dispensary close to me,52,0,1900,26,0,https://herbly.com.au/pages/ipswich-dispensary,0,0,0,0,22300000,"79, 66, 79, 100, 79, 100, 8, 54, 100, 79, 100, 100",2026-04-19 13:50:25,"Local pack, Image, Related searches",commercial,Organic
dispensary close to me,71,0,1900,26,0,https://herbly.com.au/pages/port-macquarie-dispensary,0,0,0,0,22300000,"79, 66, 79, 100, 79, 100, 8, 54, 100, 79, 100, 100",2026-04-19 13:50:25,"Local pack, Image, Related searches",commercial,Organic
what is adha,73,0,110,65,0.15,https://herbly.com.au/blogs/news/what-is-adhd,0,0,0,0.22,152000000,"0, 2, 2, 0, 0, 0, 0, 0, 76, 0, 0, 30",2026-04-18 17:49:20,"Sitelinks, Video, Image, Video Carousel, People also ask, Related searches, AI overview",informational,Organic
medicinal weed australia,69,0,110,62,0,https://herbly.com.au/blogs/latest-medical-articles/alternative-medicine-in-australia,0,0,0,0,38400000,"54, 29, 0, 0, 0, 18, 29, 43, 54, 35, 35, 14",2026-04-10 04:08:04,"Video, Image, Video Carousel, People also ask, Related searches, Discussions and forums, AI overview",informational,Organic
canna near me,52,52,260,39,0,https://herbly.com.au/pages/campbelltown-dispensary,0,0,0,0.01,100,"53, 53, 28, 53, 66, 66, 53, 66, 66, 66, 53, 100",2026-03-22 15:03:58,"Local pack, People also ask, Related searches",transactional,Organic
alternative therapies australia,23,0,40,,39.68,https://herbly.com.au/blogs/latest-medical-articles/how-to-access-alternative-medicine-in-australia-a-step-by-step-guide,0,0,0,0.57,130,"44, 22, 33, 33, 33, 44, 77, 77, 22, 55, 100, 22",2026-04-15 08:24:00,"Local pack, Video, Image, People also ask, Related searches",commercial,Organic
marijuana dispensary,27,27,140,49,0,https://herbly.com.au/pages/mandurah-dispensary,0,0,0,0,17900000,"19, 19, 19, 19, 19, 19, 9, 19, 19, 19, 19, 19",2026-03-26 19:51:32,"Knowledge panel, Video, Image, Related searches, AI overview",informational,Organic
marijuana dispensary,66,66,140,49,0,https://herbly.com.au/pages/ipswich-dispensary,0,0,0,0,17900000,"19, 19, 19, 19, 19, 19, 9, 19, 19, 19, 19, 19",2026-03-26 19:51:32,"Knowledge panel, Video, Image, Related searches, AI overview",informational,Organic
true leaf dispensary,40,0,140,10,2.49,https://herbly.com.au/pages/newtown-dispensary,0,0,0,0.48,4980000,"52, 52, 9, 52, 80, 52, 80, 100, 66, 100, 66, 52",2026-04-24 21:57:24,"Knowledge panel, Sitelinks, Video, Image, People also ask, Related searches",navigational,Organic
green life clinics toowoomba,44,44,90,17,2.02,https://herbly.com.au/pages/toowoomba-dispensary,0,0,0,0.32,155000,"34, 42, 80, 100, 7, 7, 15, 26, 7, 34, 7, 7",2026-03-27 04:03:59,"Knowledge panel, Video, Image, Related searches",navigational,Organic
green life clinics toowoomba,52,44,90,17,2.02,https://herbly.com.au/pages/toowoomba-dispensary,0,0,0,0.32,155000,"34, 42, 80, 100, 7, 7, 15, 26, 7, 34, 7, 7",2026-03-27 04:03:59,"Knowledge panel, Video, Image, Related searches",navigational,Organic
medical weed doctor near me,44,44,110,34,89.03,https://herbly.com.au/pages/ipswich-dispensary,0,0,0,0.08,132,"78, 100, 0, 100, 100, 100, 78, 78, 78, 78, 64, 100",2026-03-06 19:46:32,"Video, Related searches, AI overview",transactional,Organic
medical weed doctor near me,91,91,110,34,89.03,https://herbly.com.au/pages/campbelltown-dispensary,0,0,0,0.08,132,"78, 100, 0, 100, 100, 100, 78, 78, 78, 78, 64, 100",2026-03-06 19:46:32,"Video, Related searches, AI overview",transactional,Organic
high st dispensary,27,0,110,31,3.46,https://herbly.com.au/pages/penrith-dispensary,0,0,0,0.14,13400000,"41, 41, 41, 52, 82, 52, 82, 100, 64, 82, 82, 64",2026-04-14 21:01:43,"Knowledge panel, Sitelinks, Video, Image, Related searches",navigational,Organic
getting a second opinion doctor,64,0,70,,0,https://herbly.com.au/blogs/latest-medical-articles/should-you-get-a-second-opinion-about-alternative-medicine,0,0,0,0,124,"7, 7, 7, 7, 7, 7, 7, 42, 42, 42, 80, 100",2026-04-13 20:17:09,"Video, People also ask, Related searches, Discussions and forums, AI overview",informational,Organic
cannihelp dispensary,34,34,260,27,3.67,https://herbly.com.au/pages/ipswich-dispensary,0,0,0,0.6,2840000,"66, 53, 66, 82, 66, 35, 53, 66, 82, 100, 66, 35",2026-03-26 22:48:53,Knowledge panel,informational,Organic
cannihelp dispensary,85,85,260,27,3.67,https://herbly.com.au/pages/morayfield-dispensary,0,0,0,0.6,2840000,"66, 53, 66, 82, 66, 35, 53, 66, 82, 100, 66, 35",2026-03-26 22:48:53,Knowledge panel,informational,Organic
cannihelp dispensary,91,91,260,27,3.67,https://herbly.com.au/pages/newtown-dispensary,0,0,0,0.6,2840000,"66, 53, 66, 82, 66, 35, 53, 66, 82, 100, 66, 35",2026-03-26 22:48:53,Knowledge panel,informational,Organic
cannihelp dispensary,97,97,260,27,3.67,https://herbly.com.au/,0,0,0,0.6,2840000,"66, 53, 66, 82, 66, 35, 53, 66, 82, 100, 66, 35",2026-03-26 22:48:53,Knowledge panel,informational,Organic
byron bay cbd,27,0,90,44,2.72,https://herbly.com.au/pages/byron-bay-dispensary,0,0,0,0.2,3200000,"22, 14, 10, 18, 14, 18, 18, 18, 14, 18, 18, 14",2026-04-30 12:55:35,"Local pack, Sitelinks, Image, People also ask, Related searches, Discussions and forums",navigational,Organic
byron bay cbd,28,0,90,44,2.72,https://herbly.com.au/pages/byron-bay-dispensary,0,0,0,0.2,3200000,"22, 14, 10, 18, 14, 18, 18, 18, 14, 18, 18, 14",2026-04-30 12:55:35,"Local pack, Sitelinks, Image, People also ask, Related searches, Discussions and forums",navigational,Organic
how to treat ptsd,87,0,210,74,1.05,https://herbly.com.au/blogs/news/exploring-ptsd-treatment-options-conventional-natural-and-alternative-therapies,0,0,0,0.33,349000,"53, 81, 65, 81, 65, 100, 65, 81, 53, 34, 65, 53",2026-04-07 17:30:48,"Video, Related searches, AI overview",informational,Organic
chronic insomnia,30,62,320,70,0.57,https://herbly.com.au/blogs/news/chronic-insomnia-causes-and-symptoms,0,0,0,0.23,131,"7, 8, 13, 7, 16, 20, 20, 16, 25, 20, 20, 16",2026-04-21 09:51:33,"Video, Image, Related searches, AI overview",informational,Organic
chronic insomnia,46,62,320,70,0.57,https://herbly.com.au/blogs/news/chronic-insomnia-causes-and-symptoms,0,0,0,0.23,131,"7, 8, 13, 7, 16, 20, 20, 16, 25, 20, 20, 16",2026-04-21 09:51:33,"Video, Image, Related searches, AI overview",informational,Organic
greenlife loganholme,50,0,50,19,1.64,https://herbly.com.au/pages/logan-dispensary,0,0,0,0.36,1010,"0, 29, 29, 29, 23, 100, 29, 29, 11, 17, 29, 29",2026-04-28 06:51:12,"Knowledge panel, Video, Image, Related searches, Short videos",navigational,Organic
greenlife loganholme,54,0,50,19,1.64,https://herbly.com.au/pages/logan-dispensary,0,0,0,0.36,1010,"0, 29, 29, 29, 23, 100, 29, 29, 11, 17, 29, 29",2026-04-28 06:51:12,"Knowledge panel, Video, Image, Related searches, Short videos",navigational,Organic
24 hour chemist hervey bay,20,20,110,17,0,https://herbly.com.au/pages/hervey-bay-dispensary,0,0,0,0.22,0,"80, 33, 52, 66, 42, 42, 66, 66, 52, 42, 42, 66",2026-03-19 09:00:10,"Local pack, Sitelinks, Image, Related searches, AI overview",informational,Organic
weed clinics,79,0,90,41,71.13,https://herbly.com.au/pages/bunbury-dispensary,0,0,0,0.3,9660000,"50, 50, 7, 100, 64, 64, 64, 64, 64, 50, 64, 64",2026-04-07 01:07:43,"Video, Image, Related searches, AI overview",informational,Organic
weed clinics,92,0,90,41,71.13,https://herbly.com.au/pages/mandurah-dispensary,0,0,0,0.3,9660000,"50, 50, 7, 100, 64, 64, 64, 64, 64, 50, 64, 64",2026-04-07 01:07:43,"Video, Image, Related searches, AI overview",informational,Organic
manic depression natural treatment,97,0,50,43,0.57,https://herbly.com.au/blogs/news/natural-treatments-for-depression,0,0,0,0.55,7930000,"63, 63, 63, 63, 63, 45, 45, 63, 18, 18, 18, 18",2026-04-22 21:50:31,"People also ask, Related searches, AI overview",informational,Organic
medical cannabis clinics,82,0,70,19,0,https://herbly.com.au/pages/mandurah-dispensary,0,0,0,0,18000000,"21, 21, 35, 21, 28, 21, 64, 64, 64, 64, 64, 64",2026-04-14 07:53:02,"Local pack, Video, Image, Related searches",commercial,Organic
buy weed sydney,19,0,70,15,0,https://herbly.com.au/pages/newtown-dispensary,0,0,0,0,19100000,"36, 36, 45, 9, 9, 9, 63, 81, 100, 100, 81, 81",2026-04-13 08:51:33,"Knowledge panel, Sitelinks, Video, Related searches",transactional,Organic
buy weed sydney,95,0,70,15,0,https://herbly.com.au/pages/parramatta-dispensary,0,0,0,0,19100000,"36, 36, 45, 9, 9, 9, 63, 81, 100, 100, 81, 81",2026-04-13 08:51:33,"Knowledge panel, Sitelinks, Video, Related searches",transactional,Organic
what can cause insomnia,56,56,320,68,0.18,https://herbly.com.au/blogs/news/understanding-insomnia-the-hidden-struggles-of-sleep,0,0,0,0.26,207000000,"100, 19, 54, 36, 29, 19, 7, 23, 36, 29, 23, 29",2026-03-31 07:59:47,"Video, Image, Video Carousel, Related searches, Discussions and forums, AI overview",informational,Organic
what can cause insomnia,67,56,320,68,0.18,https://herbly.com.au/blogs/news/understanding-insomnia-the-hidden-struggles-of-sleep,0,0,0,0.26,207000000,"100, 19, 54, 36, 29, 19, 7, 23, 36, 29, 23, 29",2026-03-31 07:59:47,"Video, Image, Video Carousel, Related searches, Discussions and forums, AI overview",informational,Organic
free medical marijuanas doctors near me,89,89,70,50,72.13,https://herbly.com.au/pages/sunshine-coast-dispensary,0,0,0,0.81,131,"50, 21, 21, 21, 21, 21, 64, 100, 64, 64, 50, 50",2026-03-20 06:47:41,"Local pack, Video, People also ask, Related searches, AI overview","informational, transactional",Organic
online medical marijuanas doctor near me,19,19,50,55,0,https://herbly.com.au/pages/ipswich-dispensary,0,0,0,0,0,"77, 44, 77, 44, 77, 11, 55, 77, 55, 55, 77, 77",2026-03-08 04:54:36,"Local pack, Video, Related searches","informational, transactional",Organic
online medical marijuanas doctor near me,60,60,50,55,0,https://herbly.com.au/pages/newtown-dispensary,0,0,0,0,0,"77, 44, 77, 44, 77, 11, 55, 77, 55, 55, 77, 77",2026-03-08 04:54:36,"Local pack, Video, Related searches","informational, transactional",Organic
online medical marijuanas doctor near me,77,77,50,55,0,https://herbly.com.au/pages/parramatta-dispensary,0,0,0,0,0,"77, 44, 77, 44, 77, 11, 55, 77, 55, 55, 77, 77",2026-03-08 04:54:36,"Local pack, Video, Related searches","informational, transactional",Organic
online medical marijuanas doctor near me,88,88,50,55,0,https://herbly.com.au/pages/townsville-dispensary,0,0,0,0,0,"77, 44, 77, 44, 77, 11, 55, 77, 55, 55, 77, 77",2026-03-08 04:54:36,"Local pack, Video, Related searches","informational, transactional",Organic
difficult to sleep,69,69,140,87,0.59,https://herbly.com.au/blogs/news/understanding-insomnia-the-hidden-struggles-of-sleep,0,0,0,0.23,931000000,"52, 66, 52, 66, 100, 80, 66, 80, 52, 42, 52, 80",2026-03-10 03:38:45,"Video, Video Carousel, Related searches, Discussions and forums, AI overview",informational,Organic
weed stores closest to me,50,50,90,40,0,https://herbly.com.au/pages/sunshine-coast-dispensary,0,0,0,0,105,"0, 0, 0, 100, 100, 78, 100, 100, 100, 100",2026-03-13 13:52:17,"Related searches, AI overview",informational,Organic
weed stores closest to me,69,69,90,40,0,https://herbly.com.au/pages/parramatta-dispensary,0,0,0,0,105,"0, 0, 0, 100, 100, 78, 100, 100, 100, 100",2026-03-13 13:52:17,"Related searches, AI overview",informational,Organic
green life clinic logan,47,47,70,24,2.04,https://herbly.com.au/pages/logan-dispensary,0,0,0,0.28,0,"5, 100, 100, 64, 64, 64, 41, 0, 0, 0, 0, 0",2026-03-09 03:00:01,"Knowledge panel, Image pack, Video, Image, Related searches, Short videos",navigational,Organic
420 near me,33,33,90,55,0,https://herbly.com.au/pages/newtown-dispensary,0,0,0,0.03,222000000,"41, 41, 52, 52, 64, 52, 82, 64, 52, 52, 64, 64",2026-03-27 18:56:22,"Local pack, Sitelinks, People also ask, Related searches",transactional,Organic
weed store online,27,0,50,38,0,https://herbly.com.au/pages/bunbury-dispensary,0,0,0,0,95900000,"2, 2, 0, 2, 2, 29, 29, 2, 2, 2, 29, 2",2026-04-15 11:21:25,"Image, Discussions and forums",commercial,Organic
cannabis pharmacy,90,0,140,50,2.58,https://herbly.com.au/pages/parramatta-dispensary,0,0,0,0.02,186,"43, 43, 35, 29, 35, 54, 29, 29, 22, 14, 22, 22",2026-04-07 14:21:50,"Local pack, Video, Related searches",commercial,Organic
weed shop near me,1,0,110,26,0,https://herbly.com.au/pages/wollongong-dispensary,0,0,0,0,167,"4, 4, 29, 29, 6, 29, 29, 22, 29, 29, 29, 29",2026-04-06 17:47:05,"Knowledge panel, Video, AI overview","informational, transactional",AI overview
weed shop near me,26,0,110,26,0,https://herbly.com.au/pages/wollongong-dispensary,0,0,0,0,167,"4, 4, 29, 29, 6, 29, 29, 22, 29, 29, 29, 29",2026-04-06 17:47:05,"Knowledge panel, Video, AI overview","informational, transactional",Organic
weed shop near me,68,0,110,26,0,https://herbly.com.au/pages/dubbo-dispensary,0,0,0,0,167,"4, 4, 29, 29, 6, 29, 29, 22, 29, 29, 29, 29",2026-04-06 17:47:05,"Knowledge panel, Video, AI overview","informational, transactional",Organic
weed shop near me,82,0,110,26,0,https://herbly.com.au/pages/parramatta-dispensary,0,0,0,0,167,"4, 4, 29, 29, 6, 29, 29, 22, 29, 29, 29, 29",2026-04-06 17:47:05,"Knowledge panel, Video, AI overview","informational, transactional",Organic
insomnia therapies,26,26,210,76,0.84,https://herbly.com.au/blogs/news/insomnia-therapies-and-treatments-conventional-alternative-and-holistic-approaches,0,0,0,0.88,204000000,"22, 14, 35, 29, 35, 22, 54, 54, 66, 66, 54, 35",2026-03-30 22:49:44,"Video, Image, Video Carousel, Related searches, Discussions and forums, AI overview",informational,Organic
anxiety natural remedies,44,44,50,54,0.86,https://herbly.com.au/blogs/news/holistic-treatment-for-anxiety-exploring-alternative-medicine-and-natural-therapies-in-australia,0,0,0,1,0,"41, 29, 100, 17, 17, 11, 23, 29, 23, 29, 11, 23",2026-03-06 22:39:12,"Image, Related searches, Discussions and forums, AI overview",informational,Organic
fibromyalgia and natural remedies,9,9,50,17,0.28,https://herbly.com.au/blogs/news/natural-medicine-for-fibromyalgia-a-comprehensive-guide,0,0,0,0.97,0,"81, 63, 36, 63, 63, 63, 45, 45, 18, 18, 100, 18",2026-03-13 03:59:56,"Image, Related searches, Discussions and forums, AI overview",informational,Organic
fibromyalgia and natural remedies,31,9,50,17,0.28,https://herbly.com.au/blogs/news/natural-medicine-for-fibromyalgia-a-comprehensive-guide,0,0,0,0.97,0,"81, 63, 36, 63, 63, 63, 45, 45, 18, 18, 100, 18",2026-03-13 03:59:56,"Image, Related searches, Discussions and forums, AI overview",informational,Organic
fibromyalgia and natural remedies,46,9,50,17,0.28,https://herbly.com.au/blogs/news/natural-medicine-for-fibromyalgia-a-comprehensive-guide,0,0,0,0.97,0,"81, 63, 36, 63, 63, 63, 45, 45, 18, 18, 100, 18",2026-03-13 03:59:56,"Image, Related searches, Discussions and forums, AI overview",informational,Organic
alternative medicine for insomnia,14,14,170,65,0.53,https://herbly.com.au/blogs/news/insomnia-therapies-and-treatments-conventional-alternative-and-holistic-approaches,0,0,0,0.91,223,"80, 80, 42, 100, 80, 53, 42, 42, 80, 53, 42, 34",2026-03-22 15:17:56,"Sitelinks, Related searches, Discussions and forums, AI overview",informational,Organic
buy medical marijuanas online,19,0,70,48,41.92,https://herbly.com.au/pages/wollongong-dispensary,0,0,0,0.23,194,"63, 63, 36, 63, 81, 81, 27, 45, 45, 63, 45, 45",2026-04-19 20:40:33,"Video, People also ask, Related searches",transactional,Organic
buy medical marijuanas online,65,23,70,48,41.92,https://herbly.com.au/pages/newtown-dispensary,0,0,0,0.23,194,"63, 63, 36, 63, 81, 81, 27, 45, 45, 63, 45, 45",2026-04-19 20:40:33,"Video, People also ask, Related searches",transactional,Organic
buy medical marijuanas online,75,0,70,48,41.92,https://herbly.com.au/pages/mackay-dispensary,0,0,0,0.23,194,"63, 63, 36, 63, 81, 81, 27, 45, 45, 63, 45, 45",2026-04-19 20:40:33,"Video, People also ask, Related searches",transactional,Organic
bunbury chemist,69,0,390,15,0.16,https://herbly.com.au/pages/bunbury-dispensary,0,0,0,0.29,100,"100, 23, 23, 67, 29, 29, 29, 29, 36, 36, 44, 54",2026-04-07 09:14:33,"Local pack, Sitelinks, Video, Image, Related searches",commercial,Organic
buy weed in brisbane,83,0,50,18,0,https://herbly.com.au/pages/morayfield-dispensary,0,0,0,0,5460000,"11, 22, 22, 0, 100, 11, 77, 77, 77, 77, 77, 100",2026-04-26 16:45:38,"Local pack, Sitelinks, Video, People also ask, Related searches, Discussions and forums, AI overview",informational,Organic
pine dispensary toowoomba city,16,16,90,21,11.39,https://herbly.com.au/pages/toowoomba-dispensary,0,0,0,0.07,61,"0, 0, 22, 100, 4, 22, 22, 4, 10, 10, 8, 10",2026-03-19 20:55:41,"Knowledge panel, Sitelinks, Image, Related searches",navigational,Organic
holistic pain killer,14,14,170,36,0.92,https://herbly.com.au/blogs/news/a-comprehensive-guide-to-holistic-therapies-and-treatments-for-chronic-pain,0,0,0,0.86,217,"53, 53, 42, 53, 53, 53, 65, 80, 100, 65, 53, 65",2026-03-14 16:14:43,"Image, Related searches, AI overview",informational,Organic
holistic pain killer,74,14,170,36,0.92,https://herbly.com.au/blogs/news/a-comprehensive-guide-to-holistic-therapies-and-treatments-for-chronic-pain,0,0,0,0.86,217,"53, 53, 42, 53, 53, 53, 65, 80, 100, 65, 53, 65",2026-03-14 16:14:43,"Image, Related searches, AI overview",informational,Organic
how can you get medical weed,1,0,40,52,35.15,https://herbly.com.au/blogs/latest-medical-articles/understanding-monthly-limits-and-interval-periods,0,0,0,0.4,176000000,"100, 28, 28, 42, 28, 71, 42, 57, 71, 57, 57, 42",2026-04-15 07:46:13,"Video, People also ask, Related searches, Discussions and forums, Ads middle, AI overview",informational,People also ask
medicinal cannabis online,64,0,70,44,0,https://herbly.com.au/pages/ipswich-dispensary,0,0,0,0,110000000,"71, 100, 100, 71, 71, 71, 100, 100, 100, 71, 71, 100",2026-04-26 00:06:02,"Video, People also ask, Related searches, Discussions and forums",informational,Organic
medical marijuanas gold coast,94,0,210,21,0,https://herbly.com.au/pages/coolangatta-dispensary,0,0,0,0,219,"72, 9, 4, 7, 14, 14, 21, 17, 17, 21, 21, 21",2026-04-01 14:59:07,"Local pack, Video, Related searches",commercial,Organic
what cause insomnia,67,67,70,82,0.17,https://herbly.com.au/blogs/news/understanding-insomnia-the-hidden-struggles-of-sleep,0,0,0,0.24,0,"0, 0, 0, 1, 6, 11, 3, 100, 8, 5, 5, 8",2026-03-06 05:53:31,"Video, Image, Video Carousel, Related searches, Discussions and forums, AI overview",informational,Organic
where to get medical weed,68,68,90,50,27.41,https://herbly.com.au/pages/mandurah-dispensary,0,0,0,0.28,229,"81, 63, 100, 63, 100, 81, 100, 63, 63, 63, 63, 45",2026-03-11 21:44:22,"Video, Related searches, Discussions and forums, AI overview",informational,Organic
where to get medical weed,78,78,90,50,27.41,https://herbly.com.au/pages/bendigo-dispensary,0,0,0,0.28,229,"81, 63, 100, 63, 100, 81, 100, 63, 63, 63, 63, 45",2026-03-11 21:44:22,"Video, Related searches, Discussions and forums, AI overview",informational,Organic
where to get medical weed,90,90,90,50,27.41,https://herbly.com.au/pages/coffs-harbour-dispensary,0,0,0,0.28,229,"81, 63, 100, 63, 100, 81, 100, 63, 63, 63, 63, 45",2026-03-11 21:44:22,"Video, Related searches, Discussions and forums, AI overview",informational,Organic
supplements for fibromyalgia,63,63,50,27,0.41,https://herbly.com.au/blogs/news/natural-medicine-for-fibromyalgia-a-comprehensive-guide,0,0,0,1,0,"9, 9, 12, 5, 5, 5, 6, 9, 6, 9, 2, 2",2026-03-18 05:26:02,"Sitelinks, Video, Image, Related searches, Discussions and forums, AI overview",informational,Organic
cannabis store near me,17,0,320,17,0,https://herbly.com.au/pages/rockingham-dispensary,0,0,0,0,66100000,"76, 3, 2, 6, 67, 3, 100, 3, 3, 1, 0, 1",2026-04-06 22:47:28,"Knowledge panel, Image, Related searches, AI overview","informational, transactional",Organic
cannabis store near me,21,0,320,17,0,https://herbly.com.au/pages/wollongong-dispensary,0,0,0,0,66100000,"76, 3, 2, 6, 67, 3, 100, 3, 3, 1, 0, 1",2026-04-06 22:47:28,"Knowledge panel, Image, Related searches, AI overview","informational, transactional",Organic
medical marijuana sydney,67,55,140,16,0,https://herbly.com.au/pages/newtown-dispensary,0,0,0,0,3210000,"26, 26, 34, 19, 26, 11, 65, 80, 53, 80, 100, 80",2026-04-18 08:15:42,"Video, Related searches, Discussions and forums, AI overview",informational,Organic
medical marijuana sydney,81,55,140,16,0,https://herbly.com.au/pages/newtown-dispensary,0,0,0,0,3210000,"26, 26, 34, 19, 26, 11, 65, 80, 53, 80, 100, 80",2026-04-18 08:15:42,"Video, Related searches, Discussions and forums, AI overview",informational,Organic
the herb shop wollongong,10,15,260,16,0,https://herbly.com.au/pages/wollongong-dispensary,0,0,0,0.03,93600,"16, 13, 16, 13, 13, 11, 8, 13, 11, 11, 11, 8",2026-04-02 01:02:36,"Knowledge panel, Image pack, Sitelinks, Video, Image, Related searches",navigational,Organic
buy marijuana australia,90,0,50,55,0,https://herbly.com.au/pages/patient-information-for-medicinal-cannabis-treatment,0,0,0,0,18900000,"7, 0, 0, 0, 0, 0, 100, 100, 50, 50, 50, 64",2026-04-26 16:16:49,"Knowledge panel, Video, Image, Related searches, Discussions and forums",transactional,Organic
melbourne dispensary,17,17,110,45,0,https://herbly.com.au/pages/melbourne-dispensary,0,0,0,0,0,"41, 41, 52, 52, 52, 64, 82, 82, 52, 52, 64, 100",2026-03-12 07:36:16,"Local pack, Video, Image, Related searches",commercial,Organic
how to relieve menstrual cramps naturally,95,95,90,64,0,https://herbly.com.au/blogs/women-s-health/cbd-and-thc-for-period-pain-natural-ways-to-relieve-menstrual-cramps,0,0,0,0.09,127,"9, 9, 9, 9, 9, 52, 52, 100, 100, 33, 23, 42",2026-03-17 18:58:04,"Video, Image, Related searches, AI overview",informational,Organic
depression and disorders,64,64,390,99,1.02,https://herbly.com.au/blogs/news/understanding-depression-and-mental-health,0,0,0,0.1,172000,"35, 54, 54, 81, 100, 100, 23, 66, 100, 81, 81, 54",2026-03-21 00:28:44,"See results about, AI overview",informational,Organic
chemist taree,50,59,720,27,0.18,https://herbly.com.au/pages/taree-dispensary,0,0,0,0.2,50500,"37, 31, 31, 46, 31, 31, 31, 37, 37, 37, 46, 52",2026-04-06 09:16:42,"Local pack, Image, Related searches",commercial,Organic
best medical marijuanas doctor near me,38,0,40,45,90.18,https://herbly.com.au/pages/mandurah-dispensary,0,0,0,0.71,60600000,"28, 28, 28, 28, 28, 28, 57, 71, 71, 100, 100, 100",2026-04-15 22:56:09,"Local pack, Video, Related searches, Discussions and forums, Ads middle",transactional,Organic
best medical marijuanas doctor near me,73,0,40,45,90.18,https://herbly.com.au/pages/campbelltown-dispensary,0,0,0,0.71,60600000,"28, 28, 28, 28, 28, 28, 57, 71, 71, 100, 100, 100",2026-04-15 22:56:09,"Local pack, Video, Related searches, Discussions and forums, Ads middle",transactional,Organic
best medical marijuanas doctor near me,93,0,40,45,90.18,https://herbly.com.au/pages/bunbury-dispensary,0,0,0,0.71,60600000,"28, 28, 28, 28, 28, 28, 57, 71, 71, 100, 100, 100",2026-04-15 22:56:09,"Local pack, Video, Related searches, Discussions and forums, Ads middle",transactional,Organic
pharmacy kallangur,48,0,70,20,0,https://herbly.com.au/pages/kallangur-dispensary,0,0,0,0.19,14800,"63, 63, 81, 100, 45, 63, 63, 81, 63, 63, 63, 81",2026-04-23 02:31:05,"Local pack, Image, Related searches",commercial,Organic
endocannabinoid system,38,0,720,73,0,https://herbly.com.au/blogs/latest-medical-articles/understanding-the-endocannabinoid-system,0,0,0,0,2700000,"36, 30, 36, 36, 45, 45, 45, 67, 100, 76, 100, 55",2026-04-26 12:36:08,"Image pack, Video, Video Carousel, People also ask, Related searches, Short videos, AI overview",informational,Organic
telehealth alternative medicine,12,0,70,48,0,https://herbly.com.au/pages/alternative-medicine-clinic,0,0,0,0,41900000,"55, 100",2026-04-14 21:34:56,"Video, People also ask, Related searches, AI overview",informational,Organic
telehealth alternative medicine,44,0,70,48,0,https://herbly.com.au/pages/natural-medicine-doctor-telehealth-0-to-start-with-a-free-nurse-consult-herbly,0,0,0,0,41900000,"55, 100",2026-04-14 21:34:56,"Video, People also ask, Related searches, AI overview",informational,Organic
telehealth alternative medicine,63,0,70,48,0,https://herbly.com.au/pages/about-us,0,0,0,0,41900000,"55, 100",2026-04-14 21:34:56,"Video, People also ask, Related searches, AI overview",informational,Organic
medical marijuana doctors near me,56,0,50,42,0,https://herbly.com.au/pages/mandurah-dispensary,0,0,0,0,62600000,"6, 29, 29, 4, 6, 29, 4, 4, 2, 2, 2, 2",2026-04-24 04:48:48,"Local pack, Video, People also ask, Related searches, AI overview",transactional,Organic
medical marijuana doctors near me,99,0,50,42,0,https://herbly.com.au/pages/wollongong-dispensary,0,0,0,0,62600000,"6, 29, 29, 4, 6, 29, 4, 4, 2, 2, 2, 2",2026-04-24 04:48:48,"Local pack, Video, People also ask, Related searches, AI overview",transactional,Organic
medical cannabis online,58,0,320,49,0,https://herbly.com.au/pages/ballina-dispensary,0,0,0,0,113000000,"17, 11, 17, 17, 17, 17, 39, 39, 48, 48, 59, 26",2026-04-22 09:18:48,"Video, Related searches, Discussions and forums",commercial,Organic
medical cannabis online,62,0,320,49,0,https://herbly.com.au/pages/ipswich-dispensary,0,0,0,0,113000000,"17, 11, 17, 17, 17, 17, 39, 39, 48, 48, 59, 26",2026-04-22 09:18:48,"Video, Related searches, Discussions and forums",commercial,Organic
medical cannabis online,83,0,320,49,0,https://herbly.com.au/pages/newtown-dispensary,0,0,0,0,113000000,"17, 11, 17, 17, 17, 17, 39, 39, 48, 48, 59, 26",2026-04-22 09:18:48,"Video, Related searches, Discussions and forums",commercial,Organic
pharmacy redbank plains,68,0,170,17,0,https://herbly.com.au/pages/redbank-plains-dispensary,0,0,0,0.23,136000,"66, 80, 100, 100, 80, 52, 100, 66, 80, 80, 66, 80",2026-03-31 22:34:09,"Local pack, Sitelinks, Video, Image, Related searches",commercial,Organic
pharmacy redbank plains,69,0,170,17,0,https://herbly.com.au/pages/redbank-plains-dispensary,0,0,0,0.23,136000,"66, 80, 100, 100, 80, 52, 100, 66, 80, 80, 66, 80",2026-03-31 22:34:09,"Local pack, Sitelinks, Video, Image, Related searches",commercial,Organic
plant medicine australia,19,19,110,33,0,https://herbly.com.au/pages/plant-medicine-doctors,0,0,0,0,252000000,"43, 21, 34, 34, 21, 28, 34, 43, 34, 43, 53, 34",2026-03-22 16:56:04,"Video, People also ask, Popular products, Related searches, AI overview","commercial, informational",Organic
sleep doctor batemans bay nsw,27,27,110,23,0.96,https://herbly.com.au/pages/batemans-bay-dispensary,0,0,0,0.73,0,"29, 64, 64, 41, 100, 64, 82, 82, 64, 82, 100, 82",2026-03-17 21:19:35,"Knowledge panel, Sitelinks, Video, Image, Ads top, Ads bottom, Related searches",navigational,Organic
sleep doctor batemans bay nsw,29,27,110,23,0.96,https://herbly.com.au/pages/batemans-bay-dispensary,0,0,0,0.73,0,"29, 64, 64, 41, 100, 64, 82, 82, 64, 82, 100, 82",2026-03-17 21:19:35,"Knowledge panel, Sitelinks, Video, Image, Ads top, Ads bottom, Related searches",navigational,Organic
online medical cannabis,50,0,50,47,0,https://herbly.com.au/pages/newtown-dispensary,0,0,0,0,113000000,"33, 44, 44, 11, 33, 33, 55, 100, 77, 100, 100, 100",2026-04-15 03:53:00,"Video, Related searches, Discussions and forums",commercial,Organic
online medical cannabis,87,0,50,47,0,https://herbly.com.au/pages/bunbury-dispensary,0,0,0,0,113000000,"33, 44, 44, 11, 33, 33, 55, 100, 77, 100, 100, 100",2026-04-15 03:53:00,"Video, Related searches, Discussions and forums",commercial,Organic
endocannabinoid receptors,44,0,170,76,0,https://herbly.com.au/blogs/latest-medical-articles/understanding-the-endocannabinoid-system,0,0,0,0,2750000,"42, 53, 42, 53, 80, 53, 42, 65, 80, 100, 65, 53",2026-04-21 21:44:19,"Sitelinks, Video, Video Carousel, People also ask, Related searches, AI overview",informational,Organic
medical cannabis clinic,86,0,170,37,0,https://herbly.com.au/pages/mandurah-dispensary,0,0,0,0,136,"43, 43, 43, 43, 43, 43, 65, 65, 53, 53, 65, 43",2026-04-19 06:28:50,"Local pack, Video, Related searches",commercial,Organic
medical cannabis clinic,90,0,170,37,0,https://herbly.com.au/pages/townsville-dispensary,0,0,0,0,136,"43, 43, 43, 43, 43, 43, 65, 65, 53, 53, 65, 43",2026-04-19 06:28:50,"Local pack, Video, Related searches",commercial,Organic
high street dispensary,21,21,170,19,3.46,https://herbly.com.au/pages/penrith-dispensary,0,0,0,0.14,20300000,"43, 65, 53, 53, 53, 28, 53, 53, 34, 53, 65, 53",2026-03-24 20:10:43,"Knowledge panel, Video, Image, Related searches","informational, transactional",Organic
medical cannabis consultation,56,56,210,53,0,https://herbly.com.au/pages/parramatta-dispensary,0,0,0,0,152,"23, 17, 28, 28, 17, 12, 66, 66, 82, 100, 100, 43",2026-03-27 12:39:15,"Knowledge panel, Related searches",informational,Organic
doctors who use alternative medicine,15,15,210,44,1.35,https://herbly.com.au/pages/plant-medicine-doctors,0,0,0,0.3,0,"81, 65, 53, 65, 65, 65, 53, 81, 65, 81, 53, 53",2026-03-18 22:31:30,"Local pack, Video, Related searches, Discussions and forums",informational,Organic
buying weed in sydney,54,54,90,33,0,https://herbly.com.au/pages/parramatta-dispensary,0,0,0,0.01,203,"52, 52, 66, 42, 52, 33, 33, 33, 66, 33, 42, 42",2026-03-20 22:05:42,"Sitelinks, Video, Related searches",informational,Organic
cannabliss clinics,51,0,110,30,0,https://herbly.com.au/pages/albury-dispensary,0,0,0,0,5030,"0, 82, 82, 64, 82, 100, 100, 100, 41, 52, 52, 41",2026-04-27 04:58:24,"Knowledge panel, Sitelinks, Video, Image, Related searches",navigational,Organic
cannabliss clinics,58,0,110,30,0,https://herbly.com.au/pages/bathurst-dispensary,0,0,0,0,5030,"0, 82, 82, 64, 82, 100, 100, 100, 41, 52, 52, 41",2026-04-27 04:58:24,"Knowledge panel, Sitelinks, Video, Image, Related searches",navigational,Organic
cannabliss clinics,60,0,110,30,0,https://herbly.com.au/pages/dubbo-dispensary,0,0,0,0,5030,"0, 82, 82, 64, 82, 100, 100, 100, 41, 52, 52, 41",2026-04-27 04:58:24,"Knowledge panel, Sitelinks, Video, Image, Related searches",navigational,Organic
medical marijuanas victoria,86,0,880,39,0,https://herbly.com.au/pages/warragul-dispensary,0,0,0,0,142,"36, 36, 55, 8, 20, 76, 100, 100, 76, 100, 100, 76",2026-04-01 18:45:15,"Video, Related searches, Discussions and forums, AI overview",informational,Organic
medical marijuanas victoria,90,0,880,39,0,https://herbly.com.au/pages/warragul-dispensary,0,0,0,0,142,"36, 36, 55, 8, 20, 76, 100, 100, 76, 100, 100, 76",2026-04-01 18:45:15,"Video, Related searches, Discussions and forums, AI overview",informational,Organic
medical cannabis dispensary near me,79,79,260,46,0,https://herbly.com.au/pages/newtown-dispensary,0,0,0,0,14600000,"2, 2, 14, 14, 14, 88, 100, 88, 1, 3, 3, 1",2026-03-23 01:00:02,"Local pack, Video, Related searches",transactional,Organic
port hedland pharmacy,48,0,110,19,0.09,https://herbly.com.au/pages/port-hedland-dispensary,0,0,0,0.05,49300,"28, 28, 34, 43, 43, 34, 53, 53, 34, 34, 28, 43",2026-04-17 12:31:09,"Knowledge panel, Sitelinks, Video, Image, People also ask, Related searches, AI overview",informational,Organic
port hedland pharmacy,66,0,110,19,0.09,https://herbly.com.au/pages/port-hedland-dispensary,0,0,0,0.05,49300,"28, 28, 34, 43, 43, 34, 53, 53, 34, 34, 28, 43",2026-04-17 12:31:09,"Knowledge panel, Sitelinks, Video, Image, People also ask, Related searches, AI overview",informational,Organic
alternative medicine for anxiety,16,16,320,64,0.86,https://herbly.com.au/blogs/news/holistic-treatment-for-anxiety-exploring-alternative-medicine-and-natural-therapies-in-australia,0,0,0,1,0,"100, 23, 100, 81, 3, 4, 7, 7, 15, 15, 54, 67",2026-03-18 16:07:51,"Image, Discussions and forums, AI overview",informational,Organic
alternative medicine for anxiety,58,58,320,64,0.86,https://herbly.com.au/pages/holistic-treatment-for-anxiety,0,0,0,1,0,"100, 23, 100, 81, 3, 4, 7, 7, 15, 15, 54, 67",2026-03-18 16:07:51,"Image, Discussions and forums, AI overview",informational,Organic
alternative drugs,92,92,320,71,66.82,https://herbly.com.au/blogs/latest-medical-articles/can-alternative-medicine-affect-my-other-medications,0,0,0,0.41,332000000,"81, 54, 36, 23, 81, 81, 19, 36, 19, 12, 66, 44",2026-03-23 17:27:19,"Video, Image, People also ask, Related searches, AI overview",informational,Organic
alternative menopause remedies,73,0,50,31,0.76,https://herbly.com.au/blogs/women-s-health/women-turning-to-alternative-medicine-for-relief-of-menopause-symptoms,0,0,0,0.93,133,"18, 18, 100, 100, 18, 18, 36, 27, 100, 18, 18, 18",2026-04-22 22:04:23,"Sitelinks, Image, People also ask, Related searches, AI overview",informational,Organic
depression and natural cures,59,0,50,56,0.51,https://herbly.com.au/blogs/news/natural-treatments-for-depression,0,0,0,0.74,317000000,"28, 0, 7, 7, 0, 7, 64, 78, 100, 78, 64, 64",2026-04-12 16:49:32,,informational,Organic
astrid byron bay,18,49,110,17,2.91,https://herbly.com.au/pages/byron-bay-dispensary,0,0,0,0.08,531000,"52, 52, 100, 82, 64, 52, 82, 64, 64, 64, 64, 100",2026-04-21 10:47:20,"Knowledge panel, Sitelinks, Video, Image, Related searches","navigational, transactional",Organic
astrid byron bay,34,49,110,17,2.91,https://herbly.com.au/pages/byron-bay-dispensary,0,0,0,0.08,531000,"52, 52, 100, 82, 64, 52, 82, 64, 64, 64, 64, 100",2026-04-21 10:47:20,"Knowledge panel, Sitelinks, Video, Image, Related searches","navigational, transactional",Organic
natural cure for ms,53,0,50,34,0,https://herbly.com.au/blogs/news/understanding-multiple-sclerosis,0,0,0,0,344000000,"0, 0, 0, 0, 3, 0, 19, 26, 26, 19, 42, 100",2026-04-29 22:01:34,"Sitelinks, Image, People also ask, Discussions and forums, AI overview",informational,Organic
natural cure for ms,69,0,50,34,0,https://herbly.com.au/blogs/news/understanding-multiple-sclerosis,0,0,0,0,344000000,"0, 0, 0, 0, 3, 0, 19, 26, 26, 19, 42, 100",2026-04-29 22:01:34,"Sitelinks, Image, People also ask, Discussions and forums, AI overview",informational,Organic
natural cure for ms,71,0,50,34,0,https://herbly.com.au/blogs/news/understanding-multiple-sclerosis,0,0,0,0,344000000,"0, 0, 0, 0, 3, 0, 19, 26, 26, 19, 42, 100",2026-04-29 22:01:34,"Sitelinks, Image, People also ask, Discussions and forums, AI overview",informational,Organic
pharmacy byron bay,85,0,320,22,0,https://herbly.com.au/pages/byron-bay-dispensary,0,0,0,0.25,1290000,"54, 29, 29, 44, 36, 29, 36, 29, 44, 44, 54, 66",2026-04-03 07:20:25,"Local pack, Sitelinks, Image, Related searches",commercial,Organic
dispensary dispensary,52,0,3600,48,0,https://herbly.com.au/pages/wetherill-park-dispensary,0,0,0,0,113,"81, 44, 81, 100, 81, 100, 2, 44, 81, 66, 81, 53",2026-04-27 16:27:56,"Local pack, Video, Related searches",commercial,Organic
online cannabis dispensary australia,72,72,110,49,0,https://herbly.com.au/pages/ipswich-dispensary,0,0,0,0,738000,"17, 29, 64, 52, 64, 52, 82, 64, 82, 100, 100, 64",2026-03-25 07:02:46,"Video, Image, People also ask, Related searches, Discussions and forums, AI overview",informational,Organic
medical marijuanas qld,89,0,1600,53,58.29,https://herbly.com.au/pages/ipswich-dispensary,0,0,0,0.74,279000,"30, 54, 66, 79, 54, 66, 54, 66, 66, 79, 79, 36",2026-04-26 22:03:50,"Local pack, Video, Image, People also ask, Related searches, AI overview",informational,Organic
weed prescription online,60,0,210,44,0,https://herbly.com.au/pages/wagga-wagga-dispensary,0,0,0,0,31800000,"28, 65, 34, 81, 81, 65, 65, 100, 81, 81, 100, 100",2026-04-06 03:50:57,"Video, Related searches, Discussions and forums",commercial,Organic
weed prescription online,94,0,210,44,0,https://herbly.com.au/,0,0,0,0,31800000,"28, 65, 34, 81, 81, 65, 65, 100, 81, 81, 100, 100",2026-04-06 03:50:57,"Video, Related searches, Discussions and forums",commercial,Organic
switch surry hills,49,0,260,15,0,https://herbly.com.au/pages/surry-hills-dispensary,0,0,0,0.01,5330000,"0, 0, 5, 3, 18, 54, 81, 54, 100, 81, 66, 44",2026-04-28 05:26:01,"Knowledge panel, Video, People also ask, Related searches",commercial,Organic
alternative healthcare practitioners,7,8,50,45,31.33,https://herbly.com.au/pages/plant-medicine-doctors,0,0,0,0.3,139000000,"77, 55, 77, 22, 33, 44, 77, 55, 55, 44, 44, 44",2026-04-20 09:45:04,"Video, People also ask, Related searches, AI overview",informational,Organic
alternative healthcare practitioners,19,0,50,45,31.33,https://herbly.com.au/blogs/latest-medical-articles/why-our-practitioners-chose-alternative-medicine,0,0,0,0.3,139000000,"77, 55, 77, 22, 33, 44, 77, 55, 55, 44, 44, 44",2026-04-20 09:45:04,"Video, People also ask, Related searches, AI overview",informational,Organic
chemist springfield lakes,64,64,140,21,0.22,https://herbly.com.au/pages/springfield-lakes-dispensary,0,0,0,0.23,0,"43, 43, 53, 65, 53, 34, 43, 43, 43, 43, 53, 43",2026-03-07 17:00:53,"Local pack, Sitelinks, Image, Related searches",commercial,Organic
chemist springfield lakes,70,64,140,21,0.22,https://herbly.com.au/pages/springfield-lakes-dispensary,0,0,0,0.23,0,"43, 43, 53, 65, 53, 34, 43, 43, 43, 43, 53, 43",2026-03-07 17:00:53,"Local pack, Sitelinks, Image, Related searches",commercial,Organic
medical marijuanas prices,94,0,90,13,0,https://herbly.com.au/pages/newtown-dispensary,0,0,0,0.03,27900000,"33, 52, 42, 52, 66, 42, 33, 33, 33, 33, 33, 33",2026-04-21 05:02:13,"Video, Related searches, AI overview",informational,Organic
medical weed brisbane,9,0,110,48,65.03,https://herbly.com.au/pages/north-lakes-dispensary,0,0,0,0.9,166,"64, 29, 41, 41, 64, 52, 64, 82, 64, 64, 100, 64",2026-04-24 22:47:09,"Video, People also ask, Related searches, Discussions and forums, AI overview",informational,Organic
medical weed brisbane,53,0,110,48,65.03,https://herbly.com.au/pages/redbank-plains-dispensary,0,0,0,0.9,166,"64, 29, 41, 41, 64, 52, 64, 82, 64, 64, 100, 64",2026-04-24 22:47:09,"Video, People also ask, Related searches, Discussions and forums, AI overview",informational,Organic
medical weed brisbane,79,0,110,48,65.03,https://herbly.com.au/pages/brisbane-dispensary,0,0,0,0.9,166,"64, 29, 41, 41, 64, 52, 64, 82, 64, 64, 100, 64",2026-04-24 22:47:09,"Video, People also ask, Related searches, Discussions and forums, AI overview",informational,Organic
medical weed brisbane,88,0,110,48,65.03,https://herbly.com.au/pages/brisbane-dispensary,0,0,0,0.9,166,"64, 29, 41, 41, 64, 52, 64, 82, 64, 64, 100, 64",2026-04-24 22:47:09,"Video, People also ask, Related searches, Discussions and forums, AI overview",informational,Organic
chemist in bacchus marsh,33,0,390,17,0,https://herbly.com.au/pages/bacchus-marsh-dispensary,0,0,0,0.04,83,"54, 54, 44, 66, 54, 66, 66, 54, 54, 66, 100, 81",2026-04-05 22:05:15,"Local pack, Image, Related searches",commercial,Organic
holistic medicine for insomnia,14,14,170,70,0.53,https://herbly.com.au/blogs/news/insomnia-therapies-and-treatments-conventional-alternative-and-holistic-approaches,0,0,0,0.91,0,"80, 80, 42, 100, 80, 53, 42, 42, 80, 53, 42, 34",2026-03-10 07:06:32,"Sitelinks, Image, Related searches, Discussions and forums, AI overview",informational,Organic
dispnsary near me,48,48,590,28,0,https://herbly.com.au/pages/newtown-dispensary,0,0,0,0,143000000,"72, 48, 59, 59, 48, 100, 100, 48, 39, 72, 59, 48",2026-03-24 01:21:41,"Local pack, Video, Image, Related searches",transactional,Organic
buy medical cannabinoids online,32,0,40,41,41.92,https://herbly.com.au/pages/campbelltown-dispensary,0,0,0,0.23,18600000,"63, 63, 36, 63, 81, 81, 18, 18, 18, 18, 18, 18",2026-04-19 20:33:14,"Video, Related searches",transactional,Organic
buy medical cannabinoids online,48,0,40,41,41.92,https://herbly.com.au/pages/bunbury-dispensary,0,0,0,0.23,18600000,"63, 63, 36, 63, 81, 81, 18, 18, 18, 18, 18, 18",2026-04-19 20:33:14,"Video, Related searches",transactional,Organic
whats adhd,77,0,390,63,0.21,https://herbly.com.au/blogs/news/what-is-adhd,0,0,0,0.11,138000000,"3, 5, 13, 30, 10, 67, 45, 36, 76, 45, 30, 6",2026-04-16 16:15:11,"Sitelinks, Video, Image, Video Carousel, Related searches, AI overview",informational,Organic
sleep insomnia,89,78,1000,69,0.54,https://herbly.com.au/blogs/news/understanding-insomnia-the-hidden-struggles-of-sleep,0,0,0,0.19,246000000,"100, 10, 13, 10, 29, 10, 16, 20, 10, 16, 13, 10",2026-04-17 05:08:38,"Video, Image, Video Carousel, Related searches, Discussions and forums, AI overview",informational,Organic
medical marijuanas doctor near me,51,0,50,47,110.47,https://herbly.com.au/pages/mandurah-dispensary,0,0,0,0.2,626000,"44, 11, 33, 11, 22, 33, 55, 100, 77, 77, 77, 77",2026-04-22 13:33:41,"Local pack, Video, Related searches, AI overview","informational, transactional",Organic
medical marijuanas doctor near me,64,0,50,47,110.47,https://herbly.com.au/pages/campbelltown-dispensary,0,0,0,0.2,626000,"44, 11, 33, 11, 22, 33, 55, 100, 77, 77, 77, 77",2026-04-22 13:33:41,"Local pack, Video, Related searches, AI overview","informational, transactional",Organic
medical marijuanas doctor near me,77,0,50,47,110.47,https://herbly.com.au/pages/rockhampton-dispensary,0,0,0,0.2,626000,"44, 11, 33, 11, 22, 33, 55, 100, 77, 77, 77, 77",2026-04-22 13:33:41,"Local pack, Video, Related searches, AI overview","informational, transactional",Organic
medical marijuanas doctor near me,89,0,50,47,110.47,https://herbly.com.au/pages/rockhampton-dispensary,0,0,0,0.2,626000,"44, 11, 33, 11, 22, 33, 55, 100, 77, 77, 77, 77",2026-04-22 13:33:41,"Local pack, Video, Related searches, AI overview","informational, transactional",Organic
bly,61,61,880,27,0.49,https://herbly.com.au/,0,0,0,0.17,0,"46, 31, 52, 25, 68, 52, 52, 25, 52, 31, 52, 100",2026-03-09 09:04:12,"Video, Image, Video Carousel, Related searches, AI overview",informational,Organic
doctors that prescribe medical marijuanas near me,33,0,50,46,0,https://herbly.com.au/pages/mandurah-dispensary,0,0,0,0,181000000,"42, 42, 42, 42, 28, 14, 71, 100, 100, 100, 100, 100",2026-04-27 11:00:10,"Local pack, Video, Related searches, Discussions and forums, Ads middle, AI overview","informational, transactional",Organic
doctors that prescribe medical marijuanas near me,92,0,50,46,0,https://herbly.com.au/pages/wagga-wagga-dispensary,0,0,0,0,181000000,"42, 42, 42, 42, 28, 14, 71, 100, 100, 100, 100, 100",2026-04-27 11:00:10,"Local pack, Video, Related searches, Discussions and forums, Ads middle, AI overview","informational, transactional",Organic
arthitis,51,0,170,83,0,https://herbly.com.au/blogs/news/understanding-arthritis-causes-impacts-and-treatments,0,0,0,0,104000000,"2, 3, 13, 16, 24, 4, 6, 16, 6, 10, 10, 4",2026-04-25 10:40:44,"Image pack, Video, Image, Video Carousel, People also ask, Related searches, Discussions and forums, AI overview",informational,Organic
cannabidiol australia law,66,0,70,39,9.06,https://herbly.com.au/blogs/latest-medical-articles/alternative-medicine-in-australia,0,0,0,0.34,826000,"14, 50, 50, 64, 100, 64, 50, 64, 50, 50, 50, 50",2026-04-07 03:01:53,"Sitelinks, Video, Related searches, AI overview",informational,Organic
sleeplessness solutions,86,86,480,90,2.73,https://herbly.com.au/blogs/news/insomnia-therapies-and-treatments-conventional-alternative-and-holistic-approaches,0,0,0,1,146,"81, 54, 44, 100, 81, 66, 19, 36, 81, 66, 54, 54",2026-03-20 16:58:53,"Video, Video Carousel, Related searches, AI overview",informational,Organic
is arthritis a curable disease,63,63,110,72,0,https://herbly.com.au/blogs/news/understanding-arthritis-causes-impacts-and-treatments,0,0,0,0,0,"80, 80, 80, 80, 80, 80, 0, 0, 0, 0, 0, 0",2026-03-06 03:55:42,"Image pack, Video, Image, Related searches, AI overview",informational,Organic
medical cannabis canberra,57,57,90,23,0,https://herbly.com.au/pages/queanbeyan-dispensary,0,0,0,0,0,"9, 14, 9, 14, 14, 9, 66, 80, 66, 80, 80, 80",2026-03-16 19:05:01,"Sitelinks, Video, Related searches, Discussions and forums, AI overview",informational,Organic
can i help dispensary,19,19,320,47,6.41,https://herbly.com.au/pages/caboolture-dispensary,0,0,0,0.5,0,"35, 29, 54, 54, 66, 54, 81, 66, 81, 100, 81, 100",2026-03-10 08:58:37,Knowledge panel,informational,Organic
can i help dispensary,31,31,320,47,6.41,https://herbly.com.au/pages/penrith-dispensary,0,0,0,0.5,0,"35, 29, 54, 54, 66, 54, 81, 66, 81, 100, 81, 100",2026-03-10 08:58:37,Knowledge panel,informational,Organic
bunbury medical,55,0,260,31,0.49,https://herbly.com.au/pages/bunbury-dispensary,0,0,0,0.15,110,"81, 100, 65, 65, 65, 81, 81, 81, 53, 65, 53, 65",2026-04-06 07:58:41,"Knowledge panel, Video, Related searches","informational, transactional",Organic
bunbury medical,71,0,260,31,0.49,https://herbly.com.au/pages/bunbury-dispensary,0,0,0,0.15,110,"81, 100, 65, 65, 65, 81, 81, 81, 53, 65, 53, 65",2026-04-06 07:58:41,"Knowledge panel, Video, Related searches","informational, transactional",Organic
medwest medical dispensary,23,0,1000,37,0,https://herbly.com.au/pages/bunbury-dispensary,0,0,0,0,1670,"45, 30, 62, 45, 100, 81, 100, 81, 100, 62, 62, 62",2026-04-06 21:47:31,"Knowledge panel, Sitelinks, Image, Related searches",navigational,Organic
medwest medical dispensary,54,0,1000,37,0,https://herbly.com.au/pages/mandurah-dispensary,0,0,0,0,1670,"45, 30, 62, 45, 100, 81, 100, 81, 100, 62, 62, 62",2026-04-06 21:47:31,"Knowledge panel, Sitelinks, Image, Related searches",navigational,Organic
best online medical cannabis australia,89,89,210,47,0,https://herbly.com.au/,0,0,0,0,14200000,"7, 7, 10, 28, 53, 35, 53, 66, 66, 82, 100, 100",2026-03-25 01:51:34,"Sitelinks, Video, People also ask, Related searches, Discussions and forums, AI overview",commercial,Organic
bunbury pharmacy,52,52,210,17,0.2,https://herbly.com.au/pages/bunbury-dispensary,0,0,0,0.32,0,"66, 54, 29, 35, 29, 29, 43, 29, 100, 100, 29, 35",2026-03-19 01:57:20,"Local pack, Sitelinks, Video, Related searches",commercial,Organic
holistic remedies for insomnia,73,73,170,45,0.53,https://herbly.com.au/blogs/news/insomnia-therapies-and-treatments-conventional-alternative-and-holistic-approaches,0,0,0,0.91,149,"80, 80, 42, 100, 80, 53, 42, 42, 80, 53, 42, 34",2026-03-10 17:54:23,"Sitelinks, Related searches, AI overview",informational,Organic
marijuana near me,1,0,50,35,0,https://herbly.com.au/pages/campbelltown-dispensary,0,0,0,0,264000000,"14, 6, 10, 10, 29, 18, 10, 8, 2, 4, 4, 8",2026-04-22 21:53:00,"Knowledge panel, Video, Image, AI overview","informational, transactional",AI overview
marijuana near me,1,0,50,35,0,https://herbly.com.au/pages/ipswich-dispensary,0,0,0,0,264000000,"14, 6, 10, 10, 29, 18, 10, 8, 2, 4, 4, 8",2026-04-22 21:53:00,"Knowledge panel, Video, Image, AI overview","informational, transactional",AI overview
marijuana near me,30,0,50,35,0,https://herbly.com.au/pages/caboolture-dispensary,0,0,0,0,264000000,"14, 6, 10, 10, 29, 18, 10, 8, 2, 4, 4, 8",2026-04-22 21:53:00,"Knowledge panel, Video, Image, AI overview","informational, transactional",Organic
marijuana near me,68,0,50,35,0,https://herbly.com.au/pages/adelaide-dispensary,0,0,0,0,264000000,"14, 6, 10, 10, 29, 18, 10, 8, 2, 4, 4, 8",2026-04-22 21:53:00,"Knowledge panel, Video, Image, AI overview","informational, transactional",Organic
marijuana near me,76,0,50,35,0,https://herbly.com.au/pages/penrith-dispensary,0,0,0,0,264000000,"14, 6, 10, 10, 29, 18, 10, 8, 2, 4, 4, 8",2026-04-22 21:53:00,"Knowledge panel, Video, Image, AI overview","informational, transactional",Organic
medical cannabis sydney,71,0,210,27,0,https://herbly.com.au/pages/newtown-dispensary,0,0,0,0,6170000,"43, 43, 53, 34, 34, 15, 65, 81, 81, 100, 100, 81",2026-04-17 08:28:11,"Local pack, Video, Related searches, Discussions and forums",commercial,Organic
burpengary doctors reviews,38,38,70,16,0,https://herbly.com.au/pages/burpengary-dispensary,0,0,0,0.33,0,"100, 100, 45, 36, 36, 100, 81, 63, 63, 45, 45, 27",2026-03-19 10:27:19,"Local pack, Related searches",commercial,Organic
herbs for adhd,49,0,50,27,1.16,https://herbly.com.au/blogs/news/holistic-treatments-for-adhd-a-comprehensive-approach,0,0,0,0.86,13300000,"50, 50, 50, 64, 50, 35, 14, 100, 14, 14, 14, 14",2026-04-05 13:51:20,"Sitelinks, Image, Discussions and forums, AI overview",informational,Organic
herbs for adhd,56,0,50,27,1.16,https://herbly.com.au/blogs/news/holistic-treatments-for-adhd-a-comprehensive-approach,0,0,0,0.86,13300000,"50, 50, 50, 64, 50, 35, 14, 100, 14, 14, 14, 14",2026-04-05 13:51:20,"Sitelinks, Image, Discussions and forums, AI overview",informational,Organic
mapp & hession pharmacy,26,20,70,29,0,https://herbly.com.au/pages/murwillumbah-dispensary,0,0,0,0.02,1200,"100, 100, 18, 100, 100, 18, 63, 81, 45, 81, 63, 63",2026-04-01 09:37:25,"Knowledge panel, Sitelinks, Video, Image, Related searches",navigational,Organic
chemist kingaroy,43,34,1000,23,0.26,https://herbly.com.au/pages/kingaroy-dispensary,0,0,0,0.38,22500,"76, 67, 67, 100, 100, 76, 100, 76, 76, 100, 76, 100",2026-04-01 19:00:35,"Local pack, Sitelinks, Video, Image, Related searches",transactional,Organic
natural adhd supplements australia,50,50,50,11,1.05,https://herbly.com.au/pages/adhd-treatments-attention-deficit-hyperactivity-disorder,0,0,0,1,177,"64, 64, 11, 11, 11, 11, 23, 29, 11, 11, 64, 64",2026-03-15 20:57:31,"Sitelinks, Video, Related searches, AI overview",informational,Organic
chemist newtown,32,32,390,23,0.21,https://herbly.com.au/pages/newtown-dispensary,0,0,0,0.16,479000,"36, 30, 30, 36, 30, 30, 30, 36, 30, 30, 36, 36",2026-03-23 23:40:13,"Local pack, Image, Related searches",commercial,Organic
concession medical weed,50,50,40,17,45.73,https://herbly.com.au/pages/blacktown-dispensary,0,0,0,0.78,811000,"80, 80, 60, 80, 80, 100, 100, 100, 60, 40, 40, 40",2026-03-20 22:55:25,"Video, AI overview",informational,Organic
post traumatic stress disorder therapy treatments,85,0,50,72,0,https://herbly.com.au/blogs/news/exploring-ptsd-treatment-options-conventional-natural-and-alternative-therapies,0,0,0,0,382000000,"26, 100, 15, 19, 19, 19, 7, 0, 3, 7, 3, 0",2026-04-25 10:50:28,"Sitelinks, Video, Video Carousel, People also ask, Related searches, AI overview",informational,Organic
ethos northlakes,37,0,50,16,0.48,https://herbly.com.au/pages/north-lakes-dispensary,0,0,0,0.08,1480000,"10, 35, 7, 7, 7, 7, 17, 12, 10, 12, 12, 10",2026-04-08 23:58:07,"Knowledge panel, People also ask, Related searches","informational, transactional",Organic
medical marijuanas sydney,35,35,90,25,56.89,https://herbly.com.au/pages/newtown-dispensary,0,0,0,0.22,0,"23, 17, 28, 35, 28, 23, 17, 23, 28, 17, 28, 23",2026-03-14 12:58:33,"Local pack, Video, Related searches, AI overview",commercial,Organic
prescription cannabis brisbane,64,0,50,38,0,https://herbly.com.au/pages/victoria-point-dispensary,0,0,0,0,220000,"54, 0, 0, 0, 0, 0, 0, 0, 1, 2, 2, 1",2026-04-03 03:51:08,"Local pack, Video, Related searches",commercial,Organic
relieve menstrual cramps,39,39,90,72,1.14,https://herbly.com.au/blogs/women-s-health/cbd-and-thc-for-period-pain-natural-ways-to-relieve-menstrual-cramps,0,0,0,0.99,146,"5, 4, 0, 3, 5, 3, 10, 0, 8, 16, 1, 4",2026-03-07 17:01:06,"Image pack, Video, Image, Related searches, See results about, AI overview",informational,Organic
marijuana clinic,81,0,70,39,0,https://herbly.com.au/pages/ipswich-dispensary,0,0,0,0,39800000,"2, 2, 2, 2, 2, 2, 2, 22, 29, 29, 29, 29",2026-04-14 07:59:14,"Video, Image, Related searches","commercial, informational",Organic
chemist rockhampton,79,0,1600,22,0.45,https://herbly.com.au/pages/rockhampton-dispensary,0,0,0,0.35,156000,"68, 68, 68, 100, 84, 68, 84, 68, 84, 84, 68, 84",2026-04-18 12:56:26,"Local pack, Sitelinks, Video, Image, Related searches",commercial,Organic
depression and mental illness,37,37,40,100,1.21,https://herbly.com.au/blogs/news/understanding-depression-and-mental-health,0,0,0,0.15,346000,"18, 18, 100, 18, 18, 18, 18, 100, 18, 18, 18, 18",2026-03-25 00:53:31,"People also ask, AI overview",informational,Organic
weed dispensary brisbane,75,0,50,16,0,https://herbly.com.au/pages/morayfield-dispensary,0,0,0,0,37200,"28, 21, 7, 50, 7, 0, 28, 50, 50, 64, 64, 50",2026-04-15 03:54:52,"Video, Image, People also ask, Related searches, Discussions and forums, AI overview",informational,Organic
sciatica supportive therapy,44,44,320,68,0,https://herbly.com.au/blogs/news/sciatica-therapies-and-treatment-exploring-conventional-alternative-and-natural-options,0,0,0,0,2310000,"81, 66, 66, 66, 66, 54, 66, 54, 66, 23, 3, 1",2026-03-16 02:42:29,"Video, Image, Video Carousel, Related searches, Discussions and forums, AI overview",informational,Organic
medical cannabis port macquarie,1,0,70,0,0,https://herbly.com.au/pages/port-macquarie-dispensary,0,0,0,0,77,"0, 0, 0, 3, 0, 0, 28, 28, 15, 100, 53, 34",2026-04-12 05:14:10,"Related searches, AI overview",informational,AI overview
medical cannabis port macquarie,63,0,70,0,0,https://herbly.com.au/pages/coffs-harbour-dispensary,0,0,0,0,77,"0, 0, 0, 3, 0, 0, 28, 28, 15, 100, 53, 34",2026-04-12 05:14:10,"Related searches, AI overview",informational,Organic
medical cannabis doctors near me,61,61,50,31,0,https://herbly.com.au/pages/penrith-dispensary,0,0,0,0,0,"1, 1, 1, 1, 1, 1, 4, 2, 2, 2, 2, 2",2026-03-11 09:03:39,"Local pack, Video, Related searches","informational, transactional",Organic
medical cannabis doctors near me,70,61,50,31,0,https://herbly.com.au/pages/penrith-dispensary,0,0,0,0,0,"1, 1, 1, 1, 1, 1, 4, 2, 2, 2, 2, 2",2026-03-11 09:03:39,"Local pack, Video, Related searches","informational, transactional",Organic
medical cannabis doctors near me,98,61,50,31,0,https://herbly.com.au/pages/penrith-dispensary,0,0,0,0,0,"1, 1, 1, 1, 1, 1, 4, 2, 2, 2, 2, 2",2026-03-11 09:03:39,"Local pack, Video, Related searches","informational, transactional",Organic
medical marijuana canberra,63,63,90,21,0,https://herbly.com.au/pages/queanbeyan-dispensary,0,0,0,0,0,"11, 7, 3, 11, 3, 0, 53, 65, 53, 65, 65, 100",2026-03-16 19:04:15,"Video, Related searches, Discussions and forums, AI overview",informational,Organic
medical marijuana canberra,96,63,90,21,0,https://herbly.com.au/pages/queanbeyan-dispensary,0,0,0,0,0,"11, 7, 3, 11, 3, 0, 53, 65, 53, 65, 65, 100",2026-03-16 19:04:15,"Video, Related searches, Discussions and forums, AI overview",informational,Organic
cannabinoids dispensary near me,20,20,390,53,0,https://herbly.com.au/pages/penrith-dispensary,0,0,0,0,4170000,"81, 66, 54, 81, 0, 81, 15, 54, 100, 66, 66, 66",2026-03-22 00:18:36,"Local pack, Video, People also ask, Related searches",transactional,Organic
cannabinoids dispensary near me,67,20,390,53,0,https://herbly.com.au/pages/penrith-dispensary,0,0,0,0,4170000,"81, 66, 54, 81, 0, 81, 15, 54, 100, 66, 66, 66",2026-03-22 00:18:36,"Local pack, Video, People also ask, Related searches",transactional,Organic
diabetic neuropathy treatment,44,44,210,63,0.29,https://herbly.com.au/blogs/news/diabetic-nerve-pain-comprehensive-therapies-and-treatment-options,0,0,0,0.22,0,"35, 35, 35, 28, 23, 35, 43, 53, 53, 100, 100, 82",2026-03-10 14:54:19,"Video, Image, Related searches, AI overview",informational,Organic
natural cures for colitis,17,17,70,44,0.83,https://herbly.com.au/blogs/news/natural-treatments-for-ulcerative-colitis,0,0,0,0.96,8680000,"100, 77, 100, 100, 77, 77, 44, 100, 77, 77, 100, 77",2026-03-10 15:34:10,"Image, Discussions and forums, AI overview",informational,Organic
getting a second opinion from a doctor,64,0,140,19,0,https://herbly.com.au/blogs/latest-medical-articles/should-you-get-a-second-opinion-about-alternative-medicine,0,0,0,0,129,"5, 5, 5, 5, 5, 5, 5, 43, 100, 100, 82, 100",2026-04-11 11:27:39,"Video, People also ask, Related searches, Discussions and forums, AI overview",informational,Organic
dispensary pot,20,93,390,48,0,https://herbly.com.au/pages/wollongong-dispensary,0,0,0,0,13000000,"100, 66, 54, 81, 100, 81, 15, 54, 100, 81, 66, 66",2026-04-17 08:39:47,"Knowledge panel, Sitelinks, Video, Image, Related searches, Discussions and forums",navigational,Organic
dispensary pot,40,0,390,48,0,https://herbly.com.au/pages/newtown-dispensary,0,0,0,0,13000000,"100, 66, 54, 81, 100, 81, 15, 54, 100, 81, 66, 66",2026-04-17 08:39:47,"Knowledge panel, Sitelinks, Video, Image, Related searches, Discussions and forums",navigational,Organic
green life logan,43,63,590,23,4.33,https://herbly.com.au/pages/logan-dispensary,0,0,0,0.1,236000000,"55, 30, 45, 16, 55, 36, 24, 100, 76, 30, 24, 24",2026-04-20 19:41:58,"Knowledge panel, Video, Image, People also ask, Related searches, Short videos","informational, transactional",Organic
order weed online,35,35,90,39,0,https://herbly.com.au/pages/adelaide-dispensary,0,0,0,0,183,"4, 29, 29, 29, 29, 29, 29, 22, 2, 2, 2, 2",2026-03-30 02:19:07,Image,commercial,Organic
order weed online,60,60,90,39,0,https://herbly.com.au/,0,0,0,0,183,"4, 29, 29, 29, 29, 29, 29, 22, 2, 2, 2, 2",2026-03-30 02:19:07,Image,commercial,Organic
buy mmj online,13,13,40,36,41.92,https://herbly.com.au/pages/wollongong-dispensary,0,0,0,0.23,0,"63, 63, 36, 63, 81, 81, 18, 18, 18, 18, 18, 18",2026-03-06 15:59:59,"Video, Related searches",transactional,Organic
buy mmj online,50,50,40,36,41.92,https://herbly.com.au/pages/bundaberg-dispensary,0,0,0,0.23,0,"63, 63, 36, 63, 81, 81, 18, 18, 18, 18, 18, 18",2026-03-06 15:59:59,"Video, Related searches",transactional,Organic
where to get weed in sydney,18,16,70,20,0,https://herbly.com.au/pages/newtown-dispensary,0,0,0,0.33,20300000,"11, 41, 41, 41, 41, 29, 41, 41, 64, 41, 41, 41",2026-04-02 07:59:51,"Local pack, Sitelinks, Video",informational,Organic
where to get weed in sydney,86,0,70,20,0,https://herbly.com.au/pages/parramatta-dispensary,0,0,0,0.33,20300000,"11, 41, 41, 41, 41, 29, 41, 41, 64, 41, 41, 41",2026-04-02 07:59:51,"Local pack, Sitelinks, Video",informational,Organic
where to get weed in sydney,91,0,70,20,0,https://herbly.com.au/pages/parramatta-dispensary,0,0,0,0.33,20300000,"11, 41, 41, 41, 41, 29, 41, 41, 64, 41, 41, 41",2026-04-02 07:59:51,"Local pack, Sitelinks, Video",informational,Organic
medical marijuana clinic,50,50,110,50,0,https://herbly.com.au/pages/bunbury-dispensary,0,0,0,0,48500000,"2, 29, 29, 29, 29, 29, 29, 22, 14, 29, 29, 14",2026-03-30 03:24:39,"Local pack, Video, Image, Related searches",commercial,Organic
medical marijuana clinic,67,50,110,50,0,https://herbly.com.au/pages/bunbury-dispensary,0,0,0,0,48500000,"2, 29, 29, 29, 29, 29, 29, 22, 14, 29, 29, 14",2026-03-30 03:24:39,"Local pack, Video, Image, Related searches",commercial,Organic
medical marijuana clinic,73,73,110,50,0,https://herbly.com.au/pages/caboolture-dispensary,0,0,0,0,48500000,"2, 29, 29, 29, 29, 29, 29, 22, 14, 29, 29, 14",2026-03-30 03:24:39,"Local pack, Video, Image, Related searches",commercial,Organic
medical marijuana clinic,87,87,110,50,0,https://herbly.com.au/pages/rockingham-dispensary,0,0,0,0,48500000,"2, 29, 29, 29, 29, 29, 29, 22, 14, 29, 29, 14",2026-03-30 03:24:39,"Local pack, Video, Image, Related searches",commercial,Organic
natural anxiety meds,63,63,260,55,0.99,https://herbly.com.au/blogs/news/holistic-treatment-for-anxiety-exploring-alternative-medicine-and-natural-therapies-in-australia,0,0,0,1,62000000,"59, 26, 11, 11, 17, 14, 17, 39, 39, 39, 26, 32",2026-03-16 22:54:11,"Sitelinks, Image, Related searches, Discussions and forums, AI overview",informational,Organic
natural remedies for fibromyalgia,18,9,50,21,0.28,https://herbly.com.au/blogs/news/natural-medicine-for-fibromyalgia-a-comprehensive-guide,0,0,0,0.97,4620000,"81, 63, 36, 63, 63, 63, 45, 45, 18, 18, 100, 18",2026-04-10 22:33:57,"Sitelinks, Image, People also ask, Discussions and forums, AI overview",informational,Organic
natural remedies for fibromyalgia,33,9,50,21,0.28,https://herbly.com.au/blogs/news/natural-medicine-for-fibromyalgia-a-comprehensive-guide,0,0,0,0.97,4620000,"81, 63, 36, 63, 63, 63, 45, 45, 18, 18, 100, 18",2026-04-10 22:33:57,"Sitelinks, Image, People also ask, Discussions and forums, AI overview",informational,Organic
get well naturally kallangur,14,0,50,21,0,https://herbly.com.au/pages/kallangur-dispensary,0,0,0,0.03,9530,"64, 78, 64, 64, 100, 14, 14, 14, 14, 14, 14, 14",2026-04-13 20:49:24,"Knowledge panel, Sitelinks","navigational, transactional",Organic
cannibis store near me,75,0,70,18,0,https://herbly.com.au/pages/townsville-dispensary,0,0,0,0,61000000,"0, 0, 0, 0, 0, 0, 0, 0, 100, 0, 0, 0",2026-04-11 23:22:34,"Knowledge panel, Video, Image, Related searches, AI overview","informational, transactional",Organic
cannibis store near me,80,0,70,18,0,https://herbly.com.au/pages/adelaide-dispensary,0,0,0,0,61000000,"0, 0, 0, 0, 0, 0, 0, 0, 100, 0, 0, 0",2026-04-11 23:22:34,"Knowledge panel, Video, Image, Related searches, AI overview","informational, transactional",Organic
muswellbrook chemist,75,0,260,27,0.17,https://herbly.com.au/pages/muswellbrook-dispensary,0,0,0,0.25,23100,"17, 21, 48, 21, 17, 32, 17, 21, 26, 21, 21, 26",2026-04-17 22:00:25,"Local pack, Image, Related searches",commercial,Organic
green leaf boutique reviews,3,0,50,28,0,https://herbly.com.au/pages/patient-information-for-medicinal-cannabis-treatment,0,0,0,0.33,6650000,"18, 100, 100, 18, 100, 100, 18, 18, 18, 18, 18, 18",2026-04-13 21:02:52,"Knowledge panel, Image pack, Sitelinks, Video, People also ask, Related searches, AI overview",commercial,People also ask
bunbury chemists,70,62,90,13,0.16,https://herbly.com.au/pages/bunbury-dispensary,0,0,0,0.29,108,"8, 5, 3, 11, 8, 11, 5, 81, 6, 18, 6, 11",2026-04-30 09:16:33,"Local pack, Sitelinks, Related searches",commercial,Organic
cannabis shop near me,1,1,140,37,0,https://herbly.com.au/pages/bunbury-dispensary,0,0,0,0,63100000,"29, 29, 29, 29, 29, 29, 2, 22, 29, 29, 29, 29",2026-03-14 23:41:12,"Knowledge panel, Image, Related searches, AI overview","informational, transactional",AI overview
cannabis shop near me,26,26,140,37,0,https://herbly.com.au/pages/sunshine-coast-dispensary,0,0,0,0,63100000,"29, 29, 29, 29, 29, 29, 2, 22, 29, 29, 29, 29",2026-03-14 23:41:12,"Knowledge panel, Image, Related searches, AI overview","informational, transactional",Organic
medical cannabis perth,86,0,260,27,0,https://herbly.com.au/pages/rockingham-dispensary,0,0,0,0,1030000,"35, 28, 35, 28, 35, 28, 82, 82, 100, 100, 82, 82",2026-04-22 09:55:52,"Knowledge panel, Sitelinks, Video, People also ask, Related searches, Discussions and forums, AI overview",informational,Organic
natural medicine for anxiety,67,67,390,60,0.99,https://herbly.com.au/blogs/news/holistic-treatment-for-anxiety-exploring-alternative-medicine-and-natural-therapies-in-australia,0,0,0,1,0,"25, 13, 31, 8, 20, 20, 37, 37, 20, 11, 13, 16",2026-03-16 09:02:20,"Sitelinks, Image, Related searches, Discussions and forums, AI overview",informational,Organic
medical marijuana near me,1,1,140,50,0,https://herbly.com.au/pages/wollongong-dispensary,0,0,0,0,0,"29, 29, 29, 29, 29, 29, 29, 35, 29, 29, 29, 29",2026-03-19 10:09:05,"Knowledge panel, Video, Image, Related searches, AI overview","informational, transactional",AI overview
medical marijuana near me,1,1,140,50,0,https://herbly.com.au/pages/wollongong-dispensary,0,0,0,0,0,"29, 29, 29, 29, 29, 29, 29, 35, 29, 29, 29, 29",2026-03-19 10:09:05,"Knowledge panel, Video, Image, Related searches, AI overview","informational, transactional",AI overview
medical marijuana near me,76,76,140,50,0,https://herbly.com.au/pages/bunbury-dispensary,0,0,0,0,0,"29, 29, 29, 29, 29, 29, 29, 35, 29, 29, 29, 29",2026-03-19 10:09:05,"Knowledge panel, Video, Image, Related searches, AI overview","informational, transactional",Organic
ms natural treatment remedies,50,18,70,34,0.3,https://herbly.com.au/blogs/news/understanding-multiple-sclerosis,0,0,0,0.37,407000000,"77, 77, 77, 77, 77, 77, 100, 77, 77, 33, 22, 22",2026-04-21 17:31:13,"Sitelinks, Image, People also ask, Related searches, AI overview",informational,Organic
purchase medical marijuanas,80,0,70,62,43.36,https://herbly.com.au/pages/wollongong-dispensary,0,0,0,0.06,212,"18, 100, 63, 100, 81, 63, 27, 45, 100, 81, 63, 45",2026-04-24 18:08:17,"Local pack, Video, Related searches, AI overview",informational,Organic
beew dispensary,37,0,50,35,3.33,https://herbly.com.au/pages/newtown-dispensary,0,0,0,0.19,1150,"0, 0, 0, 0, 0, 0, 4, 9, 9, 80, 100, 80",2026-04-22 18:21:42,"Knowledge panel, Video, Image, Related searches","informational, transactional",Organic
trouble in sleeping,60,60,90,92,0.53,https://herbly.com.au/blogs/news/understanding-insomnia-the-hidden-struggles-of-sleep,0,0,0,0.39,490000000,"100, 66, 80, 66, 66, 52, 66, 0, 0, 0, 0, 0",2026-03-13 04:22:41,"Video, Video Carousel, Related searches, AI overview",informational,Organic
sleep disorders and insomnia,47,0,6600,72,0.44,https://herbly.com.au/blogs/news/understanding-insomnia-the-hidden-struggles-of-sleep,0,0,0,0.08,207000000,"36, 29, 29, 29, 36, 19, 0, 4, 100, 66, 44, 13",2026-04-29 18:27:55,"Video, Image, People also ask, Related searches, AI overview",informational,Organic
sleep disorders and insomnia,67,0,6600,72,0.44,https://herbly.com.au/blogs/news/understanding-insomnia-the-hidden-struggles-of-sleep,0,0,0,0.08,207000000,"36, 29, 29, 29, 36, 19, 0, 4, 100, 66, 44, 13",2026-04-29 18:27:55,"Video, Image, People also ask, Related searches, AI overview",informational,Organic
medical marijuana doctor near me,11,0,70,60,0,https://herbly.com.au/,0,0,0,0,63100000,"100, 14, 100, 14, 14, 100, 35, 50, 50, 50, 64, 50",2026-04-24 03:58:04,"Local pack, Video, Image, People also ask, Related searches, AI overview","informational, transactional",Organic
medical marijuana doctor near me,99,0,70,60,0,https://herbly.com.au/pages/sunshine-coast-dispensary,0,0,0,0,63100000,"100, 14, 100, 14, 14, 100, 35, 50, 50, 50, 64, 50",2026-04-24 03:58:04,"Local pack, Video, Image, People also ask, Related searches, AI overview","informational, transactional",Organic
mmj doctor near me,94,0,90,55,0,https://herbly.com.au/pages/coffs-harbour-dispensary,0,0,0,0,6010000,"22, 29, 22, 4, 4, 29, 22, 22, 22, 22, 18, 2",2026-04-23 23:11:27,"Sitelinks, Image, People also ask, Related searches, AI overview",transactional,Organic
mmj doctor near me,96,0,90,55,0,https://herbly.com.au/pages/sunshine-coast-dispensary,0,0,0,0,6010000,"22, 29, 22, 4, 4, 29, 22, 22, 22, 22, 18, 2",2026-04-23 23:11:27,"Sitelinks, Image, People also ask, Related searches, AI overview",transactional,Organic
mmj doctor near me,98,0,90,55,0,https://herbly.com.au/pages/bunbury-dispensary,0,0,0,0,6010000,"22, 29, 22, 4, 4, 29, 22, 22, 22, 22, 18, 2",2026-04-23 23:11:27,"Sitelinks, Image, People also ask, Related searches, AI overview",transactional,Organic
mmj doctor near me,99,0,90,55,0,https://herbly.com.au/pages/rockhampton-dispensary,0,0,0,0,6010000,"22, 29, 22, 4, 4, 29, 22, 22, 22, 22, 18, 2",2026-04-23 23:11:27,"Sitelinks, Image, People also ask, Related searches, AI overview",transactional,Organic
mmj doctor near me,100,0,90,55,0,https://herbly.com.au/pages/wagga-wagga-dispensary,0,0,0,0,6010000,"22, 29, 22, 4, 4, 29, 22, 22, 22, 22, 18, 2",2026-04-23 23:11:27,"Sitelinks, Image, People also ask, Related searches, AI overview",transactional,Organic
best sciatica cure,69,69,210,51,0.53,https://herbly.com.au/blogs/news/sciatica-therapies-and-treatment-exploring-conventional-alternative-and-natural-options,0,0,0,0.94,220,"80, 53, 65, 80, 80, 80, 65, 80, 80, 100, 80, 100",2026-03-06 16:38:29,"Video, Video Carousel, Related searches, Discussions and forums, AI overview",informational,Organic
cannabis doctors brisbane,40,40,70,42,0,https://herbly.com.au/pages/narangba-dispensary,0,0,0,0.33,0,"50, 50, 35, 35, 50, 35, 50, 35, 50, 50, 78, 78",2026-03-14 16:09:47,"Local pack, Video, Image, Related searches",commercial,Organic
cannabis doctors brisbane,64,40,70,42,0,https://herbly.com.au/pages/narangba-dispensary,0,0,0,0.33,0,"50, 50, 35, 35, 50, 35, 50, 35, 50, 50, 78, 78",2026-03-14 16:09:47,"Local pack, Video, Image, Related searches",commercial,Organic
medical marijuana dispensary near me,18,0,50,39,0,https://herbly.com.au/pages/busselton-dispensary,0,0,0,0,14100000,"8, 6, 10, 8, 8, 6, 14, 18, 18, 10, 18, 14",2026-04-14 22:02:21,"Local pack, Video, Image, People also ask, Related searches, AI overview","informational, transactional",Organic
where can i buy medical cannabis,24,0,50,54,0,https://herbly.com.au/pages/wollongong-dispensary,0,0,0,0.03,88500000,"18, 18, 18, 18, 100, 63, 63, 45, 45, 45, 45, 63",2026-04-29 08:46:02,"Local pack, Video, People also ask, Related searches, Discussions and forums",transactional,Organic
where can i buy medical cannabis,59,0,50,54,0,https://herbly.com.au/pages/newtown-dispensary,0,0,0,0.03,88500000,"18, 18, 18, 18, 100, 63, 63, 45, 45, 45, 45, 63",2026-04-29 08:46:02,"Local pack, Video, People also ask, Related searches, Discussions and forums",transactional,Organic
what s adhd,76,0,110,67,0.21,https://herbly.com.au/blogs/news/what-is-adhd,0,0,0,0.11,150000000,"0, 0, 0, 100, 0, 0, 0, 0, 0, 0, 0, 0",2026-04-21 01:35:48,"Video, Image, Related searches, AI overview",informational,Organic
where to find weed in sydney,16,27,50,22,0,https://herbly.com.au/pages/newtown-dispensary,0,0,0,0.33,96,"18, 63, 81, 63, 63, 45, 18, 18, 100, 18, 18, 18",2026-04-19 00:43:23,"Sitelinks, Video, People also ask, Related searches, AI overview","commercial, informational",Organic
medical cannabis western australia,94,0,70,33,0,https://herbly.com.au/pages/mandurah-dispensary,0,0,0,0,5550000,"5, 0, 5, 5, 5, 5, 100, 100, 64, 64, 82, 100",2026-04-12 05:25:29,"Sitelinks, Video, Image, Related searches, Discussions and forums, AI overview",informational,Organic
risk factors endometriosis,69,69,90,64,0,https://herbly.com.au/blogs/news/the-known-causes-of-endometriosis-what-science-tells-us,0,0,0,0,22200000,"7, 7, 100, 100, 100, 0, 100, 50, 100, 100, 7, 7",2026-03-28 15:31:01,"Image pack, Sitelinks, Video, Image, People also ask, Related searches, AI overview",informational,Organic
cbd benefits for women,15,14,70,15,0,https://herbly.com.au/blogs/women-s-health/lower-abdominal-pain-in-women-exploring-the-benefits-of-cbd-thc,0,0,0,0.12,278000000,"55, 77, 100, 100, 100, 77, 77, 77, 44, 44, 55, 22",2026-04-24 22:30:00,"Video, People also ask, Related searches, Discussions and forums, AI overview",informational,Organic
canwell dispensary,45,51,590,35,2.8,https://herbly.com.au/pages/muswellbrook-dispensary,0,0,0,0.1,20600,"11, 32, 39, 48, 72, 48, 72, 100, 72, 88, 88, 88",2026-04-10 16:07:49,"Knowledge panel, Sitelinks, Video, Image, People also ask, Related searches",navigational,Organic
canwell dispensary,60,51,590,35,2.8,https://herbly.com.au/pages/muswellbrook-dispensary,0,0,0,0.1,20600,"11, 32, 39, 48, 72, 48, 72, 100, 72, 88, 88, 88",2026-04-10 16:07:49,"Knowledge panel, Sitelinks, Video, Image, People also ask, Related searches",navigational,Organic
sleep onset insomnia,46,46,90,58,1.04,https://herbly.com.au/blogs/news/understanding-insomnia-the-hidden-struggles-of-sleep,0,0,0,0.15,85700000,"8, 6, 18, 15, 18, 6, 23, 23, 18, 15, 11, 8",2026-03-22 14:34:29,"Video, Image, Related searches, Discussions and forums, AI overview",informational,Organic
herbs for stress,80,0,50,56,0,https://herbly.com.au/blogs/news/natural-stress-remedies,0,0,0,1,237000000,"27, 27, 27, 27, 18, 18, 27, 45, 100, 63, 63, 63",2026-04-15 22:03:43,"Image pack, Image, Related searches, AI overview",informational,Organic
dispensary near ne,17,17,590,33,0,https://herbly.com.au/pages/penrith-dispensary,0,0,0,0,72,"76, 76, 76, 76, 67, 67, 0, 67, 0, 0, 2, 2",2026-03-19 10:58:52,"Local pack, Related searches",transactional,Organic
natural remedies for ms,37,37,90,39,0.3,https://herbly.com.au/blogs/news/understanding-multiple-sclerosis,0,0,0,0.37,277000000,"41, 41, 52, 41, 41, 41, 64, 52, 41, 29, 64, 100",2026-03-25 06:10:44,"Sitelinks, Image, Discussions and forums, AI overview",informational,Organic
natural remedies for ms,43,37,90,39,0.3,https://herbly.com.au/blogs/news/understanding-multiple-sclerosis,0,0,0,0.37,277000000,"41, 41, 52, 41, 41, 41, 64, 52, 41, 29, 64, 100",2026-03-25 06:10:44,"Sitelinks, Image, Discussions and forums, AI overview",informational,Organic
pine dispensary,19,19,480,18,0,https://herbly.com.au/pages/toowoomba-dispensary,0,0,0,0,1570000,"0, 0, 8, 25, 0, 31, 46, 0, 0, 84, 0, 100",2026-03-28 07:05:32,"Knowledge panel, Sitelinks, Image, People also ask, Related searches",navigational,Organic
weed clinic near me,47,0,90,26,46.37,https://herbly.com.au/pages/newtown-dispensary,0,0,0,0.08,6940000,"63, 63, 63, 81, 63, 63, 100, 81, 81, 100, 81, 81",2026-04-19 19:01:37,"Video, Ads bottom, AI overview","informational, transactional",Organic
weed place near me,33,18,90,30,0,https://herbly.com.au/pages/penrith-dispensary,0,0,0,0,113000000,"33, 33, 19, 42, 42, 33, 33, 42, 52, 66, 42, 42",2026-04-20 13:50:32,"Image, AI overview",transactional,Organic
green life clinics and dispensaries coolangatta,22,22,210,21,0,https://herbly.com.au/pages/coolangatta-dispensary,0,0,0,0.04,0,"53, 35, 35, 43, 66, 53, 43, 53, 53, 100, 82, 53",2026-03-06 06:03:11,"Knowledge panel, Video, Image, Related searches","informational, transactional",Organic
dispensed melbourne,59,59,50,22,6.6,https://herbly.com.au/pages/melbourne-dispensary,0,0,0,0.76,0,"41, 29, 17, 11, 29, 29, 52, 52, 41, 29, 29, 41",2026-03-15 09:03:54,"Knowledge panel, Video, Related searches","navigational, transactional",Organic
weed shop,67,67,260,30,0,https://herbly.com.au/pages/bunbury-dispensary,0,0,0,0,0,"13, 13, 10, 100, 10, 10, 10, 10, 8, 10, 10, 10",2026-03-12 21:02:56,"Video, Image, Video Carousel, Related searches",commercial,Organic
weed shop,90,90,260,30,0,https://herbly.com.au/pages/parramatta-dispensary,0,0,0,0,0,"13, 13, 10, 100, 10, 10, 10, 10, 8, 10, 10, 10",2026-03-12 21:02:56,"Video, Image, Video Carousel, Related searches",commercial,Organic
batemans bay chemist,81,81,170,22,0.09,https://herbly.com.au/pages/batemans-bay-dispensary,0,0,0,0.23,0,"8, 15, 11, 11, 28, 28, 28, 28, 35, 44, 35, 66",2026-03-07 00:30:59,"Local pack, Sitelinks, Related searches",commercial,Organic
cannabis clinics australia,85,0,90,50,0,https://herbly.com.au/pages/newtown-dispensary,0,0,0,0,135,"7, 7, 10, 7, 7, 10, 12, 12, 12, 12, 12, 10",2026-04-18 21:35:24,"Local pack, Video, Related searches",commercial,Organic
cannabis clinics australia,97,0,90,50,0,https://herbly.com.au/pages/parramatta-dispensary,0,0,0,0,135,"7, 7, 10, 7, 7, 10, 12, 12, 12, 12, 12, 10",2026-04-18 21:35:24,"Local pack, Video, Related searches",commercial,Organic
pharmacy bracken ridge,24,24,50,16,0.28,https://herbly.com.au/pages/bracken-ridge-dispensary,0,0,0,0.21,94,"100, 0, 14, 50, 50, 50, 14, 50, 0, 35, 35, 35",2026-03-05 17:45:52,"Local pack, Video, People also ask, Related searches",commercial,Organic
medical weed perth,91,0,90,16,67.46,https://herbly.com.au/pages/rockingham-dispensary,0,0,0,0.9,915000,"64, 29, 29, 29, 41, 52, 100, 100, 82, 64, 82, 41",2026-04-23 10:14:37,"Sitelinks, Video, Ads bottom, People also ask, Related searches, Discussions and forums, AI overview",informational,Organic
depression illness,76,76,1900,96,0,https://herbly.com.au/blogs/news/understanding-depression-and-mental-health,0,0,0,0.06,0,"13, 54, 100, 100, 100, 81, 5, 0, 0, 0, 0, 0",2026-03-10 15:58:30,"See results about, AI overview",informational,Organic
medical cannabis referral,65,0,70,34,0,https://herbly.com.au/pages/victoria-point-dispensary,0,0,0,0,135,"7, 0, 0, 0, 0, 0, 64, 78, 100, 100, 100, 100",2026-04-14 21:35:04,"Video, Related searches, Discussions and forums, AI overview",informational,Organic
best natural anxiety,86,86,70,59,0.42,https://herbly.com.au/blogs/news/holistic-treatment-for-anxiety-exploring-alternative-medicine-and-natural-therapies-in-australia,0,0,0,1,0,"63, 63, 63, 81, 81, 63, 36, 81, 63, 63, 63, 63",2026-03-15 08:15:38,"Sitelinks, Related searches, Discussions and forums, AI overview","commercial, informational",Organic
free consult medical weed,25,19,70,48,116.36,https://herbly.com.au/pages/sunshine-coast-dispensary,0,0,0,0.94,11300000,"41, 41, 23, 11, 11, 11, 64, 64, 23, 100, 64, 29",2026-04-23 05:41:48,"Video, Ads bottom, Related searches, AI overview",informational,Organic
free consult medical weed,32,0,70,48,116.36,https://herbly.com.au/pages/newtown-dispensary,0,0,0,0.94,11300000,"41, 41, 23, 11, 11, 11, 64, 64, 23, 100, 64, 29",2026-04-23 05:41:48,"Video, Ads bottom, Related searches, AI overview",informational,Organic
free consult medical weed,50,0,70,48,116.36,https://herbly.com.au/pages/townsville-dispensary,0,0,0,0.94,11300000,"41, 41, 23, 11, 11, 11, 64, 64, 23, 100, 64, 29",2026-04-23 05:41:48,"Video, Ads bottom, Related searches, AI overview",informational,Organic
who prescribes medical marijuanas near me,44,0,40,51,88.87,https://herbly.com.au/pages/campbelltown-dispensary,0,0,0,0.82,1130000,"28, 28, 28, 28, 28, 28, 42, 71, 71, 100, 100, 100",2026-04-15 16:57:07,"Local pack, Video, Related searches",transactional,Organic
who prescribes medical marijuanas near me,76,0,40,51,88.87,https://herbly.com.au/pages/caboolture-dispensary,0,0,0,0.82,1130000,"28, 28, 28, 28, 28, 28, 42, 71, 71, 100, 100, 100",2026-04-15 16:57:07,"Local pack, Video, Related searches",transactional,Organic
ulcerative colitis alternative treatment,27,27,70,28,0.83,https://herbly.com.au/blogs/news/natural-treatments-for-ulcerative-colitis,0,0,0,0.96,144,"63, 63, 81, 81, 63, 63, 36, 81, 63, 63, 81, 63",2026-03-26 14:44:30,"Image, Related searches, Discussions and forums, AI overview",informational,Organic
medical marijuanas qld online,40,40,210,41,0,https://herbly.com.au/pages/ipswich-dispensary,0,0,0,0,187000,"67, 16, 13, 8, 3, 6, 13, 16, 13, 13, 16, 6",2026-03-29 10:18:49,"Video, Related searches, AI overview",informational,Organic
medical marijuanas qld online,50,40,210,41,0,https://herbly.com.au/pages/ipswich-dispensary,0,0,0,0,187000,"67, 16, 13, 8, 3, 6, 13, 16, 13, 13, 16, 6",2026-03-29 10:18:49,"Video, Related searches, AI overview",informational,Organic
causes of ptsd,57,57,170,73,0,https://herbly.com.au/blogs/news/understanding-ptsd-who-it-affects-causes-and-treatments,0,0,0,0,0,"35, 43, 53, 35, 53, 35, 35, 53, 53, 35, 35, 43",2026-03-08 06:59:28,"Video, Image, Related searches, AI overview",informational,Organic
dispensary melbourne,47,47,320,45,45.71,https://herbly.com.au/pages/melbourne-dispensary,0,0,0,0.46,774000,"43, 43, 66, 66, 66, 54, 81, 100, 81, 66, 66, 81",2026-03-25 13:08:45,"Local pack, Video, Image, Related searches",commercial,Organic
natural solutions for ulcerative colitis,17,17,70,40,0.83,https://herbly.com.au/blogs/news/natural-treatments-for-ulcerative-colitis,0,0,0,0.96,21500000,"63, 63, 81, 81, 63, 63, 36, 81, 63, 63, 81, 63",2026-03-26 02:40:40,"Sitelinks, Image, People also ask, Related searches, AI overview",informational,Organic
natural mood stabilisers,82,0,70,51,1.38,https://herbly.com.au/blogs/news/natural-treatments-for-depression,0,0,0,1,130000,"63, 63, 63, 63, 63, 63, 63, 81, 81, 63, 81, 63",2026-04-28 14:07:14,"Sitelinks, Image, People also ask, Related searches, Discussions and forums, AI overview",informational,Organic
dispensary,36,75,2900,58,0,https://herbly.com.au/pages/ipswich-dispensary,0,0,0,0,30500000,"44, 53, 44, 66, 66, 53, 100, 44, 53, 53, 44, 53",2026-04-25 07:03:07,"Local pack, Video, Image, People also ask, Related searches, AI overview",informational,Organic
dispensary,52,75,2900,58,0,https://herbly.com.au/pages/ipswich-dispensary,0,0,0,0,30500000,"44, 53, 44, 66, 66, 53, 100, 44, 53, 53, 44, 53",2026-04-25 07:03:07,"Local pack, Video, Image, People also ask, Related searches, AI overview",informational,Organic
purple dispensary adelaide,10,12,50,13,0,https://herbly.com.au/pages/adelaide-dispensary,0,0,0,0.06,23200,"5, 3, 8, 8, 1, 3, 5, 1, 1, 1, 1, 1",2026-04-21 23:48:04,"Knowledge panel, Sitelinks, Image, Related searches",informational,Organic
patient health summary,23,62,70,12,1.09,https://herbly.com.au/blogs/latest-medical-articles/what-is-a-health-summary-and-why-herbly-asks-for-it,0,0,0,0.1,131,"14, 14, 78, 78, 14, 14, 78, 100, 64, 64, 78, 35",2026-04-09 17:41:42,"Image pack, Video, Video Carousel, People also ask, Related searches, AI overview",informational,Organic
patient health summary,32,62,70,12,1.09,https://herbly.com.au/blogs/latest-medical-articles/what-is-a-health-summary-and-why-herbly-asks-for-it,0,0,0,0.1,131,"14, 14, 78, 78, 14, 14, 78, 100, 64, 64, 78, 35",2026-04-09 17:41:42,"Image pack, Video, Video Carousel, People also ask, Related searches, AI overview",informational,Organic
remedies for ms,67,47,140,55,4.02,https://herbly.com.au/blogs/news/understanding-multiple-sclerosis,0,0,0,0.05,259000000,"0, 0, 0, 0, 81, 81, 65, 81, 81, 81, 65, 3",2026-04-17 19:56:48,"Sitelinks, Image, People also ask, Discussions and forums, AI overview",informational,Organic
happy herb newtown,36,0,40,17,0.88,https://herbly.com.au/pages/newtown-dispensary,0,0,0,0.07,318000,"100, 50, 50, 50, 28, 14, 50, 0, 0, 0, 50, 0",2026-04-25 01:02:19,"Knowledge panel, Image pack, Sitelinks, Video, Image, People also ask, Related searches",informational,Organic
alternative healthcare,22,0,50,81,67.51,https://herbly.com.au/pages/about-us,0,0,0,0.66,1080000000,"0, 22, 55, 33, 33, 77, 55, 33, 77, 77, 77, 100",2026-04-15 23:05:43,"Knowledge panel, Sitelinks, Video, Video Carousel, People also ask, Related searches, AI overview",informational,Organic
alternative healthcare,77,0,50,81,67.51,https://herbly.com.au/blogs/news/exploring-alternative-medicine-a-path-to-holistic-wellness,0,0,0,0.66,1080000000,"0, 22, 55, 33, 33, 77, 55, 33, 77, 77, 77, 100",2026-04-15 23:05:43,"Knowledge panel, Sitelinks, Video, Video Carousel, People also ask, Related searches, AI overview",informational,Organic
pharmacy morwell,48,0,50,20,0,https://herbly.com.au/pages/morwell-dispensary,0,0,0,0.29,26600,"45, 45, 100, 100, 18, 100, 45, 18, 18, 18, 18, 45",2026-04-04 21:06:18,"Local pack, Image, Related searches",commercial,Organic
pharmacy morwell,72,0,50,20,0,https://herbly.com.au/pages/morwell-dispensary,0,0,0,0.29,26600,"45, 45, 100, 100, 18, 100, 45, 18, 18, 18, 18, 45",2026-04-04 21:06:18,"Local pack, Image, Related searches",commercial,Organic
ulcerative colitis herbal treatment,1,1,50,41,0,https://herbly.com.au/blogs/news/natural-treatments-for-ulcerative-colitis,0,0,0,0.83,22200000,"63, 63, 81, 81, 63, 63, 36, 36, 36, 27, 0, 0",2026-03-30 21:12:08,"Sitelinks, Image, Related searches, AI overview",informational,AI overview
ulcerative colitis herbal treatment,18,18,50,41,0,https://herbly.com.au/blogs/news/natural-treatments-for-ulcerative-colitis,0,0,0,0.83,22200000,"63, 63, 81, 81, 63, 63, 36, 36, 36, 27, 0, 0",2026-03-30 21:12:08,"Sitelinks, Image, Related searches, AI overview",informational,Organic
high st newtown,8,8,170,35,0,https://herbly.com.au/pages/newtown-dispensary,0,0,0,0.01,76,"33, 80, 52, 52, 100, 100, 100, 80, 66, 66, 100, 100",2026-03-29 12:44:27,"Knowledge panel, Sitelinks, Image, People also ask, Related searches",navigational,Organic
high st newtown,43,43,170,35,0,https://herbly.com.au/pages/blacktown-dispensary,0,0,0,0.01,76,"33, 80, 52, 52, 100, 100, 100, 80, 66, 66, 100, 100",2026-03-29 12:44:27,"Knowledge panel, Sitelinks, Image, People also ask, Related searches",navigational,Organic
dispemsed,39,0,50,49,0,https://herbly.com.au/pages/bankstown-dispensary,0,0,0,0,132,"71, 42, 42, 57, 57, 57, 100, 57, 100, 71, 71, 71",2026-04-13 15:45:57,"Sitelinks, Video, Related searches",navigational,Organic
insomnia difficulty sleeping,90,0,8100,77,0.44,https://herbly.com.au/blogs/news/understanding-insomnia-the-hidden-struggles-of-sleep,0,0,0,0.08,200000000,"44, 36, 36, 36, 36, 19, 0, 4, 100, 66, 44, 66",2026-04-29 18:27:45,"Sitelinks, Video, Image, Video Carousel, People also ask, Related searches, Discussions and forums, AI overview",informational,Organic
natural cures for ms disease,17,17,70,37,0.3,https://herbly.com.au/blogs/news/understanding-multiple-sclerosis,0,0,0,0.37,0,"63, 63, 63, 63, 63, 63, 100, 63, 81, 36, 63, 81",2026-03-14 07:49:12,"Sitelinks, Image, Related searches, Discussions and forums",informational,Organic
despensory,13,0,70,53,0,https://herbly.com.au/pages/bunbury-dispensary,0,0,0,0,31100000,"0, 0, 0, 0, 0, 0, 0, 0, 100, 0, 0, 0",2026-04-11 17:01:46,"Local pack, Video, Image, Related searches",commercial,Organic
despensory,56,0,70,53,0,https://herbly.com.au/pages/penrith-dispensary,0,0,0,0,31100000,"0, 0, 0, 0, 0, 0, 0, 0, 100, 0, 0, 0",2026-04-11 17:01:46,"Local pack, Video, Image, Related searches",commercial,Organic
despensory,93,0,70,53,0,https://herbly.com.au/pages/ipswich-dispensary,0,0,0,0,31100000,"0, 0, 0, 0, 0, 0, 0, 0, 100, 0, 0, 0",2026-04-11 17:01:46,"Local pack, Video, Image, Related searches",commercial,Organic
natural therapy for ulcerative colitis,16,16,70,35,0.83,https://herbly.com.au/blogs/news/natural-treatments-for-ulcerative-colitis,0,0,0,0.96,148,"63, 63, 81, 81, 63, 63, 36, 81, 63, 63, 81, 63",2026-03-21 15:05:59,"Sitelinks, People also ask, Discussions and forums, AI overview",informational,Organic
natural help for ulcerative colitis,33,62,70,40,0.83,https://herbly.com.au/blogs/news/natural-treatments-for-ulcerative-colitis,0,0,0,0.96,131,"63, 63, 81, 81, 63, 63, 36, 81, 63, 63, 81, 63",2026-04-20 19:57:37,"Image, People also ask, Related searches, Discussions and forums, AI overview",informational,Organic
dispensaries near me medical,31,6,170,38,0,https://herbly.com.au/pages/penrith-dispensary,0,0,0,0,0,"100, 80, 100, 100, 80, 53, 42, 0, 80, 65, 65, 65",2026-03-09 19:08:17,"Local pack, Video, Image, Related searches",transactional,Organic
dispensaries near me medical,45,45,170,38,0,https://herbly.com.au/pages/sunshine-coast-dispensary,0,0,0,0,0,"100, 80, 100, 100, 80, 53, 42, 0, 80, 65, 65, 65",2026-03-09 19:08:17,"Local pack, Video, Image, Related searches",transactional,Organic
dispensaries near me medical,64,64,170,38,0,https://herbly.com.au/pages/caloundra-dispensary,0,0,0,0,0,"100, 80, 100, 100, 80, 53, 42, 0, 80, 65, 65, 65",2026-03-09 19:08:17,"Local pack, Video, Image, Related searches",transactional,Organic
dispensaries near me medical,91,91,170,38,0,https://herbly.com.au/pages/ipswich-dispensary,0,0,0,0,0,"100, 80, 100, 100, 80, 53, 42, 0, 80, 65, 65, 65",2026-03-09 19:08:17,"Local pack, Video, Image, Related searches",transactional,Organic
dispensaries near me medical,92,92,170,38,0,https://herbly.com.au/pages/busselton-dispensary,0,0,0,0,0,"100, 80, 100, 100, 80, 53, 42, 0, 80, 65, 65, 65",2026-03-09 19:08:17,"Local pack, Video, Image, Related searches",transactional,Organic
dispensaries near me medical,93,93,170,38,0,https://herbly.com.au/pages/bondi-dispensary,0,0,0,0,0,"100, 80, 100, 100, 80, 53, 42, 0, 80, 65, 65, 65",2026-03-09 19:08:17,"Local pack, Video, Image, Related searches",transactional,Organic
dispensaries near me medical,94,94,170,38,0,https://herbly.com.au/pages/torquay-dispensary,0,0,0,0,0,"100, 80, 100, 100, 80, 53, 42, 0, 80, 65, 65, 65",2026-03-09 19:08:17,"Local pack, Video, Image, Related searches",transactional,Organic
dispensaries near me medical,95,95,170,38,0,https://herbly.com.au/pages/kingaroy-dispensary,0,0,0,0,0,"100, 80, 100, 100, 80, 53, 42, 0, 80, 65, 65, 65",2026-03-09 19:08:17,"Local pack, Video, Image, Related searches",transactional,Organic
dispensaries near me medical,96,96,170,38,0,https://herbly.com.au/pages/bundaberg-dispensary,0,0,0,0,0,"100, 80, 100, 100, 80, 53, 42, 0, 80, 65, 65, 65",2026-03-09 19:08:17,"Local pack, Video, Image, Related searches",transactional,Organic
dispensaries near me medical,97,97,170,38,0,https://herbly.com.au/pages/townsville-dispensary,0,0,0,0,0,"100, 80, 100, 100, 80, 53, 42, 0, 80, 65, 65, 65",2026-03-09 19:08:17,"Local pack, Video, Image, Related searches",transactional,Organic
alternative doctors,1,1,40,50,105.59,https://herbly.com.au/pages/plant-medicine-doctors,0,0,0,0.5,518000000,"55, 22, 22, 22, 22, 22, 55, 44, 44, 77, 77, 55",2026-03-09 06:05:25,"Local pack, Video, Related searches, Discussions and forums, AI overview",informational,AI overview
deer park dispensary,21,21,480,30,55.79,https://herbly.com.au/pages/wetherill-park-dispensary,0,0,0,0.14,501000,"1, 1, 1, 1, 1, 76, 100, 67, 55, 45, 55, 55",2026-03-23 22:36:03,"Knowledge panel, Sitelinks, Video, Image, Related searches",navigational,Organic
herbs for add,64,0,50,24,1.16,https://herbly.com.au/blogs/news/holistic-treatments-for-adhd-a-comprehensive-approach,0,0,0,0.86,410000000,"63, 63, 63, 63, 63, 45, 18, 100, 18, 18, 18, 18",2026-04-09 16:58:59,"Sitelinks, Image, People also ask, Related searches, Discussions and forums, AI overview",informational,Organic
newtown dispensary,89,44,110,13,3.48,https://herbly.com.au/pages/blacktown-dispensary,0,0,0,0.57,412000,"11, 11, 17, 11, 100, 82, 64, 64, 100, 64, 82, 82",2026-04-28 05:24:24,"Local pack, Image, Related searches",commercial,Organic
bracken ridge pharmacy,40,0,390,20,0,https://herbly.com.au/pages/bracken-ridge-dispensary,0,0,0,0.21,159000,"66, 66, 81, 81, 66, 66, 44, 44, 66, 54, 81, 54",2026-04-09 22:08:25,"Local pack, Image, Related searches",commercial,Organic
bracken ridge pharmacy,57,0,390,20,0,https://herbly.com.au/pages/bracken-ridge-dispensary,0,0,0,0.21,159000,"66, 66, 81, 81, 66, 66, 44, 44, 66, 54, 81, 54",2026-04-09 22:08:25,"Local pack, Image, Related searches",commercial,Organic
bracken ridge pharmacy,71,0,390,20,0,https://herbly.com.au/pages/bracken-ridge-dispensary,0,0,0,0.21,159000,"66, 66, 81, 81, 66, 66, 44, 44, 66, 54, 81, 54",2026-04-09 22:08:25,"Local pack, Image, Related searches",commercial,Organic
how many days between prescription refills in australia,25,54,210,21,0,https://herbly.com.au/pages/interval-period,0,0,0,0,634000,"35, 35, 44, 35, 28, 35, 35, 35, 35, 44, 44, 44",2026-04-06 12:53:45,"Related searches, AI overview",informational,Organic
how many days between prescription refills in australia,47,54,210,21,0,https://herbly.com.au/pages/interval-period,0,0,0,0,634000,"35, 35, 44, 35, 28, 35, 35, 35, 35, 44, 44, 44",2026-04-06 12:53:45,"Related searches, AI overview",informational,Organic
how many days between prescription refills in australia,53,54,210,21,0,https://herbly.com.au/pages/interval-period,0,0,0,0,634000,"35, 35, 44, 35, 28, 35, 35, 35, 35, 44, 44, 44",2026-04-06 12:53:45,"Related searches, AI overview",informational,Organic
can you drive with cbd oil in australia,11,8,50,18,0,https://herbly.com.au/blogs/latest-medical-articles/can-you-drive-with-thc-or-cbd-in-your-system,0,0,0,0,119,"41, 52, 29, 41, 52, 41, 29, 23, 17, 23, 23, 29",2026-03-13 15:55:35,"Sitelinks, Related searches, AI overview",informational,Organic
pharmacy dubbo,70,0,170,19,0.19,https://herbly.com.au/pages/dubbo-dispensary,0,0,0,0.28,279000,"43, 43, 35, 66, 53, 53, 43, 53, 43, 43, 43, 43",2026-04-22 14:53:36,"Local pack, Image, Related searches",commercial,Organic
cannabis online,14,14,140,43,0,https://herbly.com.au/pages/wollongong-dispensary,0,0,0,0,580000000,"35, 35, 35, 35, 35, 35, 35, 35, 35, 35, 35, 35",2026-03-22 12:05:45,"Video, Discussions and forums",informational,Organic
cannabis online,22,22,140,43,0,https://herbly.com.au/pages/ipswich-dispensary,0,0,0,0,580000000,"35, 35, 35, 35, 35, 35, 35, 35, 35, 35, 35, 35",2026-03-22 12:05:45,"Video, Discussions and forums",informational,Organic
medicinal cannabis port macquarie,2,0,90,1,0,https://herbly.com.au/pages/port-macquarie-dispensary,0,0,0,0,73,"0, 0, 0, 0, 0, 0, 28, 28, 17, 100, 53, 28",2026-04-12 05:34:06,"Video, Related searches, AI overview",informational,AI overview
ulcerative colitis remedies,33,33,90,61,1.03,https://herbly.com.au/blogs/news/natural-treatments-for-ulcerative-colitis,0,0,0,0.34,143,"81, 63, 63, 81, 63, 63, 63, 81, 63, 63, 81, 81",2026-03-20 13:08:14,"Image pack, People also ask, Discussions and forums, AI overview",informational,Organic
ways to ease anxiety naturally,71,71,40,71,1.09,https://herbly.com.au/blogs/news/holistic-treatment-for-anxiety-exploring-alternative-medicine-and-natural-therapies-in-australia,0,0,0,0.94,77200000,"63, 63, 63, 18, 100, 18, 18, 18, 18, 18, 18, 18",2026-03-09 06:00:03,"Ads bottom, Related searches, Discussions and forums, AI overview",informational,Organic
medicinal cannabis clinic near me,45,0,90,43,88.29,https://herbly.com.au/pages/campbelltown-dispensary,0,0,0,0.05,133,"34, 42, 53, 53, 42, 100, 26, 3, 11, 11, 3, 7",2026-04-07 20:33:24,"Local pack, Video, Related searches, AI overview","informational, transactional",Organic
online medical marijuana,60,0,50,47,0,https://herbly.com.au/pages/albury-dispensary,0,0,0,0,66800000,"33, 33, 33, 33, 33, 22, 55, 55, 100, 100, 100, 100",2026-04-14 12:41:11,"Video, Related searches, AI overview",commercial,Organic
online medical marijuana,80,0,50,47,0,https://herbly.com.au/pages/bunbury-dispensary,0,0,0,0,66800000,"33, 33, 33, 33, 33, 22, 55, 55, 100, 100, 100, 100",2026-04-14 12:41:11,"Video, Related searches, AI overview",commercial,Organic
online medical marijuana,82,0,50,47,0,https://herbly.com.au/pages/bunbury-dispensary,0,0,0,0,66800000,"33, 33, 33, 33, 33, 22, 55, 55, 100, 100, 100, 100",2026-04-14 12:41:11,"Video, Related searches, AI overview",commercial,Organic
brisbane dispensary,16,16,90,48,5.49,https://herbly.com.au/pages/redbank-plains-dispensary,0,0,0,0.64,0,"34, 26, 26, 26, 26, 42, 42, 34, 19, 26, 34, 26",2026-03-15 19:41:53,"Local pack, Video, Image, Related searches",commercial,Organic
brisbane dispensary,85,85,90,48,5.49,https://herbly.com.au/pages/capalaba-dispensary,0,0,0,0.64,0,"34, 26, 26, 26, 26, 42, 42, 34, 19, 26, 34, 26",2026-03-15 19:41:53,"Local pack, Video, Image, Related searches",commercial,Organic
how to cure period pains naturally,48,48,140,52,0,https://herbly.com.au/blogs/women-s-health/cbd-and-thc-for-period-pain-natural-ways-to-relieve-menstrual-cramps,0,0,0,0.09,0,"0, 0, 0, 0, 0, 6, 81, 81, 100, 100, 100, 21",2026-03-16 14:06:23,"Image, Related searches, AI overview",informational,Organic
medical weed clinic,91,0,110,46,90.22,https://herbly.com.au/pages/mandurah-dispensary,0,0,0,0.17,132,"66, 66, 80, 66, 100, 66, 42, 42, 42, 33, 33, 33",2026-04-24 12:44:54,"Video, Image, Related searches, AI overview",informational,Organic
cannabis brisbane,85,0,90,48,0,https://herbly.com.au/pages/narangba-dispensary,0,0,0,0,138,"64, 64, 50, 50, 50, 50, 64, 64, 78, 78, 50, 64",2026-03-31 22:36:34,"Local pack, Video, Related searches",informational,Organic
dispensery,43,0,260,49,0,https://herbly.com.au/pages/ipswich-dispensary,0,0,0,0,23700000,"13, 4, 62, 5, 13, 13, 20, 20, 8, 10, 30, 10",2026-04-04 07:55:46,"Local pack, Video, Image, People also ask, Related searches",commercial,Organic
buy medical weed,47,0,70,59,43.36,https://herbly.com.au/pages/newtown-dispensary,0,0,0,0.06,110000000,"18, 100, 63, 100, 81, 63, 27, 36, 100, 63, 45, 45",2026-04-29 10:47:35,"Knowledge panel, Video, People also ask, Related searches, Discussions and forums",transactional,Organic
medical pot dispensaries,14,14,260,50,49.72,https://herbly.com.au/,0,0,0,0.03,0,"66, 100, 53, 66, 100, 66, 53, 66, 53, 66, 53, 43",2026-03-18 01:49:52,"Video, Image, Related searches, Discussions and forums, AI overview",informational,Organic
medical pot dispensaries,55,55,260,50,49.72,https://herbly.com.au/pages/parramatta-dispensary,0,0,0,0.03,0,"66, 100, 53, 66, 100, 66, 53, 66, 53, 66, 53, 43",2026-03-18 01:49:52,"Video, Image, Related searches, Discussions and forums, AI overview",informational,Organic
where can you get medical weed,82,82,90,49,27.41,https://herbly.com.au/pages/mandurah-dispensary,0,0,0,0.28,0,"81, 63, 100, 63, 100, 81, 100, 81, 63, 81, 63, 45",2026-03-11 21:39:05,"Video, Related searches, Discussions and forums, AI overview",informational,Organic
byron medical,36,0,320,31,1.37,https://herbly.com.au/pages/byron-bay-dispensary,0,0,0,0.03,38700000,"66, 54, 81, 66, 66, 81, 100, 54, 54, 54, 43, 43",2026-04-02 08:09:47,"Knowledge panel, Sitelinks, Video, People also ask, Related searches",navigational,Organic
medicinal cannabis prescription online,95,0,50,37,0,https://herbly.com.au/pages/bunbury-dispensary,0,0,0,0,42700000,"18, 27, 18, 18, 27, 18, 27, 63, 100, 63, 63, 63",2026-04-29 15:27:44,"Video, People also ask, Related searches, Discussions and forums",commercial,Organic
medicinal marijuanas adelaide,89,0,50,,0,https://herbly.com.au/pages/adelaide-dispensary,0,0,0,0,241000,"5, 29, 29, 0, 11, 11, 29, 41, 17, 41, 82, 100",2026-04-29 15:36:34,"Knowledge panel, Video, People also ask, Related searches, Discussions and forums, AI overview",informational,Organic
holistic healing multiple sclerosis,35,28,70,31,0.3,https://herbly.com.au/blogs/news/understanding-multiple-sclerosis,0,0,0,0.37,126,"63, 63, 63, 63, 63, 63, 100, 63, 63, 27, 18, 18",2026-04-29 18:49:25,"Image, People also ask, Related searches, Discussions and forums, AI overview",informational,Organic
the little dispensary,91,0,260,16,4.67,https://herbly.com.au/pages/tamworth-dispensary,0,0,0,0.02,16500000,"81, 65, 100, 81, 81, 100, 100, 65, 65, 81, 65, 100",2026-04-06 13:11:37,"Knowledge panel, Sitelinks, Video, Image, Related searches",navigational,Organic
symptoms of posttraumatic stress,84,0,1000,78,0.19,https://herbly.com.au/blogs/news/the-most-common-symptoms-of-ptsd-and-who-it-affects,0,0,0,0.23,6260000,"67, 76, 100, 76, 100, 100, 24, 67, 76, 76, 55, 45",2026-04-17 20:22:56,"Video, People also ask, Related searches, AI overview",informational,Organic
cart drug,84,84,140,42,0,https://herbly.com.au/pages/patient-information-for-medicinal-cannabis-treatment,0,0,0,0,165000000,"23, 23, 1, 100, 23, 23, 23, 1, 23, 23, 23, 1",2026-03-13 00:15:19,"Image pack, Video, Image, Related searches, AI overview",informational,Organic
