Postcode,Total,Not Approved,Booked,Approved,Active,Discharged,Discharged Patient,HOLD,Inactive - Active,Inactive - Approved,Inactive - Booked,Inactive - NA
Caboolture,123,4,1,0,12,20,3,0,13,3,27,40
Deception Bay,107,1,4,1,5,16,1,0,23,5,25,26
Morayfield,105,1,2,1,16,9,0,1,16,3,21,35
Port Macquarie,96,3,2,0,10,22,0,0,19,4,19,17
Melbourne,94,7,5,0,6,9,3,0,19,1,15,29
Kallangur,86,2,2,0,6,11,2,0,12,4,17,30
Redbank Plains,85,1,0,0,2,6,4,0,16,6,19,31
Coffs Harbour,72,1,0,1,13,14,1,0,8,3,12,19
Kelso,70,1,1,1,8,10,0,0,17,2,14,16
Emerald,69,0,2,0,4,7,1,0,19,2,13,21
Newtown,69,2,2,1,8,7,1,0,11,2,19,16
Kingston,65,1,1,0,4,10,2,0,11,0,19,17
Southport,64,1,0,0,6,6,1,0,10,1,17,22
Preston,63,5,2,0,8,9,1,0,10,0,12,16
Dubbo,62,1,0,0,3,15,4,0,11,1,11,16
Orange,62,0,0,0,4,11,2,0,15,0,9,21
Pakenham,62,2,2,0,7,11,2,0,10,0,14,14
Kirwan,61,0,1,0,4,9,3,0,13,1,9,21
Pimpama,61,1,2,0,15,3,1,0,7,1,9,22
Frankston,60,0,0,1,3,18,0,0,7,1,14,16
Sydney,60,3,1,0,9,2,0,0,14,2,9,20
Burpengary,59,1,2,0,7,9,2,0,9,3,11,15
Labrador,59,2,1,0,2,6,2,0,4,3,15,24
Richmond,59,1,1,0,3,4,1,0,10,2,17,20
Woodridge,58,1,0,0,3,7,2,0,9,3,15,18
Sunbury,56,5,2,0,9,2,1,0,12,0,10,15
Werribee,55,4,2,0,6,9,1,0,8,2,11,12
Nerang,53,0,2,0,3,6,1,0,7,2,7,25
Brisbane,52,0,0,0,5,10,0,0,12,0,8,17
Nambour,52,2,1,1,7,9,1,0,8,4,6,13
Reservoir,52,1,2,0,7,6,3,0,8,1,15,9
Blacktown,51,2,1,0,6,7,0,0,4,1,15,15
Armidale,50,4,1,1,1,16,0,0,10,2,7,8
Coomera,50,0,2,0,2,4,0,0,7,0,19,16
St Kilda,50,2,3,0,6,5,1,0,6,2,14,11
Upper Coomera,50,1,0,0,10,6,0,0,8,2,6,17
Hamilton,49,2,0,0,5,9,1,0,6,1,13,12
Maryborough,49,1,0,0,5,8,1,0,6,1,11,16
Gympie,48,1,0,0,4,3,2,0,14,0,8,16
Maroochydore,47,0,0,0,7,4,0,0,9,3,6,18
Marrickville,47,3,2,0,5,5,1,0,12,2,8,9
Nowra,47,0,1,0,0,13,1,0,6,2,5,19
Shepparton,46,2,2,0,1,6,1,0,5,3,10,16
Wodonga,46,1,0,1,5,5,2,0,10,3,7,12
Parkes,45,0,0,1,2,8,0,0,9,0,8,17
Chermside,44,0,0,0,2,6,0,1,11,0,7,17
Inala,44,1,0,0,3,9,0,0,6,1,9,15
Leichhardt,44,1,1,0,4,7,0,0,6,0,11,14
Scarborough,44,3,2,0,4,4,1,0,10,2,4,14
Eagleby,43,1,0,1,5,3,1,0,9,0,9,14
Goulburn,43,1,0,0,3,8,0,0,8,0,12,11
Mildura,43,1,4,0,2,8,0,0,6,0,13,9
Warwick,43,0,0,0,2,12,2,0,5,3,8,11
Buderim,42,1,0,0,6,4,1,0,9,1,7,13
Redcliffe,42,0,0,1,3,5,0,0,10,1,11,11
Surfers Paradise,42,0,5,0,4,4,1,0,8,0,7,13
Tamworth,42,0,0,0,5,12,0,0,12,3,0,10
Torquay,42,1,0,0,6,4,0,0,15,1,5,10
Warrnambool,42,0,1,0,3,6,2,0,14,1,6,9
Wollongong,42,0,1,1,4,6,0,0,3,0,7,20
Alexandra Hills,41,0,0,1,4,6,1,0,7,0,10,12
Capalaba,41,1,0,0,6,4,0,0,5,1,7,17
Narangba,41,2,1,0,2,5,1,0,5,0,12,13
Yarrabilba,41,0,1,0,0,6,2,0,8,2,8,14
Gosnells,40,1,0,0,1,7,1,0,11,2,8,9
Gracemere,40,1,0,1,8,3,1,0,8,1,8,9
Logan Central,39,0,1,0,0,3,0,0,12,0,6,17
Mackay,39,0,0,0,2,10,0,0,11,0,4,12
Mandurah,39,0,0,0,2,9,2,0,8,1,3,14
Redland Bay,39,1,0,0,5,3,1,0,11,0,7,11
South Yarra,39,1,1,0,7,1,0,0,11,1,4,13
West End,39,1,0,1,6,5,0,0,6,3,8,9
Campbelltown,38,0,2,0,5,8,1,0,6,1,8,7
Cannonvale,38,0,1,0,9,2,3,0,9,0,4,10
Goodna,38,0,1,0,4,2,0,0,6,3,10,12
Raymond Terrace,38,1,0,0,2,14,0,0,4,1,6,10
Belmont,37,0,2,0,2,5,0,0,5,1,6,16
Berserker,37,1,1,1,5,0,2,0,8,1,5,13
Brunswick,37,1,3,1,7,1,0,0,4,2,8,10
Clermont,37,0,1,0,5,1,0,0,13,3,8,6
Loganlea,37,1,1,0,3,2,0,0,6,2,4,18
Marsden,37,0,0,0,1,7,4,0,9,0,7,9
Morwell,37,0,0,2,3,7,0,0,6,3,7,9
Perth,37,1,1,0,5,4,0,0,6,1,6,13
Baldivis,36,0,0,1,0,5,1,0,9,4,4,12
Beenleigh,36,0,0,0,3,4,0,0,7,1,7,14
Epping,36,1,0,0,4,8,3,0,3,0,11,6
Maroubra,36,0,1,0,1,8,1,0,8,2,4,11
Point Cook,36,3,0,0,2,2,0,0,5,0,6,18
Crestmead,35,1,1,0,2,5,0,0,6,2,7,11
Dalby,35,0,0,0,7,3,1,0,9,1,5,9
Forster,35,3,1,0,6,4,1,0,10,1,0,9
Helensvale,35,0,0,0,3,4,0,0,11,2,5,10
Kingaroy,35,0,0,0,1,9,0,0,11,0,8,6
Traralgon,35,0,0,1,2,7,1,0,7,2,4,11
Casino,34,2,0,0,4,10,2,0,5,0,2,9
Springwood,34,1,2,0,3,1,1,0,9,1,6,10
Bracken Ridge,33,0,0,1,8,3,0,0,4,1,8,8
Devonport,33,0,0,0,4,2,0,0,7,1,9,10
Frenchville,33,0,0,0,6,5,1,0,13,1,1,6
Gladstone,33,0,0,0,0,6,0,0,5,0,8,14
Liverpool,33,0,0,0,2,7,0,0,9,0,3,12
Penrith,33,0,0,0,5,6,1,1,4,0,11,5
Strathpine,33,0,1,0,1,6,0,0,4,0,6,15
Taree,33,2,0,0,2,6,1,0,1,1,8,12
Acacia Ridge,32,0,0,0,1,4,1,0,4,1,3,18
Cessnock,32,0,0,0,3,6,0,0,5,2,5,11
Oxenford,32,0,0,0,6,3,2,0,8,1,3,9
Urangan,32,0,0,0,6,5,0,0,3,1,5,12
Windsor,32,0,2,0,1,5,3,0,5,1,7,8
Wynnum,32,0,0,0,7,4,1,0,6,0,5,9
Brassall,31,0,1,0,3,4,0,0,12,1,7,3
Broome,31,1,1,0,7,5,0,0,5,0,4,8
Clinton,31,1,0,0,5,5,2,0,9,0,4,5
Fortitude Valley,31,0,1,0,1,5,0,0,8,0,2,14
Griffin,31,0,1,0,2,3,1,0,4,3,8,9
Kingswood,31,1,0,0,1,2,0,0,8,5,6,8
Moranbah,31,1,2,0,2,1,0,0,11,0,7,7
Portland,31,1,0,0,8,2,4,0,6,0,5,5
Seven Hills,31,1,0,1,4,3,2,0,6,2,1,11
Waterford West,31,0,0,0,2,0,0,0,7,0,7,15
Bathurst,30,0,0,0,3,9,1,0,5,0,2,10
Brighton,30,1,0,0,3,0,0,0,6,0,10,10
Browns Plains,30,1,1,1,0,5,1,0,4,1,3,13
Caulfield North,30,1,1,1,8,2,0,0,9,0,4,4
Cleveland,30,0,0,0,4,7,1,0,4,1,1,12
Essendon,30,3,0,0,4,1,0,0,6,1,8,7
Kensington,30,1,0,0,0,4,0,0,9,0,7,9
Palm Beach,30,0,1,0,3,1,3,0,10,1,2,9
Park Ridge,30,1,1,0,2,1,0,0,8,2,9,6
Rockingham,30,0,0,0,6,5,1,0,3,2,2,11
Springfield Lakes,30,1,0,0,2,0,1,0,8,1,10,7
Surry Hills,30,0,0,0,3,6,1,0,3,1,5,11
Beaconsfield,29,0,1,0,3,3,2,1,4,1,6,8
Cranebrook,29,1,0,0,3,11,0,0,3,2,3,6
Glenroy,29,1,1,0,3,7,0,0,4,1,8,4
Mount Barker,29,0,1,0,6,4,0,0,6,1,4,7
Norman Gardens,29,1,1,0,2,3,1,0,5,3,5,8
Petrie,29,0,0,0,6,1,1,0,9,0,2,10
Slacks Creek,29,0,0,0,4,2,1,0,4,2,8,8
Toowoomba,29,0,0,0,3,3,1,0,6,0,2,14
West Gladstone,29,0,0,0,6,0,1,0,7,0,4,11
Wynnum West,29,1,0,0,6,2,1,0,3,2,6,8
Zillmere,29,0,0,1,1,8,0,0,3,0,1,15
Bankstown,28,0,0,0,3,3,0,0,4,2,8,8
Bellbird Park,28,0,2,0,3,1,1,0,8,1,4,8
Biggera Waters,28,2,0,0,2,3,1,0,6,0,3,11
Birkdale,28,0,1,0,5,1,0,0,6,1,4,10
Broken Hill,28,0,0,0,3,8,0,0,6,1,2,8
Carlton,28,2,1,0,2,2,1,0,7,1,2,10
Forest Lake,28,1,3,0,4,0,2,0,6,0,4,8
Morningside,28,1,3,0,3,1,1,0,2,1,8,8
Norlane,28,0,1,0,3,7,0,0,4,2,6,5
Redfern,28,0,2,0,3,3,0,0,3,1,9,7
Southbank,28,1,1,0,5,0,2,0,1,0,10,8
Waikiki,28,0,1,0,1,9,1,0,4,2,5,5
Andergrove,27,0,1,0,3,5,0,0,5,0,6,7
Bayswater,27,1,0,0,7,3,0,0,5,3,2,6
Beerwah,27,1,0,0,5,3,1,0,7,1,3,6
Coburg,27,0,2,0,1,2,2,0,4,3,6,7
Gosford,27,1,0,0,4,4,1,0,2,0,7,8
Greenslopes,27,0,1,0,3,2,1,0,5,3,5,7
Guildford,27,1,0,0,2,10,0,0,4,1,4,5
Lavington,27,0,0,0,2,3,1,0,2,0,7,12
Logan Reserve,27,0,0,0,3,3,0,0,5,1,7,8
Mooloolaba,27,0,0,0,1,5,1,0,9,1,2,8
Mount Gambier,27,1,0,0,8,4,1,0,3,2,3,5
North Mackay,27,0,0,1,3,6,0,0,2,1,5,9
Paddington,27,0,2,0,2,5,3,0,6,0,5,4
Russell Island,27,0,0,0,6,3,1,0,1,2,4,10
The Gap,27,0,1,0,4,1,1,0,4,1,8,7
Umina Beach,27,0,3,0,1,5,0,0,2,0,7,9
Warnbro,27,0,1,1,2,1,2,0,5,0,5,10
Alexandria,26,0,1,1,3,2,1,0,7,1,4,6
Armadale,26,0,1,0,1,4,0,0,6,1,4,9
Bowen,26,0,0,0,5,2,0,0,3,2,5,9
Carrum Downs,26,0,0,0,4,3,0,0,5,0,3,11
Clontarf,26,0,1,1,4,3,0,0,9,0,4,4
Croydon,26,0,0,0,3,4,0,0,4,0,11,4
Greenbank,26,0,0,0,3,2,1,0,4,1,6,9
Katoomba,26,0,0,0,4,3,1,0,6,0,7,5
Margate,26,0,1,0,3,4,0,0,5,1,5,7
Mornington,26,0,0,0,4,2,1,0,6,1,9,3
New Farm,26,0,0,0,2,5,1,0,5,0,5,8
North Lakes,26,1,1,0,5,2,1,0,3,2,4,7
Northcote,26,1,0,0,9,3,1,0,2,2,4,4
Raceview,26,0,0,0,1,1,1,0,8,1,6,8
Ryde,26,1,0,0,6,8,0,0,2,0,3,6
Seaford,26,0,2,0,3,3,0,0,10,0,4,4
South Mackay,26,0,0,0,1,4,2,0,6,0,3,10
Tarneit,26,0,0,0,7,1,1,0,3,1,6,7
Yanchep,26,2,0,1,1,3,2,0,2,2,6,7
Adelaide,25,0,0,0,5,4,0,0,8,0,4,4
Bellmere,25,2,1,0,2,1,0,0,3,0,4,12
Burleigh Waters,25,0,0,0,4,1,2,0,4,1,5,8
Caboolture South,25,1,0,0,3,3,1,0,2,0,6,9
Cranbourne,25,0,1,0,2,1,0,0,7,2,2,10
Cranbrook,25,0,0,0,2,3,1,0,5,1,5,8
Cronulla,25,1,4,0,2,0,0,0,8,0,4,6
East Maitland,25,0,0,0,2,5,1,0,9,1,2,5
Echuca,25,2,1,0,5,2,0,0,5,2,3,5
Footscray,25,0,2,0,5,3,1,0,4,0,3,7
Harristown,25,1,0,0,1,3,0,0,5,1,2,12
Hoppers Crossing,25,1,0,0,1,3,1,0,8,0,5,6
Inverell,25,2,0,0,3,2,0,0,5,0,5,8
Mayfield,25,2,0,0,2,3,0,0,4,0,7,7
Maylands,25,0,4,0,3,5,0,0,4,0,2,7
Miranda,25,0,1,0,0,2,1,0,6,2,5,8
Morphett Vale,25,1,1,0,0,3,1,0,4,0,7,8
Narara,25,0,1,0,3,4,0,0,8,0,2,7
Narre Warren,25,1,0,0,5,1,0,0,6,2,5,5
Newstead,25,1,1,0,2,5,0,0,3,1,3,9
Parramatta,25,1,2,0,4,5,0,0,1,2,2,8
Queenstown,25,0,1,0,8,3,0,0,4,0,5,4
Rosebery,25,1,2,0,1,2,0,0,3,0,5,11
West Wodonga,25,1,0,0,4,3,0,0,6,0,1,10
Annerley,24,0,0,0,1,4,0,0,5,0,4,10
Boondall,24,0,0,0,2,3,0,0,6,0,3,10
Bundaberg,24,0,0,0,3,4,1,0,2,0,2,12
Bundamba,24,0,0,0,2,7,0,0,1,2,6,6
Chinchilla,24,0,0,0,4,1,0,0,3,2,5,9
Fitzroy,24,0,0,0,4,2,0,0,5,1,5,7
Grafton,24,0,0,0,5,7,1,0,4,1,3,3
Mernda,24,0,2,0,2,4,1,0,5,0,3,7
Newport,24,1,1,0,1,3,1,0,5,0,4,8
Ormeau,24,1,1,0,2,1,1,0,3,1,7,7
Pacific Pines,24,1,2,0,3,1,0,0,8,0,2,7
Quakers Hill,24,1,1,0,3,3,1,0,4,0,5,6
Ringwood,24,0,0,0,7,2,1,0,7,1,2,4
South Grafton,24,1,0,0,2,6,2,0,1,1,4,7
South Toowoomba,24,0,1,0,1,2,1,0,6,0,5,8
St Kilda East,24,1,0,0,2,1,0,0,12,0,3,5
Stafford Heights,24,1,0,0,1,4,0,0,4,1,4,9
Thornlands,24,0,4,0,1,0,2,0,4,0,6,7
Toronto,24,0,0,0,5,6,0,0,5,0,1,7
Woodroffe,24,0,0,0,2,3,0,0,5,0,5,9
Atherton,23,0,1,0,4,4,0,0,5,1,3,5
Ayr,23,0,0,0,4,1,1,0,6,0,6,5
Berwick,23,0,0,1,1,5,0,0,3,0,6,7
Brunswick East,23,0,1,0,5,1,1,0,5,2,3,5
Burpengary East,23,0,1,0,4,2,0,0,1,0,4,11
Collingwood Park,23,0,0,0,2,4,1,0,6,0,4,6
Coorparoo,23,1,1,0,2,5,1,0,8,0,3,2
Craigieburn,23,0,0,0,1,2,1,0,3,1,5,10
Dandenong,23,1,0,0,2,5,0,0,4,1,2,8
Doreen,23,0,1,0,2,3,0,0,5,2,5,5
Ferntree Gully,23,1,1,0,1,3,1,0,4,0,5,7
Flagstone,23,0,0,0,4,1,0,0,6,0,8,4
Greystanes,23,0,0,0,1,5,0,0,5,1,4,7
Horsham,23,0,1,0,3,2,1,0,3,1,4,8
Kippa-Ring,23,0,1,0,0,5,0,0,5,4,2,6
Lilydale,23,2,0,0,7,2,1,0,3,0,2,6
Merredin,23,0,0,0,8,1,0,0,5,0,3,6
Merrylands,23,0,0,0,1,4,1,0,4,2,5,6
Moorooka,23,0,1,0,2,1,0,0,3,0,7,9
Port Lincoln,23,0,0,0,4,3,0,0,7,1,3,5
Ripley,23,2,0,0,1,3,0,0,4,0,5,8
Robina,23,0,2,0,4,2,1,0,4,0,1,9
Smithfield,23,0,1,0,2,2,0,0,0,0,6,12
South Melbourne,23,1,1,0,3,0,1,0,4,0,7,6
South Tamworth,23,0,0,0,4,4,1,0,4,0,5,5
Sunnybank Hills,23,0,0,0,0,3,1,0,2,1,6,10
Tweed Heads South,23,1,0,0,2,5,0,0,2,1,1,11
Woolloongabba,23,1,0,0,3,2,1,0,4,0,6,6
Woy Woy,23,0,0,0,4,4,1,0,3,0,3,8
Annandale,22,0,1,0,2,4,0,0,4,0,6,5
Bli Bli,22,0,0,1,3,2,3,0,8,0,2,3
Byford,22,0,0,0,4,1,2,0,4,1,5,5
Dee Why,22,0,0,0,4,2,0,0,7,0,0,9
Ellenbrook,22,1,1,0,3,1,1,0,8,0,2,5
Elwood,22,0,2,0,4,1,2,0,3,1,5,4
Gorokan,22,1,0,0,1,3,0,0,4,0,2,11
Griffith,22,1,0,1,3,5,1,0,5,0,0,6
Hawthorn,22,0,3,1,3,2,1,0,5,0,3,4
Hillcrest,22,0,1,0,1,0,1,0,7,1,2,9
Manly,22,2,0,0,2,4,0,0,0,0,6,8
Mansfield,22,0,0,0,3,2,0,0,4,0,8,5
Mill Park,22,0,0,0,3,1,0,0,8,0,5,5
Morley,22,0,0,0,3,4,0,0,6,0,3,6
Nanango,22,1,0,0,7,4,0,0,5,0,2,3
Nundah,22,0,0,0,0,1,1,0,5,2,3,10
Parkwood,22,0,0,0,2,4,0,0,4,3,6,3
Port Kennedy,22,1,0,0,1,2,0,0,5,0,4,9
Tewantin,22,0,0,0,2,5,1,0,6,0,2,6
Thornlie,22,0,0,0,2,3,0,0,2,0,7,8
Varsity Lakes,22,0,0,0,0,4,0,0,6,1,3,8
Wellard,22,0,1,0,2,3,2,0,2,1,3,8
West Tamworth,22,0,0,0,0,3,0,0,9,0,3,7
Abbotsford,21,0,3,0,4,1,0,0,6,0,3,4
Ashmore,21,1,1,0,1,2,1,0,4,0,7,4
Boronia Heights,21,1,0,0,2,2,0,0,1,0,8,7
Coogee,21,0,1,1,4,1,1,0,4,0,6,3
Daisy Hill,21,0,0,0,3,0,0,0,2,3,6,7
Greensborough,21,0,0,0,3,2,0,0,11,0,1,4
Holland Park,21,0,0,0,1,1,1,0,7,0,3,8
Hornsby,21,0,1,1,4,3,0,0,5,1,2,4
Jimboomba,21,2,0,0,1,3,0,0,7,1,4,3
Moe,21,1,1,0,4,3,0,0,6,0,5,1
Moonee Ponds,21,0,0,1,3,2,0,0,3,3,6,3
Mount Low,21,0,0,0,3,0,2,0,9,2,1,4
Mudgeeraba,21,1,1,0,4,0,0,0,4,0,5,6
Muswellbrook,21,0,0,0,2,3,0,0,1,1,4,10
Ocean Grove,21,0,1,1,6,1,0,0,4,0,2,6
Randwick,21,1,0,1,1,5,1,0,2,0,3,7
Rutherford,21,1,0,0,1,1,1,0,8,0,3,6
Shailer Park,21,0,0,0,2,2,1,0,4,1,5,6
South Hedland,21,0,0,0,2,3,1,0,4,0,5,6
Thornbury,21,0,0,0,1,1,0,0,9,0,3,7
Wallsend,21,1,1,0,1,4,0,0,6,0,2,6
Whalan,21,0,1,0,2,4,0,0,1,0,4,9
Bateau Bay,20,0,1,0,2,2,0,0,3,0,1,11
Bentleigh East,20,2,0,0,2,2,0,0,3,1,5,5
Bundoora,20,0,1,0,0,3,1,0,8,1,3,3
Butler,20,0,1,0,1,5,0,0,3,0,2,8
Campsie,20,1,1,0,2,1,1,0,4,0,2,8
Canning Vale,20,0,1,0,3,6,0,0,4,0,2,4
Corio,20,1,0,0,3,1,1,0,2,1,9,2
Doonside,20,0,0,0,1,2,0,0,6,0,2,9
Duncraig,20,1,0,0,4,2,0,0,6,0,1,6
Durack,20,0,0,1,1,1,0,0,1,1,5,10
Dysart,20,0,0,0,1,3,2,0,7,1,3,3
Edmonton,20,1,1,0,1,2,0,0,2,1,4,8
Forrestfield,20,0,1,0,1,3,0,0,6,1,7,1
Glen Innes,20,2,0,0,4,4,0,0,1,0,4,5
Glenmore Park,20,1,2,0,5,1,0,0,1,0,5,5
Goonellabah,20,0,0,0,0,6,0,0,3,1,4,6
Highgate Hill,20,0,0,0,1,3,0,0,5,2,6,3
Huntingdale,20,1,1,0,4,2,1,0,6,0,2,3
Langwarrin,20,2,0,0,1,2,1,0,3,1,5,5
Lawnton,20,2,0,0,1,1,1,0,3,0,3,9
Mango Hill,20,0,0,0,1,1,0,0,3,2,9,4
Mareeba,20,0,1,0,2,5,0,0,4,0,3,5
Melton South,20,0,0,0,0,4,1,0,4,0,3,8
Mermaid Waters,20,0,0,0,3,1,0,0,5,0,3,8
Mount Gravatt East,20,1,1,0,3,3,0,0,2,1,5,4
Murrumba Downs,20,0,0,1,3,1,0,0,0,1,4,10
Orelia,20,1,1,0,0,2,0,0,2,0,6,8
Oxley,20,0,0,0,1,2,1,0,5,1,4,6
Port Melbourne,20,0,0,0,2,3,1,0,5,1,2,6
Sale,20,0,0,0,2,4,1,0,1,1,1,10
Sanctuary Point,20,0,0,0,3,4,0,0,0,1,5,7
Sippy Downs,20,0,1,0,2,1,0,0,7,0,2,7
Springfield,20,0,1,0,0,2,1,0,4,0,3,9
Wallan,20,2,0,0,0,2,0,0,2,0,4,10
Wellington Point,20,0,0,0,2,3,0,0,3,2,5,5
Weston,20,0,1,1,2,0,0,0,5,2,2,7
Woolloomooloo,20,1,1,1,0,5,0,0,5,0,3,4
Wyoming,20,1,0,1,3,6,0,0,4,1,3,1
Yeppoon,20,0,0,0,7,0,0,0,1,1,3,8
Ambarvale,19,0,0,0,2,1,0,0,8,0,1,7
Ashfield,19,2,1,1,3,2,0,0,2,0,3,5
Aspley,19,0,0,0,1,4,0,0,5,1,3,5
Bundaberg South,19,0,0,0,1,3,2,0,3,0,7,3
Calliope,19,1,1,0,1,2,2,0,9,0,2,1
Castle Hill,19,0,0,0,4,3,0,0,2,1,5,4
Claremont,19,0,1,0,1,3,0,0,5,0,4,5
Clarkson,19,0,1,0,1,3,0,0,3,1,4,6
Collie,19,1,1,0,1,4,0,0,3,2,3,4
Dulwich Hill,19,1,1,0,4,3,0,0,5,0,2,3
Fairfield,19,0,0,1,3,4,0,0,3,0,4,4
Gatton,19,1,0,0,1,2,0,0,4,0,7,4
Hamilton Hill,19,0,0,0,3,4,0,0,4,0,3,5
Hampton Park,19,0,0,0,0,0,0,0,5,0,3,11
Holland Park West,19,0,3,0,2,4,0,0,3,0,3,4
Kawana,19,0,0,0,2,1,0,0,8,2,2,4
Kelmscott,19,0,2,0,3,1,1,0,2,0,5,5
Lowood,19,0,1,0,1,0,3,0,2,1,4,7
Mooroopna,19,0,0,0,3,2,0,0,5,1,4,4
Mount Louisa,19,1,1,0,1,2,1,0,0,0,8,5
Park Avenue,19,1,0,0,2,3,0,0,6,1,3,3
Peakhurst,19,0,1,0,1,7,0,0,3,2,3,2
Proserpine,19,0,1,0,4,1,1,0,6,0,2,4
Riverwood,19,0,0,1,0,8,0,0,1,0,6,3
St Clair,19,0,0,0,5,0,1,0,2,1,1,9
St Marys,19,0,0,0,2,7,0,0,2,0,5,3
Stanthorpe,19,0,0,0,3,2,0,0,1,3,2,8
Walkervale,19,1,0,0,1,3,1,0,3,0,5,5
Wangaratta,19,0,0,0,3,3,1,0,2,0,7,3
Woolgoolga,19,0,0,0,0,4,0,0,5,0,2,8
Yangebup,19,0,1,0,1,3,0,0,5,1,1,7
Airds,18,0,0,0,2,4,0,0,4,1,3,4
Auburn,18,0,1,0,0,3,1,0,2,0,3,8
Ballina,18,1,0,0,1,7,0,0,2,1,2,4
Balmain,18,1,1,0,3,2,0,0,5,2,3,1
Bexley,18,0,1,0,8,2,1,0,0,1,2,3
Bomaderry,18,1,1,0,2,3,0,0,6,0,2,3
Bondi,18,0,2,0,2,3,0,0,3,0,5,3
Bray Park,18,0,0,0,0,3,0,0,2,1,6,6
Bundaberg North,18,0,0,0,1,2,0,0,5,2,3,5
Caringbah,18,0,0,0,3,1,2,0,7,1,0,4
Chermside West,18,0,0,0,5,1,2,0,3,0,2,5
Clayfield,18,0,0,0,2,4,0,0,4,0,2,6
Cranbourne East,18,1,2,0,0,0,0,0,2,0,5,8
Dandenong North,18,0,0,0,2,5,0,0,3,0,2,6
Dapto,18,1,1,0,2,4,0,0,4,0,2,4
Deeragun,18,0,1,0,1,3,2,0,2,0,4,5
Driver,18,0,0,1,2,4,0,0,0,0,3,8
Drouin,18,1,0,0,3,3,1,0,3,0,3,4
Elanora,18,0,0,0,2,2,0,0,4,0,5,5
Ellen Grove,18,0,0,0,3,2,1,0,3,0,6,3
Glebe,18,1,1,0,4,1,0,0,2,1,4,4
Glen Iris,18,0,0,0,2,3,2,0,5,0,1,5
Ivanhoe,18,1,1,0,2,4,1,0,5,0,1,3
Kambah,18,0,1,0,1,3,0,0,1,0,4,8
Kellyville,18,0,0,0,1,3,1,0,2,1,7,3
Kew,18,0,0,0,1,4,3,0,4,0,3,3
Koongal,18,0,1,0,4,3,1,0,1,2,3,3
Maddington,18,1,0,0,0,4,0,0,3,0,5,5
North Parramatta,18,0,0,1,2,5,0,0,2,0,5,3
Riverstone,18,0,1,0,3,0,0,0,6,0,4,4
Sarina,18,0,1,0,1,3,1,0,4,2,2,4
Secret Harbour,18,0,0,0,4,4,0,0,3,0,3,4
Tara,18,0,0,0,0,3,0,0,5,0,5,5
Tingalpa,18,0,0,0,2,2,2,0,3,1,6,2
Victoria Point,18,0,0,0,1,4,1,0,3,0,2,7
West Footscray,18,0,3,1,4,1,0,0,2,0,1,6
Wyong,18,0,0,0,1,5,0,0,0,0,5,7
Bald Hills,17,0,1,0,2,3,0,0,3,0,3,5
Bethania,17,1,0,0,0,3,0,0,2,0,5,6
Bidwill,17,0,0,0,2,4,0,0,1,1,5,4
Cardiff,17,1,1,0,4,2,1,0,2,0,2,4
Carey Park,17,0,1,0,1,5,0,0,0,0,6,4
Charlestown,17,1,1,0,2,1,0,0,4,1,2,5
Clyde North,17,0,0,0,2,1,1,0,4,1,2,6
Como,17,0,0,0,3,4,2,0,0,0,5,3
Cremorne,17,0,0,0,4,2,0,0,4,0,4,3
Dianella,17,0,0,0,4,1,0,0,2,0,4,6
Earlwood,17,0,1,0,5,1,0,0,3,0,1,6
Everton Park,17,0,0,0,4,1,1,0,6,1,1,3
Forbes,17,0,0,0,1,2,0,0,3,0,4,7
Greenacre,17,0,0,0,2,2,0,0,1,0,4,8
Highland Park,17,1,0,0,2,2,1,0,3,1,2,5
Ingleburn,17,1,0,0,0,4,0,0,3,0,2,7
Kangaroo Point,17,0,0,0,0,5,1,0,1,1,4,5
Kedron,17,0,0,0,2,2,1,1,2,0,5,4
Loganholme,17,0,1,0,2,1,0,0,5,1,3,4
Longreach,17,0,0,0,2,3,0,0,3,0,2,7
Macquarie Fields,17,0,0,0,1,3,0,0,3,0,2,8
Manly West,17,0,0,0,3,1,0,0,4,0,5,4
Molendinar,17,0,0,0,2,1,0,0,2,1,5,6
Murray Bridge,17,0,0,0,1,1,0,0,6,0,3,6
New Auckland,17,0,1,0,1,1,0,0,4,1,4,5
Newcastle,17,0,0,0,1,5,0,0,3,0,3,5
North Ipswich,17,0,0,0,0,4,1,0,4,0,3,5
Northam,17,1,0,0,3,4,0,0,2,0,1,6
Ocean Shores,17,0,0,0,2,3,1,0,3,1,4,3
Parmelia,17,0,0,0,0,6,1,0,4,0,2,4
Prospect,17,0,0,0,2,0,1,0,5,0,0,9
Rivervale,17,0,0,0,3,3,0,0,4,1,1,5
Rochedale South,17,0,0,0,5,2,1,0,1,0,4,4
Rockhampton,17,0,1,0,1,3,1,0,5,0,3,3
Rothwell,17,0,0,0,3,3,0,0,1,1,6,3
Runaway Bay,17,2,1,0,1,2,0,0,5,0,2,4
South Brisbane,17,0,0,0,1,1,0,0,4,0,5,6
Spring Hill,17,0,0,0,1,3,0,0,0,2,5,6
Springsure,17,0,0,1,1,0,0,0,8,0,5,2
Stafford,17,1,1,0,2,2,0,0,2,1,5,3
Truganina,17,2,0,0,1,4,0,0,4,0,2,4
Warragul,17,2,0,0,0,3,0,0,4,0,5,3
Waterloo,17,1,0,0,1,4,0,0,2,1,3,5
Werrington,17,0,1,0,0,4,0,0,2,2,3,5
Wilsonton,17,0,1,0,1,3,1,0,5,0,3,3
Woodend,17,0,0,0,5,1,0,0,6,0,1,4
Woody Point,17,0,1,0,1,2,2,0,1,1,2,7
Wyndham Vale,17,0,0,0,1,0,0,0,6,0,2,8
Algester,16,0,1,0,2,2,1,0,2,0,4,4
Bairnsdale,16,1,0,0,1,2,0,0,1,0,3,8
Banksia Beach,16,0,0,0,4,1,0,0,1,1,5,4
Banyo,16,0,0,0,1,1,0,0,5,1,5,3
Bellingen,16,1,1,0,3,1,0,0,3,1,3,3
Blaxland,16,0,0,0,5,3,0,0,4,0,1,3
Botany,16,0,0,0,1,4,0,0,3,0,5,3
Brookfield,16,0,0,0,1,4,0,0,6,0,1,4
Brunswick West,16,1,0,0,1,0,0,0,3,1,5,5
Bushland Beach,16,1,3,0,0,2,1,0,4,0,0,5
Busselton,16,0,0,0,3,2,1,0,3,0,2,5
Caloundra,16,0,0,0,3,3,1,0,1,0,3,5
Carina,16,1,1,0,1,2,0,0,3,0,4,4
Carrara,16,0,1,0,2,0,0,0,1,1,2,9
Caulfield South,16,0,1,1,3,1,1,0,3,0,2,4
Charleville,16,0,0,0,3,1,0,0,3,0,4,5
Clifton Beach,16,0,1,0,2,0,0,0,6,0,1,6
Collingwood,16,0,1,2,1,0,0,0,6,0,3,3
Cooloongup,16,0,1,0,0,3,0,0,5,2,3,2
Cooma,16,0,0,1,2,2,0,0,2,0,4,5
Cranbourne West,16,0,1,0,1,1,1,0,5,2,1,4
Dawesville,16,1,1,0,4,2,0,0,4,0,2,2
Docklands,16,1,1,0,2,2,1,0,1,0,4,4
Donnybrook,16,1,1,0,3,4,0,0,2,0,2,3
Eastern Heights,16,0,0,0,1,3,0,0,3,0,3,6
Eaton,16,1,0,0,1,3,0,0,2,1,2,6
Ermington,16,2,0,0,1,4,0,0,3,0,2,4
Geelong,16,1,0,0,3,4,0,0,5,0,0,3
Holmview,16,0,0,0,0,1,2,0,2,0,4,7
Indooroopilly,16,0,0,0,2,4,0,0,0,0,4,6
Kingscliff,16,0,0,0,2,1,1,0,3,1,4,4
Marcoola,16,1,1,0,1,1,1,0,6,1,1,3
Mascot,16,1,0,0,2,1,0,0,2,1,4,5
Moorebank,16,0,0,0,1,2,0,0,4,0,3,6
Moree,16,0,0,0,1,2,0,0,5,0,3,5
Murarrie,16,0,0,0,3,5,0,0,2,0,1,5
North Gosford,16,0,0,0,1,3,0,0,4,0,4,4
North Perth,16,0,2,0,3,2,1,0,4,0,3,1
Regents Park,16,0,0,1,2,0,1,0,1,0,4,7
Rowville,16,2,0,0,0,4,0,0,3,0,2,5
Sebastopol,16,1,0,0,1,0,0,0,5,0,3,6
Thabeban,16,0,0,0,1,1,1,0,1,0,3,9
Wanneroo,16,0,0,0,3,3,0,0,3,1,1,5
Warilla,16,0,0,0,2,2,0,0,4,1,1,6
Wulguru,16,0,1,0,1,1,1,0,4,1,2,5
Yagoona,16,0,0,0,1,0,1,0,6,1,4,3
Yamba,16,1,1,0,1,3,0,0,6,0,1,3
Yeronga,16,0,0,0,2,0,1,0,5,0,1,7
Alderley,15,0,0,2,3,2,0,0,0,0,1,7
Armstrong Creek,15,1,0,1,3,2,0,0,1,1,1,5
Ascot Vale,15,0,0,0,1,2,0,0,2,0,3,7
Ashgrove,15,0,1,0,2,0,0,0,4,1,3,4
Avoca,15,0,0,0,2,0,2,0,5,1,4,1
Balga,15,0,0,0,1,1,1,0,6,1,2,3
Banora Point,15,0,0,0,0,4,1,0,2,1,4,3
Baulkham Hills,15,0,3,0,2,3,1,0,0,0,2,4
Boambee East,15,0,0,0,3,3,0,0,0,0,1,8
Boronia,15,0,1,0,1,3,0,0,3,0,5,2
Box Hill,15,1,1,0,2,0,0,0,3,0,2,6
Bradbury,15,0,0,0,2,2,0,0,1,2,3,5
Burleigh Heads,15,0,1,0,3,0,1,0,1,0,5,4
Cairns,15,0,0,0,0,3,0,0,2,2,1,7
Cowra,15,0,0,0,1,2,2,0,1,0,4,5
Cranbourne North,15,0,0,0,3,2,0,0,4,0,2,4
Dakabin,15,0,0,0,3,1,0,0,4,1,1,5
East Perth,15,0,0,0,3,4,1,0,2,0,1,4
Erskineville,15,0,1,0,3,4,0,0,4,1,2,0
Fremantle,15,3,0,0,2,5,0,0,1,0,3,1
Gordonvale,15,1,0,0,0,1,1,0,3,1,5,3
Granville,15,0,0,0,3,4,0,0,3,0,2,3
High Wycombe,15,1,0,0,1,0,0,0,0,2,4,7
Ipswich,15,0,1,0,1,1,2,0,2,1,2,5
Kepnock,15,0,1,1,3,2,1,0,2,0,1,4
Lalor,15,0,2,0,3,2,0,0,3,0,3,2
Lalor Park,15,1,0,0,1,2,0,0,1,0,2,8
Merewether,15,0,0,0,3,2,0,0,4,1,3,2
Miami,15,0,0,0,2,2,0,0,2,1,3,5
Mountain Creek,15,0,0,0,3,2,0,0,4,0,2,4
Newborough,15,1,0,0,1,2,0,0,1,1,4,5
Ningi,15,0,0,0,2,1,1,0,2,1,4,4
North Melbourne,15,1,0,1,1,1,0,0,4,1,2,4
Oakey,15,0,0,0,0,3,0,0,1,0,4,7
Palmerston,15,0,0,0,1,3,1,0,5,0,2,3
Palmwoods,15,0,0,1,2,0,0,0,5,1,1,5
Parafield Gardens,15,1,0,0,1,4,0,0,2,0,2,5
Pascoe Vale,15,0,0,0,5,0,2,0,1,0,2,5
Port Douglas,15,0,1,0,4,1,1,0,2,0,2,4
Prahran,15,0,0,0,3,0,0,0,4,0,2,6
Punchbowl,15,0,0,0,2,3,0,0,7,0,1,2
Rosebud,15,2,1,0,1,2,0,0,3,0,3,3
Rural View,15,1,0,0,2,0,0,0,3,1,1,7
Singleton,15,0,0,0,1,3,0,0,3,0,2,6
Sunshine West,15,0,2,0,3,1,0,0,3,0,4,2
Toormina,15,0,0,0,1,4,0,0,0,1,5,4
Toowong,15,0,1,0,4,1,0,0,2,0,1,6
Ulladulla,15,1,0,0,4,3,0,0,4,0,1,2
Upper Caboolture,15,0,0,0,1,0,1,0,5,0,3,5
Wentworth Point,15,0,0,0,2,1,0,0,3,0,5,4
Wollert,15,0,0,0,1,0,1,0,3,2,2,6
Woree,15,0,0,0,1,2,0,0,1,0,6,5
Yokine,15,0,0,0,1,2,1,0,6,0,1,4
Agnes Water,14,0,1,0,2,2,1,0,1,1,4,2
Albion Park Rail,14,0,0,0,2,3,0,0,2,1,2,4
Alice Springs,14,0,0,0,5,0,0,0,7,0,1,1
Altona Meadows,14,0,1,0,4,2,1,0,4,0,1,1
Bargara,14,1,0,0,0,1,0,0,6,0,4,2
Beaudesert,14,0,0,0,4,0,0,0,1,3,2,4
Bellambi,14,0,0,0,0,7,1,0,1,1,0,4
Bondi Beach,14,0,0,0,2,2,0,0,1,0,2,7
Bongaree,14,0,0,0,1,3,1,0,2,1,4,2
Booval,14,0,0,0,0,1,1,0,2,0,2,8
Bowen Hills,14,0,0,1,2,1,0,0,1,1,4,4
Brighton East,14,0,0,0,1,1,0,0,4,2,3,3
Bucasia,14,0,0,0,2,0,2,0,2,0,3,5
Cambridge Park,14,1,0,0,2,5,0,0,3,0,2,1
Camperdown,14,0,0,0,3,5,0,0,2,0,2,2
Carlingford,14,0,1,0,1,3,0,0,1,0,3,5
Deagon,14,0,0,0,2,1,0,0,8,0,0,3
Doncaster,14,0,0,0,2,1,1,0,4,0,0,6
Douglas,14,0,0,0,1,1,0,0,6,0,3,3
East Devonport,14,1,1,0,0,2,0,0,1,0,3,6
Engadine,14,0,0,0,3,4,0,0,2,0,2,3
Fitzroy North,14,0,1,0,2,0,0,0,5,1,3,2
Glenorchy,14,0,0,0,1,3,0,0,2,0,4,4
Greenfields,14,0,2,0,0,2,0,0,1,1,3,5
Hamlyn Terrace,14,0,0,0,0,2,0,0,4,0,2,6
Heatley,14,0,0,0,3,1,1,0,0,0,4,5
Hope Island,14,0,0,0,0,0,1,0,5,1,4,3
Ingham,14,0,0,0,0,1,1,0,0,0,4,8
Katanning,14,1,0,0,1,0,0,0,3,0,3,6
Keperra,14,1,1,0,3,3,0,0,0,0,2,4
Malvern East,14,0,0,0,1,1,1,0,4,1,2,4
Merimbula,14,0,0,0,3,3,0,0,4,0,1,3
Mickleham,14,0,1,0,0,1,0,0,5,0,2,5
Millbank,14,0,0,0,1,2,1,0,3,0,4,3
Mullumbimby,14,0,0,1,0,2,0,0,6,1,4,0
Nambucca Heads,14,0,1,0,3,3,0,0,1,0,3,3
North Albury,14,0,0,0,0,2,0,0,3,1,1,7
North Ward,14,1,1,0,0,2,1,0,2,0,3,4
Oran Park,14,0,0,0,2,1,0,0,0,1,6,4
Osborne Park,14,0,0,1,2,3,1,0,2,0,3,2
Panania,14,0,0,0,2,3,0,0,2,0,1,6
Ravenswood,14,0,1,0,3,1,1,0,1,1,3,3
Redbank,14,0,0,0,1,1,1,0,5,0,1,5
Redlynch,14,0,0,0,2,0,1,0,2,0,2,7
Rockville,14,0,0,0,1,2,1,0,4,1,0,5
Salisbury North,14,0,2,0,0,3,0,0,2,0,3,4
San Remo,14,0,1,0,1,4,1,0,2,0,2,3
Sans Souci,14,0,0,0,0,2,1,0,3,0,2,6
Schofields,14,0,0,0,4,0,0,0,3,0,2,5
Slade Point,14,0,1,0,2,2,1,0,2,0,2,4
South Coogee,14,0,0,0,0,2,0,0,2,0,3,7
South Gladstone,14,0,0,0,1,1,1,0,3,0,3,5
South Morang,14,1,0,0,1,4,1,0,3,0,0,4
Spring Mountain,14,0,0,0,1,0,0,0,3,0,3,7
Sunshine,14,0,0,0,1,1,0,0,3,0,4,5
Tamborine Mountain,14,0,0,0,1,3,1,0,1,0,4,4
Thornton,14,0,1,0,3,4,0,0,2,1,1,2
Thurgoona,14,0,1,0,2,2,0,0,5,1,1,2
Tuncurry,14,0,0,0,1,3,0,0,2,1,4,3
Willagee,14,0,1,0,2,0,0,0,4,1,3,3
Wynyard,14,1,0,0,1,4,1,0,1,0,2,4
Young,14,0,0,0,4,1,0,0,3,0,0,6
Arana Hills,13,0,0,1,4,1,0,0,2,0,1,4
Ararat,13,1,0,0,1,3,0,0,3,0,4,1
Arncliffe,13,0,0,0,0,2,0,0,5,1,1,4
Balmoral,13,0,0,0,3,1,1,0,4,0,3,1
Banksia Grove,13,0,0,0,2,0,0,0,4,0,5,2
Bassendean,13,1,0,0,1,3,0,0,3,0,4,1
Bentley,13,1,1,0,0,0,0,0,2,0,5,4
Berkeley,13,0,0,0,1,2,0,0,1,0,2,7
Blacks Beach,13,0,0,0,0,0,0,0,4,0,6,3
Blackwater,13,1,2,0,0,1,0,0,1,0,3,5
Bowral,13,0,0,0,1,3,1,0,4,0,2,2
Broadbeach,13,0,0,0,3,0,1,0,5,0,1,3
Broadbeach Waters,13,0,0,0,0,3,0,0,1,0,4,5
Bronte,13,0,1,0,2,1,0,0,3,1,0,5
Buddina,13,0,0,0,2,1,1,0,1,0,5,3
Bunbury,13,0,1,0,1,1,0,0,4,0,0,6
Cairns North,13,0,0,0,2,3,0,0,1,0,2,5
Carina Heights,13,0,0,0,2,2,0,0,2,0,5,2
Caulfield,13,2,0,0,1,0,0,0,3,1,3,3
Centennial Park,13,0,0,0,2,3,1,0,2,0,2,3
Cheltenham,13,0,1,0,0,3,0,0,4,0,4,1
Condon,13,0,0,0,3,0,0,0,3,1,4,2
Coonabarabran,13,0,0,0,0,5,0,0,2,0,0,6
Deer Park,13,0,1,0,1,1,1,0,2,0,3,4
Deniliquin,13,0,0,0,1,3,0,0,4,0,2,3
Eastlakes,13,0,1,0,0,6,1,0,0,0,1,4
Everton Hills,13,0,0,0,2,0,0,0,3,0,2,6
Freshwater,13,0,0,0,3,1,1,0,3,0,2,3
Gateshead,13,0,0,0,3,4,0,0,1,0,0,5
Gray,13,1,0,0,0,3,0,0,1,0,6,2
Hinchinbrook,13,0,0,0,1,3,0,0,2,0,4,3
Jubilee Pocket,13,0,0,0,4,0,0,0,2,1,2,4
Kawungan,13,0,0,0,3,0,0,0,5,0,1,4
Kyabram,13,0,1,0,0,2,0,0,4,3,0,3
Lambton,13,2,0,0,0,4,0,0,2,0,2,3
Lara,13,0,1,0,4,0,0,0,4,0,1,3
Lidcombe,13,1,0,0,2,0,2,0,2,0,2,4
Matraville,13,0,0,0,0,4,1,0,0,0,3,5
Medowie,13,0,0,0,0,2,0,0,2,0,2,7
Mooroolbark,13,0,0,0,3,2,0,0,0,0,4,4
Mount Eliza,13,0,1,0,3,1,0,0,4,0,3,1
Mount Morgan,13,1,1,0,0,3,0,0,2,0,4,2
Nimbin,13,0,0,0,1,0,1,0,3,0,5,3
Nirimba,13,1,0,0,3,0,0,0,2,0,1,6
North Bondi,13,0,1,0,2,2,0,0,0,0,4,4
Northgate,13,1,0,0,1,0,0,0,2,1,4,4
Oak Flats,13,0,0,0,1,2,1,0,3,0,3,3
Oxley Vale,13,0,0,0,2,4,0,0,0,0,5,2
Padstow,13,0,0,1,0,1,0,0,4,0,3,4
Peregian Springs,13,1,0,0,0,1,0,0,4,1,3,3
Petersham,13,0,1,0,1,3,0,0,0,0,3,5
Pialba,13,0,1,0,2,2,1,0,1,0,0,6
Rosewood,13,0,0,0,1,2,1,0,1,1,3,4
Roxburgh Park,13,0,0,0,0,1,1,0,5,0,1,5
Salisbury,13,1,0,0,0,1,1,0,1,1,2,6
Seville Grove,13,0,0,0,2,3,0,0,1,0,3,4
Somerville,13,0,1,0,2,4,0,0,3,0,1,2
South Penrith,13,0,1,0,0,2,2,0,1,0,2,5
Spearwood,13,0,0,0,2,2,0,0,2,0,3,4
St Albans,13,1,1,0,0,2,0,0,6,0,1,2
St Leonards,13,0,0,0,3,3,1,0,1,0,3,2
Success,13,0,0,0,0,1,0,0,1,0,5,6
Sunnybank,13,0,0,0,2,2,0,0,1,1,2,5
Tenterfield,13,0,0,0,3,3,0,0,1,0,3,3
Terrigal,13,0,0,0,4,0,0,0,2,1,1,5
Thomastown,13,0,0,0,2,2,0,0,4,0,1,4
Tugun,13,0,0,0,0,0,0,0,2,0,2,9
Wandal,13,0,0,0,2,1,0,0,3,0,3,4
Warner,13,0,0,0,4,0,0,0,1,0,5,3
Warrawong,13,1,0,0,0,3,0,0,4,0,2,3
Waterford,13,0,0,0,3,0,0,0,4,0,2,4
Wauchope,13,0,0,1,3,2,0,0,0,1,1,5
Wentworth Falls,13,0,0,0,4,0,0,0,2,1,3,3
Windale,13,1,0,0,0,2,0,0,0,0,3,7
Yamanto,13,0,0,0,2,1,0,0,0,1,5,4
Yarrawonga,13,1,1,1,2,2,0,0,2,0,2,2
Zilzie,13,0,0,0,3,0,0,0,4,0,3,3
Adamstown,12,0,1,0,1,2,0,0,2,1,2,3
Albion,12,1,0,0,4,1,0,0,2,0,1,3
Alfredton,12,0,0,0,1,2,1,0,0,0,4,4
Alkimos,12,0,0,0,2,0,0,0,3,0,3,4
Ascot,12,1,0,0,1,1,1,0,1,1,3,3
Ashmont,12,0,0,0,0,3,0,0,2,1,1,5
Aubin Grove,12,2,0,0,0,1,0,0,3,0,4,2
Australind,12,0,0,0,4,0,0,0,1,1,2,4
Avenell Heights,12,0,0,0,0,3,0,0,2,1,2,4
Ballajura,12,2,0,0,1,1,0,0,2,1,3,2
Belmore,12,0,0,0,0,0,0,0,4,2,4,2
Bendigo,12,0,0,0,1,2,0,0,1,0,5,3
Bentleigh,12,1,0,0,0,0,0,0,3,0,3,5
Boyne Island,12,0,0,0,2,1,0,0,4,1,0,4
Branyan,12,0,0,1,2,0,0,0,1,1,3,4
Byron Bay,12,0,1,1,0,2,0,0,2,0,6,0
Cannon Hill,12,0,0,0,3,1,0,0,4,0,3,1
Cobar,12,0,0,0,2,3,0,0,0,0,5,2
Coombabah,12,0,0,0,1,0,0,0,2,0,5,4
Currumbin Waters,12,0,0,0,2,0,0,0,3,0,0,7
Dickson,12,0,0,0,1,3,0,0,3,0,3,2
Diggers Rest,12,1,0,0,0,2,0,0,3,0,2,4
Doncaster East,12,1,0,0,0,2,0,0,0,2,2,5
East Victoria Park,12,0,0,0,1,2,0,0,5,0,0,4
Eastwood,12,1,1,0,2,2,0,0,1,0,3,2
Eatons Hill,12,1,0,0,0,1,0,0,6,0,1,3
Elsternwick,12,1,1,1,2,0,1,0,2,0,3,1
Fernvale,12,0,0,0,1,0,0,0,3,0,3,5
Frenchs Forest,12,0,0,0,5,1,1,0,2,0,0,3
Geraldton,12,0,0,0,0,3,0,0,3,2,2,2
Girrawheen,12,0,0,0,2,0,1,0,3,0,4,2
Glenfield,12,1,0,0,1,2,0,0,0,2,3,3
Highett,12,0,0,0,2,2,0,0,2,0,1,5
Home Hill,12,0,0,0,3,0,1,0,4,0,3,1
Howard Springs,12,0,0,0,0,2,0,0,5,1,3,1
Humpty Doo,12,1,0,0,2,2,0,0,3,0,3,1
Karama,12,0,0,1,2,1,1,0,0,1,1,5
Kooringal,12,0,0,0,1,4,1,0,3,0,2,1
Kununurra,12,0,1,0,1,2,0,0,3,0,4,1
Kyneton,12,1,1,0,1,1,0,0,3,0,4,1
Lakelands,12,0,1,1,0,4,0,0,1,0,1,4
Leanyer,12,1,0,0,5,1,1,0,1,0,1,2
Leeton,12,0,0,0,0,5,0,0,3,1,2,1
Lethbridge Park,12,0,0,0,2,3,1,0,1,0,2,3
Macksville,12,0,0,0,0,1,0,0,4,0,3,4
Macleay Island,12,0,0,0,1,4,2,0,3,0,0,2
Mermaid Beach,12,0,0,0,1,1,1,0,2,0,3,4
Merriwa,12,0,0,1,1,1,0,0,2,0,5,2
Miles,12,1,0,0,3,3,0,0,0,0,2,3
Mount Waverley,12,0,2,0,2,0,0,0,6,0,0,2
Nollamara,12,0,1,0,0,0,1,0,5,0,4,1
Nuriootpa,12,0,0,0,4,2,1,0,2,1,1,1
Ocean Reef,12,0,0,0,3,2,0,0,2,0,1,4
Ormeau Hills,12,0,0,0,1,1,0,0,1,0,2,7
Palmyra,12,1,1,0,2,0,0,0,0,0,4,4
Penguin,12,2,0,0,3,1,0,0,3,0,3,0
Pimlico,12,0,0,0,5,1,0,0,1,0,0,5
Port Augusta,12,0,0,0,0,3,0,0,2,1,5,1
Rangeville,12,0,0,0,0,2,1,0,0,0,5,4
Revesby,12,0,0,0,3,2,1,0,1,0,4,1
Ridgewood,12,0,1,0,0,0,0,0,3,1,3,4
Riverview,12,0,0,0,0,2,0,0,2,0,3,5
Roma,12,0,0,0,0,2,0,0,1,0,4,5
Runcorn,12,1,0,0,1,1,0,0,2,1,1,5
Sandgate,12,0,1,0,5,1,0,0,1,0,1,3
Swansea,12,1,0,0,3,2,0,0,2,1,2,1
Telopea,12,0,0,0,0,2,0,0,3,0,1,6
Toorak,12,1,0,0,2,2,0,0,3,1,2,1
Townsville,12,0,0,0,0,2,1,0,4,0,4,1
Trinity Beach,12,0,0,0,2,1,0,0,2,0,5,2
Wagga Wagga,12,0,1,0,1,2,0,0,4,1,1,2
Wannanup,12,0,0,0,4,0,2,0,3,1,0,2
Wendouree,12,0,0,0,0,4,0,0,1,0,3,4
Whittington,12,0,0,0,0,3,0,0,4,1,3,1
Yass,12,0,0,0,3,1,0,0,2,0,5,1
Zetland,12,0,0,0,2,2,0,0,3,0,3,2
Aberglasslyn,11,0,0,0,0,2,0,0,5,1,2,1
Aitkenvale,11,0,1,0,0,1,0,0,2,1,2,4
Albany Creek,11,0,0,0,2,0,1,0,2,0,2,4
Aldinga Beach,11,2,0,0,2,0,1,0,0,0,4,2
Allenstown,11,0,0,0,0,3,0,0,0,1,3,4
Arundel,11,0,0,0,1,2,1,0,4,0,1,2
Ballarat East,11,0,1,0,1,3,2,0,1,0,0,3
Bardon,11,0,1,0,1,0,0,0,4,1,0,4
Beeliar,11,0,1,0,1,0,1,0,2,0,1,5
Bega,11,0,1,0,0,4,0,0,2,0,0,4
Biloela,11,1,0,0,0,2,0,0,1,0,4,3
Bondi Junction,11,0,0,0,0,4,0,0,4,1,0,2
Braddon,11,0,0,0,1,1,0,0,3,0,3,3
Bridgewater,11,0,0,0,1,2,0,0,2,0,0,6
Brisbane City,11,1,0,0,1,0,0,0,1,0,3,5
Burnett Heads,11,0,2,0,1,2,0,0,2,0,2,2
Calala,11,0,2,0,1,3,0,0,2,0,1,2
Caloundra West,11,0,0,0,1,0,0,0,3,0,4,3
Cameron Park,11,0,0,0,4,0,1,0,4,0,0,2
Camira,11,0,0,0,2,0,0,0,3,0,2,4
Camp Hill,11,0,1,0,1,2,0,0,2,0,3,2
Canterbury,11,0,0,0,3,1,0,0,4,0,2,1
Centenary Heights,11,0,0,0,0,1,2,0,2,0,3,3
Clyde,11,0,0,0,2,0,0,0,2,0,2,5
Cockatoo,11,0,0,0,1,1,0,0,3,0,3,3
Colac,11,0,0,0,1,3,1,0,1,0,4,1
Condell Park,11,1,1,0,0,1,0,0,2,0,2,4
Coodanup,11,0,0,0,0,1,1,0,2,0,4,3
Coolbellup,11,0,0,0,3,1,0,0,3,0,3,1
Cooloola Cove,11,0,0,0,1,0,1,0,3,1,1,4
Crows Nest,11,0,0,0,2,0,1,0,2,0,2,4
Currajong,11,0,0,3,2,0,0,0,1,0,2,3
Darlington,11,0,1,0,0,2,0,0,2,1,2,3
Davoren Park,11,0,0,0,0,2,0,0,5,0,0,4
Denham,11,0,0,0,3,2,0,0,1,0,5,0
Doolandella,11,1,0,0,0,1,0,0,3,0,1,5
Doveton,11,0,0,0,2,5,0,0,0,0,3,1
Dural,11,0,0,0,0,3,1,0,2,0,1,4
East Gosford,11,0,0,0,1,3,0,0,2,0,1,4
Edgeworth,11,0,0,0,2,3,0,0,3,0,2,1
Eimeo,11,0,0,0,1,0,0,0,2,1,3,4
Falcon,11,0,1,0,2,1,0,0,1,0,4,2
Forest Hill,11,0,0,0,2,5,0,0,2,0,1,1
Garbutt,11,0,0,1,0,2,0,0,2,0,5,1
Gin Gin,11,0,0,0,2,1,0,0,5,1,1,1
Glen Eden,11,0,1,0,2,1,0,0,2,0,2,3
Glenvale,11,0,1,0,0,1,1,0,1,1,2,4
Glenwood,11,0,0,0,0,1,1,0,3,0,3,3
Golden Bay,11,1,0,0,3,0,0,0,2,0,1,4
Hawthorn East,11,1,1,0,2,1,1,0,1,1,3,0
Heidelberg West,11,0,0,0,0,3,0,0,0,1,4,3
Hillarys,11,0,0,0,1,3,0,0,3,1,1,2
Hurstville,11,0,0,0,3,1,0,0,0,0,2,5
Keilor East,11,0,0,0,1,1,0,0,4,0,5,0
Kirrawee,11,0,0,0,1,1,0,0,2,1,2,4
Kogarah,11,1,0,0,1,1,0,0,2,0,2,4
Kooralbyn,11,0,0,0,2,2,0,0,2,1,2,2
Kurri Kurri,11,0,0,0,2,2,0,0,3,0,1,3
Lake Haven,11,0,0,0,1,3,0,0,3,0,3,1
Lake Illawarra,11,0,0,0,0,2,0,0,3,1,3,2
Lennox Head,11,0,0,0,1,0,0,0,3,1,2,4
Leumeah,11,0,1,0,0,2,0,0,2,0,0,6
Lismore,11,0,0,0,2,2,0,0,2,0,2,3
Lurnea,11,0,0,0,0,5,0,0,1,2,2,1
Lutwyche,11,0,1,0,1,1,0,0,2,1,2,3
Marangaroo,11,0,0,0,0,2,0,0,2,0,1,6
Maribyrnong,11,0,2,0,0,2,0,0,2,0,2,3
Minto,11,1,0,0,1,2,1,0,1,0,2,3
Mooroobool,11,0,0,0,0,2,0,0,1,1,2,5
Mount Druitt,11,0,0,0,0,3,1,0,1,2,3,1
Mount Pritchard,11,1,1,0,1,1,1,0,2,0,1,3
Mudgee,11,1,0,0,1,1,0,0,1,0,2,5
Mulgrave,11,0,1,0,1,0,0,0,3,0,3,3
Narrabeen,11,0,0,0,4,1,0,0,2,1,1,2
New Lambton,11,1,0,0,2,1,0,0,2,0,2,3
Nightcliff,11,0,0,0,2,0,0,0,3,0,2,4
North Nowra,11,0,0,0,1,1,1,0,3,0,2,3
Ormiston,11,0,0,0,3,0,0,0,3,0,3,2
Palmview,11,0,0,0,3,2,0,0,3,0,1,2
Penshurst,11,0,0,0,3,1,1,0,1,0,3,2
Point Vernon,11,0,0,0,2,2,0,0,0,1,3,3
Potts Point,11,0,0,0,1,3,1,0,3,0,1,2
Red Hill,11,0,0,0,1,2,0,0,4,0,3,1
Rooty Hill,11,0,1,0,0,2,1,0,3,0,2,2
Rose Bay,11,0,0,0,2,2,0,0,3,0,2,2
Rosslea,11,1,0,1,1,1,0,0,4,0,0,3
Rye,11,0,0,0,3,1,0,0,2,0,3,2
Safety Bay,11,0,0,0,0,0,1,0,5,2,2,1
South Bunbury,11,0,0,0,1,0,0,0,7,0,1,2
South West Rocks,11,0,1,0,1,2,0,0,3,1,2,1
South Windsor,11,0,0,0,1,1,0,0,1,0,4,4
Southside,11,0,0,0,1,0,0,0,2,0,1,7
Stanmore,11,0,2,0,0,0,1,0,2,1,2,3
Theodore,11,0,0,0,2,2,0,0,2,0,2,3
Toongabbie,11,2,0,0,0,3,0,0,2,0,1,3
Toowoomba City,11,0,0,0,0,1,1,0,5,0,2,2
Wavell Heights,11,0,0,0,2,2,1,0,2,0,1,3
West Kempsey,11,0,0,0,1,3,0,0,0,1,4,2
West Mackay,11,1,0,0,0,3,0,0,2,0,2,3
West Perth,11,0,1,0,1,1,1,0,1,0,5,1
Woombye,11,0,0,0,1,2,0,0,1,0,4,3
Woonona,11,0,0,0,1,0,0,0,2,0,2,6
Worrigee,11,0,1,0,1,2,0,0,3,0,0,4
Yarraville,11,0,0,0,2,1,1,0,2,1,2,2
Zuccoli,11,0,1,0,0,4,1,0,2,0,1,2
Albany,10,0,0,0,1,4,0,0,0,0,2,3
Albion Park,10,0,1,0,1,3,0,0,1,0,1,3
Asquith,10,0,0,0,0,2,0,0,2,2,0,4
Austral,10,0,0,0,2,0,0,0,2,0,4,2
Beachmere,10,0,0,0,2,1,0,0,2,1,2,2
Belconnen,10,0,0,0,0,1,0,0,0,0,4,5
Bentley Park,10,0,0,0,2,0,0,0,4,0,2,2
Boulder,10,0,0,0,0,1,0,0,2,1,1,5
Braybrook,10,0,0,0,0,3,0,0,2,0,1,4
Brendale,10,0,1,0,2,1,0,0,2,0,1,3
Bundaberg East,10,0,0,0,0,2,0,0,0,1,4,3
Burdell,10,0,0,0,2,0,0,0,0,1,2,5
Burnside,10,0,0,0,3,1,0,0,3,0,0,3
Calamvale,10,0,0,0,2,1,0,0,4,0,1,2
Carlton North,10,1,1,0,2,1,0,0,0,0,4,1
Carseldine,10,0,2,1,1,1,1,0,3,0,0,1
Casula,10,0,0,0,1,2,0,0,0,2,1,4
Chadstone,10,0,1,0,1,1,1,0,1,2,1,2
Churchill,10,0,1,0,1,2,0,0,1,0,1,4
Collinsville,10,0,0,0,1,0,1,0,2,0,5,1
Crestwood,10,0,1,0,0,4,0,0,3,0,0,2
Culburra Beach,10,0,0,0,0,3,0,0,3,1,2,1
Currimundi,10,0,0,0,0,1,0,0,0,0,2,7
Dalyellup,10,1,0,0,0,3,0,0,1,0,1,4
Darley,10,0,0,0,0,1,1,0,3,0,2,3
Darra,10,0,0,0,1,1,0,0,3,1,1,3
Eight Mile Plains,10,0,0,0,0,0,1,0,3,1,2,3
Endeavour Hills,10,0,0,0,3,1,0,0,2,0,0,4
Fitzgibbon,10,0,0,0,1,2,0,0,4,0,1,2
Forest Lodge,10,0,0,0,1,1,0,0,2,1,3,2
Frankston North,10,0,1,0,0,3,1,0,0,0,3,2
Geelong West,10,0,0,0,2,2,0,0,1,2,2,1
Gilston,10,0,0,0,1,1,0,0,1,0,3,4
Golden Square,10,0,0,0,1,3,0,0,0,0,2,4
Hastings,10,0,0,0,2,0,0,0,2,1,1,4
Hermit Park,10,0,0,0,0,3,0,0,1,1,3,2
Hillvue,10,0,0,0,0,3,0,0,4,0,2,1
Innes Park,10,0,0,0,1,0,0,0,5,1,1,2
Katherine,10,0,0,0,1,4,0,0,2,0,1,2
Kenwick,10,0,0,0,1,1,0,0,3,1,2,2
Kingsgrove,10,0,0,0,1,1,0,0,4,0,0,4
Kingsley,10,1,0,0,1,3,0,0,1,0,2,2
Kuranda,10,0,0,0,0,0,1,0,3,2,1,3
Kurunjang,10,0,0,0,0,1,3,0,1,0,2,3
Landsborough,10,0,0,0,1,1,1,0,3,0,2,2
Launceston,10,0,1,0,0,0,0,0,4,0,3,2
Lewisham,10,0,0,0,1,0,0,0,3,0,2,4
Lightning Ridge,10,0,0,0,2,3,0,0,2,0,2,1
Maidstone,10,0,1,0,1,0,0,0,2,1,2,3
Malvern,10,1,0,0,0,1,0,0,3,0,3,2
Marayong,10,0,0,0,0,1,0,0,2,2,3,2
Margaret River,10,0,1,0,0,0,1,0,1,0,5,2
Meadow Heights,10,0,1,0,0,1,0,0,3,0,2,3
Melton West,10,0,0,0,0,0,0,0,2,0,4,4
Menai,10,0,0,0,1,1,0,0,2,0,4,2
Moruya,10,1,0,0,0,0,0,0,1,0,2,6
Moulden,10,0,0,0,0,2,0,0,4,0,3,1
Mount Annan,10,0,0,0,0,1,0,0,1,0,1,7
Mount Martha,10,0,1,0,2,1,1,0,1,1,3,0
Mount Pleasant,10,0,0,0,1,2,0,0,4,0,2,1
Narellan,10,0,0,0,1,0,0,0,2,1,2,4
Narellan Vale,10,0,1,0,0,0,1,0,1,2,3,2
Newmarket,10,0,0,0,0,1,0,0,2,0,2,5
Noble Park,10,0,0,0,1,3,0,0,1,0,3,2
North Booval,10,0,0,0,0,0,0,0,2,1,2,5
North Tamworth,10,0,0,0,0,2,0,0,3,0,2,3
Officer,10,1,0,0,1,2,0,0,1,1,0,4
Piara Waters,10,1,0,0,0,0,0,0,4,0,2,3
Pinjarra,10,1,0,0,2,1,0,0,2,0,3,1
Prestons,10,0,0,0,1,0,0,0,2,0,4,3
Rosemeadow,10,0,0,0,1,1,1,0,1,1,2,3
Rozelle,10,0,0,0,3,2,0,0,0,0,3,2
Salisbury Downs,10,1,0,0,2,1,0,0,1,1,0,4
Silkstone,10,0,0,0,0,0,0,0,1,1,5,3
Strathfield,10,0,1,0,1,0,1,0,1,1,1,4
Swan Hill,10,0,0,0,1,0,2,0,3,0,1,3
Tarragindi,10,0,0,0,2,0,0,0,3,0,0,5
Tregear,10,0,0,0,1,2,0,0,1,0,3,3
Tumbi Umbi,10,1,1,0,0,0,0,0,1,1,3,3
Tweed Heads West,10,1,0,0,0,2,0,0,2,0,0,5
Two Rocks,10,0,1,0,2,2,1,0,0,0,2,2
Underwood,10,0,0,0,1,0,1,0,1,0,3,4
Upper Mount Gravatt,10,1,0,0,1,1,0,0,0,0,4,3
Uralla,10,0,1,0,0,1,0,0,1,1,4,2
Urraween,10,1,0,0,1,0,1,0,1,2,0,4
Walkerston,10,0,0,0,2,1,0,0,1,0,1,5
Warwick Farm,10,0,0,0,1,3,0,0,2,0,3,1
Watanobbi,10,0,0,0,0,0,2,0,2,0,1,5
Wentworthville,10,0,0,0,0,1,0,0,3,0,1,5
Westminster,10,0,0,0,2,1,0,0,1,0,2,4
Winmalee,10,0,0,0,1,1,0,0,2,0,3,3
Withers,10,0,1,0,0,1,0,0,3,1,1,3
Woodberry,10,0,0,0,0,3,0,0,2,1,2,2
Woodvale,10,0,0,0,2,1,1,0,0,1,2,3
Alphington,9,0,2,0,3,0,0,0,0,1,3,0
Atwell,9,1,0,0,2,0,0,0,2,0,1,3
Auchenflower,9,0,0,0,0,2,0,0,2,1,3,1
Augustine Heights,9,0,0,0,0,4,1,0,1,0,1,2
Balcatta,9,0,0,0,3,0,0,0,1,0,2,3
Barraba,9,0,0,0,1,0,0,0,4,0,1,3
Barrack Heights,9,0,0,0,0,1,1,0,3,0,0,4
Beckenham,9,0,0,0,1,1,0,0,0,0,1,6
Berkeley Vale,9,2,0,0,0,0,0,0,2,0,2,3
Berri,9,0,0,0,1,1,1,0,1,1,3,1
Blue Haven,9,0,0,0,0,2,0,0,1,0,2,4
Budgewoi,9,1,1,0,1,0,1,0,3,0,1,1
Carlisle,9,0,1,0,1,1,1,0,1,0,1,3
Carnegie,9,0,0,0,3,0,0,0,0,0,2,4
Carrington,9,0,0,0,1,2,0,0,2,0,1,3
Chester Hill,9,0,0,0,1,1,1,0,2,0,3,1
Childers,9,0,0,0,3,1,0,0,3,0,0,2
Chisholm,9,0,0,0,3,1,0,0,2,0,2,1
Clayton,9,2,0,0,0,0,0,0,2,0,2,3
Cloverdale,9,0,0,0,1,0,0,0,3,0,1,4
Coconut Grove,9,0,0,0,2,0,0,0,1,0,3,3
Cooroy,9,0,0,0,2,0,0,0,1,0,2,4
Curra,9,0,0,0,2,0,0,0,4,0,2,1
Darwin,9,0,0,0,2,2,0,0,2,0,1,2
Darwin City,9,0,0,0,3,3,0,0,0,0,2,1
Doubleview,9,0,0,0,2,1,0,0,3,0,1,2
Dromana,9,0,1,0,0,1,0,0,2,1,1,3
Earlville,9,0,0,0,1,3,0,0,1,0,0,4
East Ipswich,9,0,0,0,1,1,0,0,2,0,1,4
East Mackay,9,0,0,0,1,0,1,0,4,0,2,1
Eastgardens,9,0,0,0,2,0,1,0,1,0,0,5
Eli Waters,9,0,1,0,2,0,0,0,2,0,3,1
Elimbah,9,0,1,0,0,2,0,0,0,0,2,4
Emu Heights,9,0,0,0,1,0,1,0,3,0,0,4
Emu Plains,9,0,0,0,2,0,0,0,4,0,1,2
Eynesbury,9,0,0,0,1,1,0,0,4,0,1,2
Fawkner,9,0,0,0,0,1,1,0,1,1,4,1
Ferny Hills,9,0,2,0,1,2,0,0,2,0,2,0
Flemington,9,0,1,0,4,1,0,0,0,0,0,3
Flinders,9,1,0,0,0,1,0,0,2,1,0,4
Flora Hill,9,1,0,0,3,1,0,0,0,0,1,3
Floreat,9,1,0,0,2,0,0,0,0,1,3,2
Gladstone Central,9,0,1,0,0,4,0,0,1,0,0,3
Gloucester,9,0,0,0,1,3,0,0,1,2,2,0
Hampton,9,1,0,0,2,1,0,0,2,1,1,1
Hervey Bay,9,0,0,0,1,0,0,0,1,0,1,6
Highfields,9,0,1,0,1,0,1,0,2,0,2,2
Highton,9,0,1,0,2,0,0,0,1,1,1,3
Hillsdale,9,0,0,0,0,3,0,0,0,0,3,3
Hillside,9,1,0,0,1,2,0,0,2,0,2,1
Hobart,9,1,0,0,1,0,0,0,1,0,3,3
Inglewood,9,0,0,0,2,0,1,0,2,0,0,4
Innisfail,9,0,0,1,0,0,0,0,3,0,1,4
Jindalee,9,0,0,0,3,0,0,0,2,1,1,2
Kadina,9,0,0,0,1,0,0,0,3,0,1,4
Kalamunda,9,0,1,0,0,2,1,0,3,1,0,1
Kalgoorlie,9,0,1,0,3,0,0,0,2,0,2,1
Karalee,9,0,1,0,2,1,1,0,1,0,1,2
Kariong,9,0,0,0,2,1,0,0,3,1,1,1
Kelvin Grove,9,0,0,0,0,0,0,0,5,0,1,3
Kewarra Beach,9,0,0,0,3,0,0,0,3,1,2,0
Killarney Vale,9,1,1,0,0,2,0,0,0,0,1,4
Kilmore,9,1,0,0,1,2,0,0,3,0,1,1
Kings Meadows,9,0,0,0,2,2,1,0,1,0,1,2
Kingsford,9,0,1,0,3,1,0,0,0,0,1,3
Landsdale,9,0,0,0,2,1,0,0,2,0,2,2
Lane Cove,9,0,1,0,1,0,0,0,3,0,1,3
Lane Cove North,9,1,1,0,2,2,1,0,0,0,0,2
Little Mountain,9,0,1,0,2,1,0,0,1,1,2,1
Manjimup,9,0,0,0,0,1,0,0,5,0,0,3
Manoora,9,0,0,0,1,0,0,0,4,0,2,2
Meadowbrook,9,0,0,0,1,0,0,0,2,0,3,3
Melton,9,0,0,0,1,2,0,0,2,0,1,3
Midvale,9,0,0,0,1,3,1,0,1,0,2,1
Mitchelton,9,0,1,0,3,1,1,0,1,0,0,2
Mona Vale,9,1,0,0,1,3,0,0,1,0,0,3
Mordialloc,9,0,0,0,1,0,0,0,1,0,5,2
Morisset,9,1,0,0,0,2,0,0,1,1,0,4
Mortdale,9,0,1,0,0,2,0,0,2,0,2,2
Moss Vale,9,0,0,0,2,2,1,0,1,0,1,2
Mossman,9,0,0,0,1,0,0,0,3,0,1,4
Mount Austin,9,0,0,0,1,2,0,0,1,0,0,5
Mount Cotton,9,1,0,0,2,2,0,0,3,0,0,1
Mount Lawley,9,0,0,0,1,0,0,0,0,2,4,2
Mount Warrigal,9,0,0,0,0,0,0,0,2,0,3,4
Moura,9,0,0,0,1,0,2,0,2,0,0,4
Mowbray,9,0,0,0,1,4,0,0,2,1,0,1
Murrumbeena,9,0,0,0,1,2,0,0,4,0,0,2
Narre Warren South,9,0,0,0,0,1,0,0,1,0,4,3
Narrogin,9,0,0,0,0,3,0,0,0,0,2,4
Nathalia,9,1,0,0,0,2,0,0,1,1,1,3
Nelson Bay,9,0,0,0,1,2,0,0,3,0,2,1
Noranda,9,0,0,0,2,1,0,0,2,1,1,2
Norman Park,9,0,0,0,1,0,0,0,0,0,1,7
North Kellyville,9,0,1,0,0,1,0,0,3,0,1,3
North Toowoomba,9,0,0,0,0,1,0,0,1,1,3,3
Nunawading,9,0,0,0,3,4,0,0,0,0,1,1
Oakhurst,9,0,0,0,4,2,1,0,0,0,0,2
One Mile,9,0,0,0,2,1,0,0,0,0,2,4
Pambula,9,0,0,0,2,0,0,0,3,0,2,2
Picton,9,1,0,0,2,1,0,0,2,0,0,3
Port Kembla,9,0,0,0,2,1,0,0,2,2,1,1
Pyrmont,9,0,0,0,2,1,0,0,3,1,1,1
Queanbeyan,9,0,0,0,2,1,0,0,0,0,5,1
Queens Park,9,0,1,0,2,0,0,0,2,0,3,1
Quinns Rocks,9,1,0,0,4,1,0,0,0,0,1,2
Rockhampton City,9,0,0,0,1,1,1,0,0,1,2,3
Rokeby,9,0,0,0,0,1,0,0,3,1,3,1
Roselands,9,0,0,0,0,1,0,0,5,0,1,2
Shalvey,9,0,0,0,1,1,1,0,2,0,1,3
Southern River,9,0,0,0,1,1,1,0,2,0,2,2
St Peters,9,0,0,0,2,0,2,0,2,0,2,1
Tahmoor,9,0,0,0,0,1,0,0,2,1,3,2
Tanah Merah,9,0,1,0,0,1,0,0,3,0,2,2
Tannum Sands,9,0,0,0,2,0,0,0,3,0,2,2
Taringa,9,0,0,0,2,0,0,0,3,2,0,2
Tenambit,9,0,0,0,1,2,0,0,0,1,2,3
Teneriffe,9,0,0,0,4,0,0,0,1,0,2,2
Tin Can Bay,9,0,0,0,2,2,0,0,2,0,2,1
Tweed Heads,9,0,0,0,0,3,0,0,1,0,1,4
Urunga,9,1,0,0,2,0,0,0,0,0,3,3
Wembley,9,0,0,0,2,0,0,0,3,0,3,1
West Busselton,9,0,0,0,0,2,1,0,1,0,5,0
Wheelers Hill,9,0,0,0,1,1,0,0,2,0,2,3
Whyalla Stuart,9,0,0,0,1,2,0,0,3,0,1,2
Wiley Park,9,0,0,0,0,7,0,0,0,0,0,2
Willetton,9,0,1,0,0,1,0,0,3,0,3,1
Williamstown,9,0,0,0,1,1,0,0,1,0,2,4
Woolooware,9,0,1,0,0,1,0,0,3,0,1,3
Wurtulla,9,1,1,0,0,0,0,0,2,0,2,3
Yandina,9,1,0,0,2,2,0,0,2,1,1,0
Alstonville,8,0,0,0,1,1,0,0,1,1,3,1
Altona,8,0,0,0,0,0,0,0,2,0,3,3
Ashcroft,8,0,0,0,0,3,0,0,1,0,2,2
Attadale,8,0,1,0,1,1,0,0,4,0,0,1
Avondale,8,0,0,0,0,3,0,0,0,1,1,3
Avondale Heights,8,0,0,0,1,0,0,0,3,0,1,3
Bahrs Scrub,8,0,1,0,1,0,0,0,3,1,0,2
Barney Point,8,0,0,0,0,4,0,0,0,0,2,2
Beechboro,8,0,0,0,1,0,0,0,1,1,1,4
Beldon,8,0,1,0,2,0,0,0,1,0,2,2
Bellara,8,0,0,0,4,1,0,0,0,0,2,1
Bermagui,8,1,0,0,1,1,0,0,2,0,1,2
Birmingham Gardens,8,1,1,0,0,3,0,0,0,0,2,1
Blackett,8,0,0,0,0,2,0,0,2,0,0,4
Blackheath,8,0,0,0,1,1,0,0,1,0,0,5
Bolton Point,8,0,0,0,0,1,0,0,2,0,2,3
Broadmeadows,8,1,0,0,0,0,0,0,2,0,2,3
Bungalow,8,0,0,1,0,0,0,0,1,0,1,5
Burwood,8,0,0,0,0,2,0,0,3,0,0,3
Cable Beach,8,0,1,0,4,1,1,0,1,0,0,0
Cairns City,8,1,0,0,0,2,0,0,3,0,1,1
Camberwell,8,0,0,0,2,0,1,0,2,0,2,1
Carindale,8,0,0,0,0,1,0,0,3,0,1,3
Catherine Field,8,0,0,0,1,3,0,0,1,0,2,1
Chelsea,8,0,0,0,3,2,0,0,0,0,1,2
Chippendale,8,0,1,0,0,1,0,0,3,1,1,1
City Beach,8,0,0,0,1,0,2,0,3,0,2,0
Clifton Hill,8,1,0,0,1,0,0,0,2,0,2,2
Clifton Springs,8,0,1,0,0,0,0,0,2,0,2,3
Coolum Beach,8,0,0,0,1,0,1,0,1,0,3,2
Copacabana,8,0,0,0,0,0,0,0,3,0,0,5
Corowa,8,0,0,0,0,1,0,0,3,0,2,2
Cowes,8,1,0,0,3,1,0,0,1,0,1,1
Craigie,8,0,1,0,0,0,0,0,2,0,4,1
Croydon Park,8,0,0,0,2,0,0,0,3,0,0,3
Darlinghurst,8,0,0,0,0,0,0,0,1,0,4,3
Double Bay,8,0,1,0,1,1,1,0,3,0,1,0
Drysdale,8,1,0,0,1,0,0,0,5,0,1,0
Eagle Vale,8,0,1,0,2,2,0,0,1,0,2,0
East Geelong,8,0,0,0,2,1,0,0,1,0,0,4
East Toowoomba,8,0,0,0,0,2,0,0,3,0,3,0
Edens Landing,8,0,0,0,0,0,0,0,1,0,4,3
Elizabeth South,8,0,0,0,0,2,1,0,1,0,2,2
Eltham,8,0,0,0,0,1,1,0,2,0,3,1
Emu Park,8,0,0,0,1,0,0,0,2,1,1,3
Enfield,8,1,1,0,0,1,0,0,0,0,2,3
Erina,8,0,0,0,0,4,0,0,0,0,2,2
Erskine Park,8,0,0,0,1,0,0,0,3,0,1,3
Ettalong Beach,8,0,0,0,2,2,0,0,1,3,0,0
Fairfield West,8,0,0,0,1,2,0,0,2,0,1,2
Fairy Meadow,8,0,0,0,0,2,0,0,0,0,1,5
Ferny Grove,8,0,0,0,1,0,1,0,2,0,2,2
Five Dock,8,0,0,1,1,1,0,0,1,0,2,2
Frankston South,8,0,0,0,1,1,0,0,1,0,1,4
Gagebrook,8,0,0,0,0,2,0,0,3,0,1,2
Gailes,8,0,0,0,0,0,0,0,0,0,3,5
Glass House Mountains,8,1,0,0,2,1,0,0,3,1,0,0
Glen Waverley,8,0,0,0,1,1,0,0,0,0,3,3
Gold Coast,8,0,1,0,0,1,0,0,1,0,4,1
Golden Grove,8,1,0,0,0,3,0,0,0,0,1,3
Goondiwindi,8,0,0,0,0,1,0,0,1,0,3,3
Greenwich,8,0,0,0,2,1,0,0,1,0,2,2
Grovedale,8,1,1,0,1,1,2,0,0,1,1,0
Gulliver,8,0,1,0,0,1,1,0,1,0,1,3
Gunnedah,8,0,0,0,0,0,2,0,0,0,4,2
Hamilton South,8,0,1,0,0,2,0,0,1,0,1,3
Hammondville,8,0,0,0,1,3,0,0,1,0,0,3
Harkness,8,0,0,0,0,1,1,0,0,0,4,2
Harlaxton,8,1,0,0,0,1,0,0,2,0,1,3
Heathmont,8,0,0,0,2,2,0,0,2,0,1,1
Hebersham,8,0,0,0,0,1,1,0,1,0,5,0
Heidelberg Heights,8,0,0,0,3,1,0,0,2,1,0,1
Hilton,8,0,1,0,0,0,0,0,3,0,2,2
Jandowae,8,0,0,0,2,1,0,0,1,0,2,2
Jesmond,8,0,0,0,1,4,0,0,1,0,0,2
Kaleen,8,0,0,0,1,1,0,1,2,0,1,2
Kangaroo Flat,8,0,1,0,0,2,0,0,2,1,0,2
Kewdale,8,0,0,0,0,2,1,0,2,0,0,3
Killara,8,0,0,0,0,1,0,0,2,0,2,3
Kilsyth,8,0,0,0,0,4,0,0,2,0,2,0
Kincumber,8,0,0,0,1,1,0,0,0,0,2,4
Kings Park,8,0,0,0,2,1,0,0,1,1,0,3
Leppington,8,0,0,0,1,0,0,0,2,0,2,3
Lisarow,8,0,0,0,0,2,0,0,0,0,1,5
Lithgow,8,1,1,0,3,1,0,0,1,0,0,1
Logan Village,8,0,1,0,1,1,0,0,2,0,1,2
Long Jetty,8,0,0,0,0,2,0,0,1,0,1,4
Longford,8,0,0,0,1,1,0,0,2,0,2,2
Macquarie Park,8,1,0,0,0,1,0,0,2,0,3,1
Magill,8,0,0,0,0,2,0,0,1,0,3,2
Malak,8,0,0,0,1,3,0,0,0,0,3,1
Manilla,8,0,1,0,0,0,0,0,1,0,1,5
Mannering Park,8,0,0,0,0,2,1,0,2,0,2,1
Marsden Park,8,1,0,0,1,0,1,0,1,0,2,2
Maryland,8,0,0,0,2,1,1,0,1,1,1,1
Meadow Springs,8,1,0,0,0,0,0,0,2,0,1,4
Midland,8,0,0,0,2,1,1,0,1,0,1,2
Miller,8,1,0,0,1,3,0,0,1,0,0,2
Milton,8,0,1,0,3,0,1,0,1,0,2,0
Mirrabooka,8,0,0,0,0,0,0,0,2,1,2,3
Mitcham,8,0,1,0,2,0,0,0,1,0,1,3
Mooloolah Valley,8,0,0,0,1,1,1,0,4,0,0,1
Mount Duneed,8,0,0,1,2,0,0,0,0,1,1,3
Mount Gravatt,8,0,0,0,1,1,0,0,1,0,1,4
Mount Julian,8,0,0,0,2,1,0,0,3,0,0,2
Mudjimba,8,0,0,0,1,1,0,0,3,0,1,2
Mundubbera,8,0,0,0,3,1,0,0,1,0,0,3
Munno Para,8,1,0,0,2,1,1,0,1,0,1,1
Nairne,8,0,0,0,2,0,0,0,1,0,1,4
Narrabri,8,0,0,0,2,0,0,0,2,0,2,2
Narromine,8,0,0,0,0,2,0,0,0,0,3,3
Nelly Bay,8,1,0,0,0,0,1,0,3,0,1,2
New Norfolk,8,0,1,0,0,2,0,0,2,0,2,1
North Bendigo,8,0,0,0,2,2,0,0,1,0,1,2
North Sydney,8,1,0,0,0,0,1,0,4,0,1,1
Palm Cove,8,0,0,0,0,0,0,0,2,2,0,4
Parkdale,8,3,1,0,1,1,0,0,1,0,0,1
Picnic Point,8,0,0,0,2,2,0,0,0,1,1,2
Pottsville,8,0,0,0,2,1,1,0,0,0,1,3
Pymble,8,0,0,0,2,1,0,0,4,0,0,1
Rapid Creek,8,0,0,0,1,4,0,0,0,1,1,1
Reedy Creek,8,0,0,0,0,0,0,0,1,1,2,4
Richlands,8,1,0,1,1,0,0,0,2,0,2,1
Rosanna,8,0,1,0,3,1,0,0,2,0,0,1
Rouse Hill,8,0,1,0,1,0,0,0,3,0,1,2
Safety Beach,8,0,0,0,0,1,0,0,3,0,2,2
Saint Clair,8,0,0,0,1,2,0,0,0,0,5,0
Sandringham,8,0,0,0,1,0,0,0,2,0,1,4
Scarness,8,1,1,0,0,3,0,0,1,1,0,1
Seaton,8,0,0,0,0,2,0,0,0,0,3,3
Shorewell Park,8,0,0,0,1,2,1,0,0,0,1,3
Skye,8,1,2,0,1,1,0,0,1,0,0,2
Smithton,8,0,0,0,0,1,0,0,2,2,2,1
Spring Farm,8,0,0,0,2,0,0,0,2,0,2,2
St Ives,8,0,1,0,2,0,0,0,1,0,1,3
Stockton,8,0,0,0,0,1,0,0,1,0,3,3
Stuart Park,8,0,0,0,1,2,1,0,2,0,2,0
Summer Hill,8,1,0,0,2,0,2,0,1,0,0,2
Sun Valley,8,1,1,0,1,1,0,0,1,0,1,2
Swan View,8,0,0,0,1,0,1,0,1,0,3,2
Sylvania,8,0,0,0,2,1,0,0,1,0,2,2
Tamborine,8,0,0,0,1,0,0,0,2,0,1,4
Tanunda,8,0,0,0,4,0,0,0,1,0,3,0
Tapping,8,0,0,0,0,0,0,0,3,0,1,4
Telarah,8,0,0,0,0,2,0,0,1,0,1,4
Templestowe Lower,8,0,1,0,2,1,1,0,0,0,2,1
Thirlmere,8,0,0,0,1,0,1,0,1,0,2,3
Toukley,8,0,0,0,0,1,0,0,1,0,2,4
Turramurra,8,1,0,0,0,0,0,0,1,1,1,4
Unanderra,8,1,0,0,0,3,0,0,0,0,3,1
Wahroonga,8,0,0,0,1,0,0,0,3,0,2,2
Wamuran,8,0,0,0,1,0,0,0,3,0,1,3
Wantirna South,8,0,0,0,0,0,0,0,3,1,1,3
Wellington,8,1,0,0,0,0,0,0,0,0,3,4
West Gosford,8,0,0,0,0,4,1,0,1,0,0,2
West Rockhampton,8,0,0,0,1,1,0,0,2,1,0,3
West Ryde,8,0,0,0,1,0,1,0,3,0,3,0
Westcourt,8,0,0,0,0,2,0,0,0,0,3,3
Wickham,8,0,1,0,0,0,1,0,2,1,3,0
Woongarrah,8,0,0,0,0,0,0,0,1,0,4,3
Airlie Beach,7,0,0,0,2,1,0,0,3,0,0,1
Albury,7,0,0,0,0,0,0,0,1,0,1,5
Anstead,7,0,0,0,0,0,1,0,0,1,1,4
Avalon Beach,7,0,0,0,1,3,0,0,1,0,2,0
Bacchus Marsh,7,0,2,0,0,0,0,0,2,0,2,1
Bakewell,7,0,0,0,0,1,1,0,0,0,3,2
Balaclava,7,0,0,0,0,2,0,0,2,0,2,1
Balwyn,7,0,1,0,1,0,0,0,1,1,2,1
Banks,7,0,0,0,0,3,0,0,1,0,1,2
Bannockburn,7,0,0,0,0,0,0,0,1,0,3,3
Baringa,7,0,0,0,0,2,0,0,1,0,1,3
Bell Park,7,0,0,0,2,1,0,0,0,0,1,3
Belmont North,7,0,0,0,0,1,0,0,0,0,3,3
Benalla,7,1,0,0,0,1,0,0,3,0,2,0
Benowa,7,0,0,0,1,2,0,0,2,0,1,1
Bertram,7,0,0,0,2,0,0,0,1,0,2,2
Beveridge,7,0,0,0,3,1,0,0,1,1,1,0
Beverly Hills,7,0,0,0,0,0,1,0,1,0,1,4
Bibra Lake,7,0,2,0,0,1,0,0,2,0,1,1
Blackburn,7,0,1,0,0,1,0,0,4,0,1,0
Blackbutt,7,0,0,0,0,0,0,0,4,0,2,1
Blayney,7,0,0,0,0,0,2,0,2,0,2,1
Bogangar,7,0,0,1,2,1,0,0,0,0,2,1
Bohle,7,0,0,0,2,4,0,0,0,0,0,1
Bokarina,7,0,0,0,1,0,0,0,1,0,2,3
Bonnells Bay,7,0,0,0,2,1,0,0,1,0,1,2
Bridgetown,7,0,0,1,1,0,1,0,1,1,0,2
Brunswick Heads,7,0,0,0,0,2,0,0,1,0,3,1
Bulimba,7,0,1,0,1,0,0,0,1,0,0,4
Bulleen,7,0,0,0,1,1,0,0,0,0,3,2
Bullsbrook,7,0,1,0,1,0,0,0,0,0,2,3
Burnie,7,0,0,0,0,0,0,0,1,0,1,5
Calwell,7,0,1,0,0,3,1,0,0,0,2,0
Canadian,7,0,0,0,2,1,0,0,2,0,0,2
Carramar,7,1,1,0,0,1,0,0,2,1,0,1
Casey,7,0,0,0,2,0,0,0,4,1,0,0
Chambers Flat,7,0,0,0,0,1,0,0,2,0,0,4
Charmhaven,7,0,0,0,2,0,0,0,2,0,2,1
Chatswood,7,0,0,1,0,1,0,0,3,0,2,0
Chipping Norton,7,0,0,0,2,1,1,0,1,1,0,1
Christie Downs,7,0,0,0,1,3,0,0,2,0,0,1
Clarence Town,7,0,0,0,1,1,0,0,1,0,0,4
Coburg North,7,0,2,0,3,1,0,0,0,0,1,0
Coolalinga,7,0,0,0,2,1,0,0,2,0,0,2
Coolangatta,7,1,0,0,0,0,0,0,0,0,1,5
Cooran,7,1,0,0,1,1,0,0,2,0,1,1
Corrimal,7,0,1,0,0,1,0,0,0,0,1,4
Cromer,7,0,0,0,2,1,0,0,2,0,0,2
Darling Heights,7,1,0,0,1,2,0,0,1,0,0,2
Denmark,7,0,0,0,1,0,0,0,1,2,0,3
Dunolly,7,0,0,0,1,2,0,0,2,1,1,0
Eaglehawk,7,0,0,0,1,0,0,0,1,1,1,3
East Ballina,7,0,1,0,0,0,1,0,2,1,1,1
East Brisbane,7,0,0,0,2,0,0,0,1,0,1,3
East Bunbury,7,0,1,0,0,2,0,0,0,0,1,3
East Corrimal,7,0,0,0,1,1,0,0,1,0,2,2
East Tamworth,7,0,0,0,0,1,1,0,2,0,1,2
Eden,7,0,1,0,0,1,0,0,3,0,1,1
Edmondson Park,7,1,0,0,1,0,0,0,2,1,0,2
Elizabeth Park,7,0,0,0,2,1,0,0,1,1,2,0
Fannie Bay,7,0,1,0,2,0,1,0,1,0,1,1
Forestville,7,0,0,0,1,2,0,0,0,0,2,2
Franklin,7,0,0,0,2,0,1,0,1,0,1,2
Gaythorne,7,0,1,0,0,0,1,0,2,0,0,3
Geebung,7,0,0,0,1,1,0,0,1,0,1,3
George Town,7,0,0,0,1,1,2,0,0,0,1,2
Gladstone Park,7,0,0,0,0,0,0,0,1,0,3,3
Gledswood Hills,7,0,0,0,0,1,0,0,1,0,2,3
Glendale,7,0,0,0,0,2,0,0,1,0,1,3
Googong,7,0,0,0,0,1,0,0,3,0,1,2
Greenwood,7,1,0,0,2,1,0,0,1,0,0,2
Guyra,7,0,0,0,0,0,0,0,1,0,4,2
Halls Head,7,0,0,0,1,0,0,0,3,0,3,0
Hamersley,7,1,0,0,3,0,0,0,1,0,0,2
Harrington,7,0,0,0,0,1,0,0,1,0,0,5
Healesville,7,0,0,0,0,1,0,0,3,0,1,2
Heidelberg,7,0,0,0,3,0,0,0,1,0,2,1
Heritage Park,7,0,0,0,2,1,0,0,1,1,2,0
Hill Top,7,0,0,0,1,1,1,0,0,0,2,2
Howard,7,0,0,0,1,0,1,0,4,0,0,1
Howrah,7,0,0,0,1,0,0,0,2,0,2,2
Idalia,7,0,0,0,2,0,0,0,0,0,4,1
Iluka,7,0,1,0,0,2,0,0,1,0,2,1
Ingle Farm,7,0,0,0,0,1,0,0,2,0,2,2
Jericho,7,0,0,0,0,1,1,0,3,0,1,1
Jindabyne,7,0,0,0,2,0,0,0,2,0,1,2
Joondalup,7,0,0,0,0,3,0,0,2,0,1,1
Junee,7,0,0,0,0,0,0,0,1,0,4,2
Karabar,7,0,0,0,0,1,0,0,2,0,1,3
Kiara,7,0,0,0,1,1,0,0,2,0,1,2
Kilburn,7,0,0,0,0,1,0,0,0,0,0,6
Kings Langley,7,0,0,0,0,0,0,0,2,0,4,1
Koonawarra,7,0,0,1,2,1,0,0,0,0,0,3
Leongatha,7,0,0,0,1,2,0,0,1,0,3,0
Lockridge,7,0,0,0,0,0,1,0,0,0,1,5
Maclean,7,0,0,0,1,1,0,0,2,0,0,3
Maddingley,7,0,0,0,1,0,0,0,2,0,2,2
Maitland,7,0,0,0,1,0,0,0,1,0,0,5
Manunda,7,0,0,0,2,1,0,0,1,0,2,1
Marian,7,1,0,0,1,0,0,0,3,0,2,0
Maudsland,7,0,0,0,2,0,0,0,1,1,1,2
Mawson Lakes,7,0,0,0,0,0,0,0,1,0,3,3
Mentone,7,1,1,0,2,1,0,0,1,0,0,1
Merrimac,7,0,0,0,0,3,0,0,1,0,0,3
Middle Ridge,7,0,0,0,0,0,0,0,2,0,2,3
Middleton Grange,7,0,0,0,1,1,0,0,1,1,1,2
Mission Beach,7,0,0,0,1,0,1,0,0,0,3,2
Mittagong,7,0,2,0,0,2,0,0,1,1,0,1
Montmorency,7,0,0,0,1,1,0,0,3,0,0,2
Mount Warren Park,7,0,0,0,0,1,0,0,1,0,1,4
Narooma,7,0,0,0,0,3,0,0,1,1,0,2
Narraweena,7,0,0,0,0,2,0,0,2,0,0,3
Newman,7,0,0,0,0,0,1,0,0,0,1,5
Niagara Park,7,0,0,0,2,0,0,0,1,0,2,2
Noosa Heads,7,0,1,0,0,0,0,0,2,0,1,3
Noosaville,7,0,0,0,1,0,0,0,2,0,1,3
North Lambton,7,0,0,0,0,1,1,0,0,0,3,2
North Maclean,7,0,0,0,0,1,0,0,1,0,1,4
North Richmond,7,0,0,0,0,2,0,0,2,0,2,1
North Rothbury,7,0,0,0,0,0,0,0,4,0,1,2
North Ryde,7,0,0,0,1,3,0,0,1,0,0,2
Nudgee,7,0,0,0,1,0,0,0,2,1,1,2
Orbost,7,0,0,0,1,1,1,0,3,0,0,1
Ottoway,7,0,0,0,2,2,0,0,0,0,2,1
Oxley Park,7,0,0,0,1,1,0,0,1,0,1,3
Pacific Paradise,7,1,1,0,1,1,0,0,0,0,2,1
Paradise Point,7,0,1,0,1,1,0,0,0,0,3,1
Parkhurst,7,0,0,0,2,0,0,0,1,0,2,2
Paxton,7,1,0,0,2,1,0,0,0,0,1,2
Pittsworth,7,0,0,0,2,0,0,0,4,0,0,1
Port Sorell,7,0,0,0,1,0,0,0,4,0,2,0
Raby,7,0,0,0,1,0,1,0,0,0,2,3
Ravenshoe,7,0,0,0,1,1,0,0,3,0,1,1
Redhead,7,0,1,0,1,1,1,0,1,0,0,2
Regency Downs,7,0,0,0,0,0,0,0,4,0,0,3
Rockbank,7,0,0,0,0,0,0,0,3,0,3,1
Rosewater,7,0,0,0,1,0,0,0,1,1,3,1
Seddon,7,0,0,0,1,0,0,0,4,0,1,1
Shortland,7,0,0,0,2,0,0,0,0,0,2,3
South Hobart,7,0,0,0,0,0,0,0,2,1,2,2
South Kempsey,7,0,0,0,0,3,0,0,1,0,2,1
South Lismore,7,0,0,0,0,1,0,0,0,1,4,1
South Nanango,7,0,0,1,1,2,0,0,2,0,1,0
South Perth,7,0,0,0,0,1,0,0,2,0,0,4
Spalding,7,0,0,0,0,1,1,0,0,1,3,1
St Mary'S,7,0,0,0,1,3,0,0,0,0,1,2
Stones Corner,7,0,0,0,0,0,0,0,1,0,2,4
Stratford,7,0,0,0,1,0,1,0,2,0,2,1
Stratton,7,0,1,1,0,0,0,0,0,0,0,5
Sutherland,7,2,1,0,0,1,0,0,1,1,1,0
Taigum,7,1,0,0,0,0,0,0,1,1,2,2
Tallebudgera,7,0,0,0,1,0,0,0,3,0,0,3
The Entrance,7,0,0,0,0,2,0,0,1,0,2,2
The Ponds,7,0,0,0,1,1,1,0,1,0,1,2
The Range,7,0,0,0,5,0,0,0,0,0,2,0
Thorneside,7,0,0,1,0,1,0,0,2,1,0,2
Tinana,7,1,0,0,0,0,0,0,1,0,3,2
Toogoom,7,0,0,0,1,1,0,0,1,0,4,0
Trevallyn,7,0,0,0,2,0,0,0,0,1,2,2
Tully,7,1,0,0,0,1,0,0,0,0,3,2
Tyabb,7,0,0,0,2,0,0,0,4,1,0,0
Ulverstone,7,0,0,0,1,3,0,0,0,0,0,3
Upper Kedron,7,0,0,0,1,0,0,0,2,0,1,3
Vaucluse,7,0,0,0,0,0,0,0,4,0,0,3
Villawood,7,0,0,0,0,1,0,0,1,0,0,5
Vincent,7,0,1,1,0,1,0,0,0,1,2,1
Wamberal,7,0,0,0,0,1,0,0,2,0,1,3
Waratah West,7,0,0,0,0,3,0,0,1,1,1,1
Warners Bay,7,0,1,0,1,1,0,0,2,0,0,2
Waroona,7,1,0,0,2,1,0,0,3,0,0,0
Watson,7,0,0,0,0,2,0,0,2,0,1,2
West Croydon,7,0,0,0,1,1,0,0,2,0,1,2
West Leederville,7,0,1,0,2,1,0,0,1,0,2,0
West Melbourne,7,0,0,0,1,0,0,0,3,0,2,1
Westmead,7,0,1,0,1,0,0,0,1,0,0,4
Wheeler Heights,7,0,0,0,0,1,0,0,2,0,2,2
Willoughby,7,0,0,0,0,0,0,0,1,0,2,4
Wilsonton Heights,7,0,0,0,1,3,0,0,1,0,0,2
Winston Hills,7,0,0,0,3,0,0,0,1,0,0,3
Wonthaggi,7,0,0,0,0,2,0,0,3,1,1,0
Woodford,7,0,0,0,1,1,1,0,1,1,1,1
Worongary,7,0,0,1,1,0,0,0,2,0,1,2
Wyongah,7,0,0,0,0,1,0,0,0,2,2,2
Yulara,7,0,0,0,1,1,0,0,2,0,1,2
Airport West,6,1,0,0,1,1,0,0,0,0,1,2
Alligator Creek,6,0,0,0,0,1,0,0,0,1,1,3
Applecross,6,0,1,0,2,0,0,0,1,0,1,1
Artarmon,6,0,1,0,2,1,0,0,0,0,1,1
Ashburton,6,0,1,0,1,2,0,0,1,0,1,0
Ballan,6,0,0,0,1,2,0,0,2,0,1,0
Bangor,6,2,0,0,0,0,0,0,0,0,1,3
Banksia Park,6,0,0,0,0,1,0,0,0,1,3,1
Beaumaris,6,0,0,0,1,1,0,0,0,0,2,2
Bedford,6,0,0,0,1,3,0,0,0,0,0,2
Belgrave,6,1,0,0,1,0,0,0,1,0,2,1
Bella Vista,6,0,0,0,1,0,0,0,5,0,0,0
Blackalls Park,6,0,0,0,3,0,0,0,0,0,0,3
Blair Athol,6,0,0,0,0,0,0,0,4,0,1,1
Bluewater,6,0,0,0,1,1,0,0,2,2,0,0
Brabham,6,0,1,0,1,0,0,0,1,0,2,1
Brinsmead,6,0,0,0,1,0,0,0,1,0,1,3
Brookdale,6,0,0,0,2,0,0,0,0,1,1,2
Bucca,6,0,0,0,1,0,0,0,3,0,1,1
Busby,6,0,0,0,0,2,0,0,0,1,0,3
Cabramatta,6,1,0,0,0,1,0,0,2,1,0,1
Camillo,6,0,0,0,0,1,1,0,1,0,3,0
Canley Heights,6,0,0,0,0,0,0,0,1,0,0,5
Canton Beach,6,2,0,0,1,0,0,0,2,1,0,0
Capel Sound,6,0,0,0,0,3,0,0,0,0,2,1
Caringbah South,6,1,0,0,2,0,0,0,2,0,0,1
Caroline Springs,6,0,0,0,2,0,0,0,0,1,1,2
Cartwright,6,0,0,0,0,1,0,0,0,0,1,4
Castlemaine,6,0,0,0,2,1,0,0,0,0,3,0
Catalina,6,0,1,0,1,1,1,0,1,0,0,1
Charters Towers City,6,0,0,0,1,2,0,0,0,0,1,2
Chirnside Park,6,0,1,0,2,0,0,0,0,0,1,2
Christies Beach,6,0,0,0,0,2,0,0,1,0,2,1
Claymore,6,0,1,0,0,2,0,0,0,1,1,1
Colyton,6,0,1,0,1,2,0,0,0,0,1,1
Condamine,6,1,0,0,2,0,0,0,1,0,1,1
Condobolin,6,0,0,0,0,0,1,0,2,1,1,1
Cooks Hill,6,0,0,0,0,0,0,0,2,0,2,2
Cooranbong,6,0,0,0,1,1,0,0,1,0,2,1
Cordalba,6,0,0,0,0,1,1,0,0,0,2,2
Corlette,6,0,0,0,0,1,0,0,3,0,1,1
Cornubia,6,0,0,0,0,0,1,0,3,0,1,1
Cotswold Hills,6,0,0,0,0,1,0,0,4,0,1,0
Cottesloe,6,0,0,0,2,1,0,0,1,0,0,2
Coutts Crossing,6,0,0,0,1,1,0,0,2,0,1,1
Croydon North,6,0,0,0,2,0,0,0,0,0,0,4
Dayton,6,0,0,0,0,1,1,0,0,0,3,1
Deloraine,6,0,0,0,0,0,0,0,1,1,2,2
Dunlop,6,0,1,0,0,1,0,0,3,0,0,1
Dunsborough,6,0,0,0,1,1,0,0,0,0,4,0
Dutton Park,6,0,0,0,0,1,1,0,1,0,0,3
East Innisfail,6,0,0,0,1,1,0,0,1,0,3,0
Ebenezer,6,1,0,0,2,0,0,0,1,0,0,2
Eglinton,6,0,0,0,1,0,1,0,1,0,2,1
Elizabeth Bay,6,0,0,0,2,0,1,0,0,0,1,2
Enmore,6,0,0,0,0,0,0,0,3,0,2,1
Erskine,6,0,0,0,2,1,0,0,2,0,1,0
Eschol Park,6,0,0,0,1,0,0,0,1,0,1,3
Esk,6,0,0,0,0,0,0,0,2,0,3,1
Fern Bay,6,1,0,0,1,0,1,0,2,0,0,1
Ferndale,6,0,0,0,1,0,0,0,2,0,1,2
Fletcher,6,0,0,0,0,2,0,0,1,0,2,1
Flinders View,6,0,0,0,0,1,0,0,3,0,2,0
Gawler South,6,0,1,0,0,0,0,0,0,1,0,4
Georgetown,6,0,0,0,2,0,0,0,2,0,0,2
Gillen,6,0,0,0,0,2,0,0,1,0,0,3
Gladesville,6,1,0,0,0,1,0,0,0,2,0,2
Glenella,6,0,0,0,0,2,0,0,1,1,2,0
Golden Beach,6,0,0,0,1,1,0,0,1,0,1,2
Green Point,6,0,1,0,1,1,0,0,0,1,0,2
Greenvale,6,1,0,0,0,1,0,0,2,0,1,1
Gregory Hills,6,0,0,0,0,1,0,0,1,0,0,4
Hackett,6,0,0,0,2,2,0,0,2,0,0,0
Hallam,6,1,0,0,0,1,0,0,1,0,2,1
Hamilton Island,6,0,0,0,3,0,0,0,0,0,0,3
Harrisdale,6,1,0,0,1,2,0,0,0,0,0,2
Heathcote,6,0,0,1,2,1,0,0,2,0,0,0
Heathridge,6,0,0,0,2,1,1,0,0,0,0,2
Henley Beach,6,0,0,0,0,0,0,0,2,1,1,2
Holt,6,0,1,0,2,1,1,0,0,0,0,1
Horse Camp,6,0,0,0,0,1,0,0,2,0,0,3
Huntfield Heights,6,0,0,0,1,0,0,0,1,1,0,3
Hurlstone Park,6,0,0,0,2,1,0,0,0,1,1,1
Imbil,6,0,0,0,0,1,0,0,1,1,1,2
Innaloo,6,0,0,0,0,2,0,0,1,0,2,1
Invermay,6,1,0,0,1,2,0,0,0,0,0,2
Irymple,6,0,0,0,1,0,0,0,4,0,1,0
Jacobs Well,6,0,0,0,1,1,0,0,1,0,2,1
Joondanna,6,1,0,0,2,1,0,0,1,1,0,0
Joyner,6,0,0,0,2,0,0,0,1,0,1,2
Kahibah,6,0,0,0,0,2,0,0,1,0,3,0
Kalkallo,6,0,0,0,0,3,0,0,1,0,0,2
Kanwal,6,0,0,0,0,1,1,0,1,0,1,2
Katherine East,6,0,0,0,0,2,0,0,3,0,1,0
Kempsey,6,0,0,0,0,1,0,0,0,0,1,4
Kiama,6,0,0,0,0,2,0,0,1,0,2,1
Kidman Park,6,0,0,0,1,0,0,0,2,0,3,0
Kin Kora,6,0,0,0,0,1,0,0,2,0,2,1
Kingsthorpe,6,1,0,0,0,1,0,0,2,0,1,1
Kirkwood,6,0,1,0,1,0,0,0,1,0,1,2
Korora,6,0,0,0,0,1,1,0,1,0,0,3
Kuraby,6,0,0,0,0,0,0,0,2,0,1,3
Laidley,6,0,0,0,0,2,0,0,1,0,2,1
Lake Munmorah,6,0,0,0,0,0,1,0,1,0,2,2
Lansdowne,6,0,0,0,2,1,0,0,1,0,1,1
Latrobe,6,0,0,0,0,0,0,0,2,0,1,3
Leda,6,0,0,0,0,0,2,0,0,1,1,2
Lemon Tree Passage,6,0,0,0,0,1,0,0,0,0,0,5
Leopold,6,0,0,0,1,0,0,0,1,0,0,4
Lockleys,6,0,1,0,0,1,0,0,0,0,3,1
Lutana,6,0,0,0,1,1,1,0,0,0,1,2
Macgregor,6,0,0,0,0,1,0,0,2,0,1,2
Maffra,6,1,0,0,0,2,0,0,0,0,0,3
Marsfield,6,1,0,0,2,0,1,0,0,0,0,2
Medina,6,0,1,0,0,1,0,0,1,1,2,0
Meekatharra,6,0,0,0,1,1,0,0,0,0,3,1
Metford,6,0,0,0,1,2,0,0,1,0,0,2
Middle Swan,6,0,0,0,0,4,0,0,0,0,0,2
Modbury,6,0,0,0,0,1,0,0,1,0,1,3
Moffat Beach,6,0,2,0,0,0,0,0,0,0,1,3
Moil,6,1,0,0,2,1,0,0,0,0,0,2
Moonah,6,1,0,0,2,1,0,0,1,0,1,0
Moora,6,0,0,1,0,2,0,0,0,0,1,2
Morven,6,0,0,0,2,0,0,0,1,1,0,2
Mosman,6,0,1,0,0,0,0,0,1,2,1,1
Mount Hutton,6,0,1,0,0,1,1,0,1,0,0,2
Mundingburra,6,0,0,0,1,0,0,0,2,1,2,0
Murgon,6,0,0,0,2,0,0,0,2,0,2,0
Narrandera,6,0,0,0,0,0,0,0,1,0,2,3
Natimuk,6,0,2,0,3,0,0,0,1,0,0,0
Nebo,6,0,0,0,1,2,0,0,0,0,1,2
Nedlands,6,0,0,0,1,1,0,0,2,0,1,1
New Town,6,0,1,0,0,0,0,0,1,0,1,3
Newcomb,6,0,0,0,2,0,0,0,2,0,2,0
Newington,6,0,0,0,0,0,0,0,4,0,1,1
Newnham,6,0,0,0,0,0,2,0,1,1,2,0
North Narrabeen,6,0,0,0,1,0,0,0,2,0,1,2
Northmead,6,0,0,0,3,0,0,0,0,0,3,0
Ormond,6,1,0,0,2,1,0,0,1,0,0,1
Ourimbah,6,0,0,0,0,1,0,0,0,0,2,3
Padbury,6,0,0,0,0,0,0,0,0,0,4,2
Parramatta Park,6,0,1,0,0,1,0,0,2,0,1,1
Pascoe Vale South,6,1,0,0,1,0,0,0,3,0,1,0
Peak Hill,6,0,0,1,1,2,1,0,0,0,1,0
Pearce,6,0,1,0,0,0,0,0,2,0,2,1
Pearsall,6,0,0,0,2,3,0,0,0,0,1,0
Point Clare,6,0,0,0,1,2,0,0,1,0,1,1
Quirindi,6,0,1,0,0,1,0,0,1,0,1,2
Railway Estate,6,0,0,1,0,1,0,0,3,0,1,0
Rasmussen,6,0,0,0,0,2,0,0,0,0,3,1
River Heads,6,0,0,0,1,0,0,0,2,0,1,2
Rockdale,6,0,0,0,0,2,0,0,0,1,1,2
Ropes Crossing,6,0,0,0,0,1,1,0,0,0,1,3
Rostrevor,6,0,0,0,0,0,0,0,1,0,3,2
Sadleir,6,0,0,0,0,0,0,0,1,0,1,4
Saint Kilda East,6,0,0,0,0,1,0,0,0,1,2,2
Saint Lucia,6,2,1,0,0,0,0,0,0,1,0,2
Salisbury East,6,0,1,0,0,1,0,0,1,0,1,2
Sapphire Central,6,0,0,0,0,2,0,0,0,1,2,1
Scoresby,6,0,0,0,0,1,0,0,0,1,2,2
Sherwood,6,1,0,0,0,0,0,0,2,0,1,2
Silverwater,6,0,0,0,0,1,1,0,1,0,0,3
Singleton Heights,6,0,0,0,0,1,0,0,1,0,1,3
Soldiers Hill,6,0,0,0,0,1,0,0,3,0,1,1
Somerset,6,1,0,0,1,1,0,0,1,0,1,1
Sorell,6,0,0,0,1,0,1,0,2,0,2,0
South Brighton,6,0,0,0,0,0,0,0,1,0,1,4
South Wentworthville,6,2,1,0,0,1,0,0,0,0,1,1
Springdale Heights,6,0,0,0,0,2,0,0,2,0,1,1
Springvale,6,0,0,0,0,1,0,0,1,0,1,3
St Lucia,6,0,0,0,1,0,0,0,2,0,1,2
Strathmore,6,0,1,0,2,0,0,0,1,1,1,0
Sunrise Beach,6,0,0,0,1,1,0,0,0,0,2,2
Sunshine North,6,0,0,0,1,0,1,0,2,0,1,1
Surrey Hills,6,1,0,0,0,2,0,0,1,0,1,1
Tatura,6,0,0,0,0,2,0,0,2,0,0,2
Telina,6,0,0,0,0,0,1,0,2,0,1,2
Temora,6,0,1,0,2,0,0,0,0,0,3,0
Tempe,6,0,0,0,1,0,0,0,1,0,1,3
Tiwi,6,0,0,0,1,1,0,0,1,0,0,3
Toolooa,6,1,0,0,1,0,0,0,1,1,1,1
Trott Park,6,0,0,0,3,1,0,0,1,0,0,1
Tullamarine,6,0,0,0,0,0,0,0,1,1,2,2
Turner,6,0,1,0,0,0,0,0,1,1,1,2
Uki,6,0,1,0,1,1,0,0,0,0,2,1
Victory Heights,6,0,0,0,0,1,0,0,0,2,1,2
Wakerley,6,0,0,0,0,0,0,0,4,0,1,1
Walloon,6,0,1,0,0,1,0,0,3,0,0,1
Wanguri,6,2,0,0,0,0,0,0,0,0,1,3
Warrandyte,6,1,0,0,0,1,0,0,1,0,2,1
Wattle Grove,6,0,0,0,1,1,0,0,1,0,2,1
Werrington County,6,0,0,0,0,0,0,0,1,1,2,2
Westbrook,6,0,0,0,0,1,0,0,2,0,2,1
Wetherill Park,6,0,0,0,0,1,0,0,1,0,2,2
White Gum Valley,6,0,0,0,1,2,0,0,3,0,0,0
White Rock,6,0,0,0,0,1,0,0,0,1,2,2
Whitebridge,6,0,0,0,1,1,1,0,0,1,1,1
Whyalla,6,0,0,0,0,1,0,0,2,0,0,3
Whyalla Norrie,6,1,0,0,0,2,0,0,0,0,1,2
Willmot,6,0,0,0,0,4,0,0,1,0,0,1
Willow Vale,6,0,0,0,2,2,0,0,0,0,2,0
Wilston,6,0,0,0,0,1,1,0,0,0,3,1
Winter Valley,6,0,2,0,3,0,0,0,1,0,0,0
Wondai,6,0,0,0,0,0,0,0,3,0,0,3
Woodcroft,6,0,0,0,1,0,0,0,2,0,2,1
Woodhill,6,0,0,0,0,0,0,0,1,0,3,2
Woodlands,6,0,0,0,1,2,0,0,1,0,2,0
Wynn Vale,6,1,0,0,1,1,0,0,0,1,0,2
Youngtown,6,0,0,0,2,0,0,0,2,1,1,0
Aberdare,5,0,0,0,1,1,0,0,0,0,2,1
Aberfeldie,5,0,0,0,1,0,0,0,0,0,3,1
Aberfoyle Park,5,0,0,0,2,0,0,0,1,0,1,1
Acton,5,0,1,0,1,0,0,0,0,0,2,1
Alexandra Headland,5,0,0,0,2,0,0,0,0,0,3,0
Andrews Farm,5,1,0,0,1,0,0,0,0,0,1,2
Ardeer,5,0,0,0,0,1,0,0,3,0,0,1
Ashbury,5,0,1,0,1,1,0,0,1,0,0,1
Avalon,5,0,0,0,1,0,0,0,2,0,0,2
Avoca Beach,5,1,0,0,1,1,0,0,1,0,0,1
Babinda,5,1,0,0,1,0,0,0,1,0,1,1
Balgowlah,5,0,0,0,0,0,0,0,0,0,3,2
Ballogie,5,0,0,0,0,0,0,0,0,0,1,4
Balmain East,5,0,0,0,1,1,0,0,2,0,0,1
Bargo,5,0,0,1,0,0,0,0,0,0,3,1
Basin Pocket,5,0,0,0,0,0,0,0,1,0,2,2
Batehaven,5,0,0,0,1,2,0,0,0,0,2,0
Battery Hill,5,0,0,0,0,2,0,0,1,0,1,1
Bayview,5,0,1,0,1,1,0,0,0,0,1,1
Beacon Hill,5,0,0,0,0,0,1,0,2,0,1,1
Bellbowrie,5,1,0,0,0,0,0,0,0,0,1,3
Beresfield,5,0,0,1,0,0,0,0,0,1,2,1
Beresford,5,0,0,0,0,2,0,0,1,0,2,0
Berriedale,5,0,0,0,1,1,0,0,1,0,0,2
Beverley,5,1,0,0,0,0,0,0,1,0,0,3
Biggenden,5,0,1,0,0,1,0,0,1,0,1,1
Binnaway,5,0,0,0,0,2,0,0,0,0,2,1
Birtinya,5,0,0,0,0,2,0,0,2,0,1,0
Blackburn South,5,0,0,0,0,0,0,0,1,0,1,3
Blackstone,5,0,1,0,1,1,0,0,1,0,0,1
Blackwall,5,0,1,0,1,1,1,0,0,1,0,0
Bloomsbury,5,0,0,0,0,0,0,0,3,0,0,2
Bohle Plains,5,1,0,0,2,0,0,0,0,0,0,2
Bonnyrigg Heights,5,0,0,0,0,0,0,0,0,0,2,3
Boolaroo,5,0,0,0,0,0,0,0,2,0,2,1
Booragoon,5,0,0,0,0,0,1,0,0,0,1,3
Booral,5,0,0,0,1,0,0,0,1,0,1,2
Boorowa,5,0,0,0,0,1,0,0,0,0,0,4
Bossley Park,5,0,0,1,0,2,0,0,1,0,1,0
Bourke,5,0,0,0,2,1,0,0,2,0,0,0
Box Hill North,5,0,0,0,1,2,0,0,0,0,2,0
Box Hill South,5,0,0,0,0,0,0,0,1,0,1,3
Brighton-Le-Sands,5,1,1,0,0,1,0,0,0,0,2,0
Broadford,5,0,0,0,1,0,0,0,0,0,2,2
Brooklyn,5,0,0,0,2,1,0,0,1,0,1,0
Brookwater,5,0,0,0,1,0,1,0,0,0,1,2
Buff Point,5,0,0,0,2,1,0,0,1,0,0,1
Bulgarra,5,0,1,0,1,0,0,0,1,0,1,1
Buxton,5,0,0,0,1,1,1,0,1,0,0,1
California Gully,5,0,0,0,0,1,0,0,0,0,1,3
Calista,5,0,0,0,0,0,0,0,1,0,3,1
Callala Bay,5,0,0,0,1,0,0,0,2,0,0,2
Canberra,5,0,1,0,0,0,0,0,2,0,1,1
Cannington,5,0,1,0,0,2,0,0,1,0,0,1
Capel,5,0,1,0,1,0,0,0,0,0,3,0
Caves Beach,5,0,0,0,1,1,0,0,2,0,1,0
Chapel Hill,5,1,0,0,1,0,0,0,3,0,0,0
Chapman,5,0,1,0,1,0,1,0,0,0,1,1
Cherrybrook,5,1,0,0,2,1,0,0,0,0,1,0
Chinderah,5,0,0,0,0,2,0,0,0,0,2,1
Clayton South,5,0,0,0,0,0,0,0,1,0,2,2
Clearview,5,0,1,0,1,1,0,0,0,0,0,2
Clifton,5,0,0,0,1,2,0,0,0,0,0,2
Cobram,5,0,0,0,1,1,0,0,2,0,0,1
Concord,5,0,0,0,1,1,0,0,0,0,1,2
Cooktown,5,1,0,0,0,0,0,0,1,0,1,2
Coominya,5,0,0,0,2,0,0,0,1,0,1,1
Coopers Plains,5,0,0,0,1,1,0,0,0,0,0,3
Cooroibah,5,0,0,0,1,0,0,0,1,0,1,2
Cordeaux Heights,5,0,0,0,0,2,0,0,0,0,1,2
Corinda,5,0,0,0,1,1,0,0,2,0,1,0
Coronet Bay,5,0,1,0,0,1,0,0,1,0,0,2
Craigmore,5,0,0,0,1,1,1,0,0,0,0,2
Craignish,5,0,0,0,1,0,0,0,2,1,0,1
Curlewis,5,0,1,0,2,0,0,0,0,0,1,1
Currambine,5,0,0,0,4,1,0,0,0,0,0,0
Currumbin,5,2,0,0,0,1,0,0,1,0,0,1
Daceyville,5,0,0,0,0,1,0,0,2,0,2,0
Daylesford,5,0,1,1,2,0,0,0,0,0,1,0
Delacombe,5,2,0,0,0,0,1,0,0,0,2,0
Denham Court,5,0,1,0,0,0,0,0,3,0,0,1
Diamond Creek,5,0,0,0,0,0,1,0,2,0,1,1
Doonan,5,0,0,0,0,1,0,0,2,0,1,1
Draper,5,0,0,0,3,0,0,0,1,0,1,0
Drummoyne,5,0,0,0,2,0,0,0,0,1,0,2
Dudley,5,0,0,0,1,1,0,0,0,0,0,3
Dudley Park,5,0,0,0,2,0,0,0,0,0,1,2
Dungog,5,0,0,0,2,0,0,0,1,0,1,1
Dunwich,5,0,0,0,0,0,0,0,3,0,2,0
East Side,5,0,0,0,1,0,1,0,1,0,1,1
Edge Hill,5,0,1,0,2,0,0,0,0,0,2,0
Edithvale,5,0,1,0,0,0,1,0,1,0,2,0
Eidsvold,5,0,0,0,0,1,0,0,2,0,1,1
Elands,5,0,0,0,0,1,0,0,2,0,0,2
Elderslie,5,0,0,0,1,0,0,0,2,0,1,1
Eleebana,5,0,0,0,2,0,0,0,1,0,1,1
Elermore Vale,5,0,0,0,1,2,0,0,1,0,0,1
Elizabeth East,5,0,0,0,0,2,0,0,1,0,1,1
Elizabeth Grove,5,0,0,0,0,0,0,0,1,1,1,2
Embleton,5,0,0,0,0,1,0,0,2,0,1,1
Emerton,5,0,1,0,0,1,0,0,0,0,1,2
Esperance,5,0,0,0,1,2,0,0,1,0,0,1
Eumundi,5,0,0,0,2,1,0,0,1,0,0,1
Evanston,5,0,0,0,1,0,0,0,1,0,2,1
Exmouth,5,0,1,0,0,0,0,0,2,1,0,1
Farmborough Heights,5,0,0,0,1,1,0,0,1,0,1,1
Faulconbridge,5,0,0,0,2,0,0,0,1,1,0,1
Fennell Bay,5,0,0,0,1,1,0,0,0,0,1,2
Flagstaff Hill,5,0,0,0,2,0,1,0,0,0,1,1
Florey,5,1,0,0,0,0,0,0,1,0,1,2
Fraser Rise,5,0,0,0,2,0,1,0,0,0,2,0
Gaven,5,0,0,0,0,2,0,0,0,0,2,1
Gayndah,5,0,0,0,1,2,0,0,0,0,1,1
Geographe,5,0,0,0,0,1,0,0,1,0,3,0
Glenhaven,5,0,0,0,0,2,0,0,0,0,2,1
Gowrie,5,0,0,0,0,1,0,0,1,1,1,1
Gowrie Junction,5,0,0,0,2,0,0,0,2,0,1,0
Greenwith,5,1,0,0,1,1,0,0,1,0,0,1
Gregory River,5,0,0,0,2,0,0,0,1,0,0,2
Gungahlin,5,0,0,0,0,0,0,0,2,0,2,1
Gwandalan,5,0,0,0,2,0,0,0,1,0,0,2
Gymea,5,0,0,0,0,1,0,0,2,0,1,1
Hackham West,5,0,0,0,0,3,0,0,2,0,0,0
Hammond Park,5,0,0,0,1,0,0,0,1,0,3,0
Harrison,5,0,0,0,1,0,0,0,0,2,1,1
Harvey,5,0,0,0,1,0,0,0,0,1,2,1
Hawthorne,5,0,0,0,1,0,1,0,1,0,0,2
Hay,5,0,0,0,1,1,0,0,1,0,1,1
Hazelbrook,5,0,0,0,4,0,0,0,0,0,1,0
Heckenberg,5,0,0,0,0,0,0,0,1,0,4,0
Helena Valley,5,0,0,0,0,0,0,0,1,0,1,3
Hillbank,5,0,0,0,1,1,0,0,1,0,2,0
Hillman,5,0,0,0,0,0,0,0,2,0,2,1
Hobartville,5,0,2,0,0,0,0,0,0,1,1,1
Hocking,5,0,0,0,1,0,0,0,1,0,2,1
Homebush,5,1,0,0,1,0,0,0,0,0,2,1
Homebush West,5,0,0,0,0,1,0,0,0,0,2,2
Hope Valley,5,0,0,0,0,1,1,0,1,0,2,0
Horsley,5,0,0,0,1,0,0,0,0,0,2,2
Illawong,5,0,0,0,2,0,0,0,1,0,1,1
Islington,5,0,0,0,1,0,0,0,2,0,0,2
Jannali,5,0,0,0,0,1,0,0,0,0,1,3
Jensen,5,0,0,0,1,0,1,0,1,0,0,2
Jordan Springs,5,0,0,0,0,0,0,0,2,0,1,2
Jurien Bay,5,1,0,0,0,1,0,0,1,0,1,1
Kalbar,5,0,0,0,2,0,0,0,1,0,0,2
Kandos,5,0,0,0,0,2,0,0,0,0,2,1
Kardinya,5,0,0,0,1,1,0,0,1,0,2,0
Karloo,5,0,0,0,1,3,0,0,0,0,0,1
Keilor Downs,5,1,0,0,1,1,0,0,1,0,1,0
Kenmore,5,0,0,0,1,1,0,0,0,0,0,3
Kenthurst,5,0,0,0,1,2,0,0,1,0,0,1
Kew East,5,0,1,0,1,1,0,0,1,0,1,0
Kingsville,5,0,0,0,2,0,0,0,3,0,0,0
Kinross,5,1,0,0,1,1,0,0,1,0,0,1
Kipparing,5,0,0,0,2,0,1,0,1,0,0,1
Kirribilli,5,0,0,0,0,2,0,0,0,0,1,2
Koo Wee Rup,5,0,0,0,1,2,0,0,0,0,1,1
Kootingal,5,0,0,0,1,1,1,0,0,0,2,0
Kuluin,5,0,0,0,1,1,0,0,2,0,0,1
Kyogle,5,0,0,0,1,1,0,0,0,0,2,1
Laidley North,5,0,0,0,1,0,0,0,1,0,0,3
Lake Cathie,5,0,0,0,0,0,0,0,0,1,1,3
Lakemba,5,0,1,0,1,1,0,0,0,0,2,0
Lakes Creek,5,0,0,0,1,0,0,0,1,0,1,2
Langford,5,0,0,0,1,1,0,0,0,0,2,1
Larapinta,5,0,0,0,0,1,0,0,1,0,2,1
Latham,5,0,0,0,0,1,0,0,1,1,1,1
Lathlain,5,0,0,0,1,1,0,0,1,0,1,1
Laurieton,5,0,0,0,0,2,0,0,0,0,0,3
Laverton,5,0,0,0,1,0,0,0,1,0,2,1
Leura,5,0,0,0,2,0,0,0,0,1,1,1
Lismore Heights,5,0,0,0,0,2,0,0,1,0,2,0
Lower Beechmont,5,0,0,0,0,0,0,0,1,0,0,4
Lynwood,5,0,0,0,0,2,0,0,1,0,0,2
Lyons,5,0,0,0,0,1,0,0,0,0,2,2
Maida Vale,5,0,0,0,0,2,0,0,0,0,0,3
Main Beach,5,1,0,0,1,1,0,0,2,0,0,0
Malaga,5,0,0,0,1,0,0,0,1,0,0,3
Malanda,5,0,0,0,2,0,0,0,0,0,2,1
Mambourin,5,0,0,0,0,0,0,0,3,0,0,2
Manly Vale,5,0,0,0,1,2,0,0,0,0,1,1
Mannum,5,0,0,0,0,0,0,0,2,1,1,1
Mardi,5,0,0,1,0,0,2,0,0,0,0,2
Memerambi,5,0,0,0,0,0,1,0,0,0,2,2
Meridan Plains,5,0,0,0,0,0,0,0,3,1,0,1
Merrylands West,5,0,0,0,0,1,0,0,1,0,2,1
Millmerran,5,0,0,0,0,0,1,0,3,0,0,1
Minyama,5,0,0,0,3,0,0,0,1,0,1,0
Mitchell,5,0,0,0,0,1,0,0,0,0,1,3
Moama,5,0,0,0,1,1,0,0,0,0,2,1
Monkland,5,1,0,0,0,0,0,0,0,0,1,3
Moore Park Beach,5,0,0,0,1,2,0,0,1,0,0,1
Mount Clarence,5,0,1,0,1,0,0,0,2,0,1,0
Mount Colah,5,0,0,0,1,0,0,0,1,0,1,2
Mount Riverview,5,0,0,0,1,0,0,0,0,0,4,0
Mount Sheridan,5,0,0,0,1,0,0,0,1,0,1,2
Mount Tarcoola,5,0,0,0,1,1,0,0,0,0,1,2
Mullaloo,5,0,0,0,1,1,0,0,0,0,2,1
Mundaring,5,0,0,0,0,0,0,0,2,1,1,1
Murwillumbah,5,0,0,0,0,0,0,0,2,0,1,2
Nakara,5,0,0,0,0,1,0,0,0,0,2,2
Naracoorte,5,0,0,0,0,0,0,0,1,0,1,3
Narwee,5,0,0,0,1,2,0,0,1,0,1,0
Nichols Point,5,0,1,0,0,0,0,0,2,0,0,2
Nickol,5,0,0,0,0,1,2,0,1,0,1,0
Noraville,5,0,0,0,0,0,0,0,1,0,0,4
North Adelaide,5,0,0,0,1,0,0,0,1,0,1,2
North Beach,5,0,1,0,2,0,0,0,1,0,0,1
North Macksville,5,0,0,0,0,3,0,0,0,0,1,1
North Saint Marys,5,0,0,0,0,1,0,0,1,0,1,2
Nyah West,5,0,0,0,1,1,0,0,0,0,1,2
Oakden,5,0,1,0,0,1,0,0,1,0,1,1
Oakleigh East,5,0,0,0,0,2,0,0,0,1,0,2
Oakleigh South,5,0,0,0,1,0,1,0,0,0,2,1
Oberon,5,0,0,0,0,1,0,0,0,0,2,2
Pambula Beach,5,0,0,0,0,1,0,0,3,0,0,1
Paradise,5,0,0,0,1,1,0,0,0,0,2,1
Paralowie,5,0,1,0,1,0,0,0,1,0,0,2
Park Holme,5,0,0,0,2,1,0,0,1,0,1,0
Parkinson,5,0,0,0,0,0,0,0,1,0,1,3
Parkville,5,0,0,0,0,1,0,0,0,0,2,2
Parrearra,5,0,1,0,0,0,1,0,1,0,1,1
Pearcedale,5,0,1,0,1,0,0,0,0,0,0,3
Pelaw Main,5,1,0,0,0,0,0,0,1,0,1,2
Pendle Hill,5,0,1,0,0,1,0,0,1,0,0,2
Pennant Hills,5,1,0,0,1,0,1,0,1,0,0,1
Pennington,5,0,0,0,0,2,0,0,0,0,0,3
Piccadilly,5,0,0,0,1,0,0,0,1,0,1,2
Pine Mountain,5,1,0,0,0,1,0,0,1,0,0,2
Queenscliff,5,0,0,0,1,0,0,0,1,0,0,3
Red Cliffs,5,0,0,0,0,1,0,0,0,0,1,3
Reynella East,5,0,0,0,2,0,0,0,0,0,1,2
Ridleyton,5,0,1,0,0,2,0,0,1,1,0,0
Ringwood North,5,0,0,0,1,0,0,0,2,0,1,1
Risdon Vale,5,0,0,0,2,0,0,0,0,0,1,2
Riverhills,5,0,0,0,0,3,0,0,0,0,1,1
Riverton,5,0,0,0,0,0,0,0,1,0,1,3
Robertson,5,0,0,0,2,2,0,0,0,0,1,0
Rosedale,5,0,1,0,0,2,0,0,0,0,2,0
Roseville,5,0,0,0,0,2,0,0,0,0,0,3
Rubyvale,5,0,0,0,0,1,0,0,0,0,1,3
Ruse,5,0,1,0,0,0,0,0,0,0,1,3
Rydalmere,5,0,0,0,0,0,0,0,2,0,3,0
Saint James,5,0,0,0,0,2,0,0,0,1,1,1
Sandstone Point,5,1,0,0,1,0,0,0,1,0,1,1
Sandy Bay,5,0,0,0,2,0,0,0,1,0,1,1
Seacliff,5,0,0,0,2,1,0,0,0,1,1,0
Seymour,5,0,0,0,1,1,0,0,1,0,0,2
Sheffield,5,0,0,0,0,0,0,0,2,0,0,3
Shellharbour,5,1,0,0,0,1,0,0,1,0,1,1
Sisters Beach,5,0,0,0,2,1,0,0,1,0,0,1
South Arm,5,0,0,0,1,1,0,0,1,2,0,0
South Townsville,5,0,0,0,0,2,0,0,1,0,0,2
Spencer Park,5,0,0,0,0,0,0,0,1,0,0,4
Spotswood,5,0,0,0,1,0,0,0,1,0,2,1
St Helens Park,5,0,0,0,1,1,0,0,0,0,2,1
Stirling,5,0,0,0,1,2,0,0,0,0,2,0
Subiaco,5,0,0,0,2,0,0,0,1,0,0,2
Summerland Point,5,0,0,0,0,1,0,0,0,0,3,1
Surfside,5,0,0,0,3,0,1,0,0,0,0,1
Svensson Heights,5,0,0,0,1,1,0,0,1,1,0,1
Sydney Olympic Park,5,0,1,0,0,0,1,0,1,0,0,2
Tallebudgera Valley,5,0,0,0,2,0,0,0,1,0,1,1
Taperoo,5,0,0,0,0,0,0,0,1,0,3,1
Taylors Lakes,5,2,1,0,0,0,1,0,1,0,0,0
The Palms,5,1,0,0,0,0,0,0,1,0,1,2
Thirroul,5,0,0,0,2,0,0,0,0,0,2,1
Thornleigh,5,0,0,0,0,1,0,0,1,0,2,1
Thursday Island,5,0,0,0,2,0,0,0,0,0,2,1
Toogoolawah,5,0,0,0,0,0,0,0,2,0,3,0
Treeby,5,0,0,0,2,0,0,0,0,1,2,0
Trinity Park,5,0,0,0,0,0,0,0,1,0,1,3
Tullimbar,5,1,0,0,0,0,0,0,1,0,3,0
Tumbarumba,5,0,0,0,0,2,0,0,1,0,1,1
Tura Beach,5,0,0,0,1,0,0,0,1,0,0,3
Upper Burnie,5,0,0,0,0,0,0,0,2,1,1,1
Victoria Park,5,2,0,0,0,1,0,0,0,0,0,2
Wacol,5,0,0,0,0,0,1,0,1,0,0,3
Warana,5,0,0,0,0,1,0,0,1,0,2,1
Warriewood,5,0,0,0,0,1,0,0,1,0,2,1
Watsonia,5,0,0,0,1,2,0,0,0,0,0,2
Wattle Glen,5,1,0,0,0,1,0,0,3,0,0,0
Waverton,5,0,0,0,2,0,0,0,2,0,1,0
Wee Waa,5,0,0,0,0,0,0,0,1,0,1,3
Weir Views,5,0,0,0,2,0,0,0,0,0,2,1
West Albury,5,0,0,0,1,0,0,0,1,0,1,2
West Hobart,5,0,0,0,1,0,0,0,1,0,2,1
West Moonah,5,0,1,0,1,0,0,0,1,0,1,1
Westdale,5,0,0,0,0,1,1,0,1,0,1,1
Westmeadows,5,0,0,0,1,0,0,0,0,2,0,2
Whitsundays,5,0,1,0,2,1,0,0,0,0,1,0
Wilson,5,0,0,0,0,1,0,0,2,0,1,1
Windang,5,0,0,0,0,2,0,0,2,1,0,0
Windsor Gardens,5,0,0,0,1,0,0,0,0,1,1,2
Wingham,5,0,0,0,0,2,0,0,1,0,1,1
Wonga Beach,5,0,0,0,0,3,0,0,0,0,0,2
Wongan Hills,5,0,0,0,0,0,0,0,1,1,1,2
Woodbine,5,0,0,0,0,2,1,0,1,0,0,1
Woollahra,5,0,0,0,1,1,0,0,0,0,2,1
Woorim,5,0,0,0,0,2,0,0,1,0,1,1
Woronora Heights,5,0,0,0,1,1,0,0,1,1,1,0
Wyee,5,0,0,0,0,0,0,0,2,0,1,2
Yaroomba,5,0,0,0,0,0,0,0,2,0,2,1
Yarraman,5,0,0,0,0,0,1,0,0,0,1,3
Yarrawarrah,5,0,0,0,0,1,0,0,2,1,0,1
Yeerongpilly,5,0,0,0,1,0,1,0,2,0,0,1
Zeehan,5,0,0,0,0,2,0,0,0,0,1,2
Adamstown Heights,4,0,0,0,1,1,1,0,0,0,1,0
Adelong,4,0,0,0,1,2,0,0,0,0,1,0
Albert Park,4,0,0,0,0,1,0,0,1,0,0,2
Alberton,4,0,0,0,0,1,0,0,2,0,0,1
Allambie Heights,4,0,1,0,0,1,0,0,0,0,1,1
Altona North,4,0,0,0,0,1,0,0,0,1,0,2
Anna Bay,4,0,0,0,0,1,0,0,1,0,0,2
Aranda,4,0,0,0,2,0,0,0,0,0,1,1
Ashby,4,0,0,0,1,1,0,0,1,0,1,0
Ashtonfield,4,0,0,0,0,0,0,0,3,0,0,1
Ashwood,4,0,1,0,0,0,0,0,1,1,1,0
Aspendale,4,0,0,0,0,1,0,0,0,0,0,3
Athelstone,4,0,0,0,0,0,0,0,2,0,1,1
Avenel,4,0,0,0,1,0,0,0,3,0,0,0
Balgownie,4,0,0,0,0,1,0,0,0,0,3,0
Bass Hill,4,1,0,0,0,1,0,0,0,0,0,2
Batchelor,4,0,0,0,1,1,0,0,0,1,1,0
Bauple,4,0,1,0,0,1,0,0,2,0,0,0
Bayonet Head,4,0,0,0,0,1,0,0,1,0,1,1
Bayview Heights,4,0,0,0,1,0,1,0,0,0,2,0
Beaumont Hills,4,0,0,0,0,0,1,0,2,0,0,1
Beecher,4,0,0,0,1,0,0,0,0,0,3,0
Beecroft,4,1,0,0,0,1,0,0,0,0,2,0
Bellbird,4,0,0,0,1,0,0,0,1,1,0,1
Bellerive,4,0,0,0,1,0,0,0,1,0,1,1
Bellevue Hill,4,0,0,0,0,1,0,0,1,0,1,1
Belvedere,4,0,0,0,1,0,0,0,1,0,1,1
Benarkin North,4,0,0,0,0,1,0,0,1,0,0,2
Berowra,4,0,0,0,0,1,0,0,2,0,0,1
Bicton,4,0,1,0,2,0,0,0,1,0,0,0
Bilambil Heights,4,0,1,0,0,2,0,0,0,1,0,0
Bingil Bay,4,0,0,0,2,0,0,0,0,0,0,2
Bittern,4,0,0,0,1,0,1,0,0,0,0,2
Blackall,4,0,0,0,2,1,0,0,0,0,1,0
Blackwood,4,0,0,0,0,1,0,0,2,0,1,0
Blakehurst,4,0,0,0,0,1,0,0,0,0,1,2
Blakeview,4,0,0,0,0,0,0,0,0,0,0,4
Bligh Park,4,0,0,0,1,0,0,0,0,0,1,2
Bluehaven,4,0,0,0,0,0,0,0,1,0,0,3
Bobs Farm,4,1,0,0,0,2,0,0,0,0,1,0
Bodalla,4,1,0,0,0,2,0,0,0,0,0,1
Bonbeach,4,0,0,0,0,0,0,0,1,0,2,1
Bonogin,4,0,1,0,0,1,0,0,1,0,1,0
Bonshaw,4,0,0,0,0,0,0,0,0,0,2,2
Bonville,4,0,0,0,1,1,0,0,1,0,0,1
Booie,4,1,0,0,0,0,0,0,0,0,1,2
Boonah,4,0,0,0,1,1,0,0,2,0,0,0
Brahma Lodge,4,0,0,0,0,1,0,0,0,0,0,3
Braitling,4,0,0,0,1,1,0,0,0,0,1,1
Broadmeadow,4,0,0,0,0,2,1,0,0,0,1,0
Broadwater,4,0,0,0,0,1,0,0,0,0,2,1
Brookvale,4,0,1,0,0,0,0,0,0,0,3,0
Brown Hill,4,0,0,0,1,1,0,0,1,0,0,1
Bruce,4,1,0,0,0,0,0,0,3,0,0,0
Bundanoon,4,0,0,0,1,2,0,0,1,0,0,0
Burrum Heads,4,0,0,0,0,0,0,0,1,0,1,2
Burswood,4,0,0,0,0,0,1,0,0,0,1,2
Cairnlea,4,0,0,0,0,2,0,0,1,0,0,1
Cambooya,4,0,0,0,0,0,0,0,1,0,0,3
Camden Park,4,0,0,0,0,0,0,0,1,0,0,3
Camden South,4,0,0,0,0,0,0,0,0,0,1,3
Cammeray,4,0,1,0,1,0,0,0,0,0,1,1
Campbell,4,1,0,1,1,0,0,0,0,0,0,1
Candelo,4,0,1,0,0,0,0,0,0,0,0,3
Canina,4,0,1,0,0,0,0,0,1,0,1,1
Canungra,4,0,0,0,1,0,0,0,3,0,0,0
Cardwell,4,0,0,0,1,0,0,0,1,0,0,2
Carnamah,4,0,0,0,0,0,0,0,1,0,0,3
Casuarina,4,0,0,0,1,1,0,0,0,1,1,0
Caversham,4,0,0,0,0,0,0,0,3,0,1,0
Cecil Hills,4,0,0,0,0,2,0,0,0,0,1,1
Charlemont,4,0,0,0,1,1,0,0,1,0,1,0
Charters Towers,4,0,0,0,1,0,0,0,2,0,1,0
Chatsworth,4,0,0,0,0,1,0,0,0,2,1,0
Chelmer,4,0,0,0,0,0,0,0,3,0,0,1
Chigwell,4,0,0,0,0,0,0,0,1,1,2,0
Chittaway Bay,4,0,0,0,2,1,0,0,0,0,1,0
Church Point,4,0,0,0,1,0,0,0,1,0,1,1
Clarinda,4,0,0,0,1,0,0,0,2,0,0,1
Clear Island Waters,4,0,0,0,1,1,0,0,0,1,0,1
Cliftleigh,4,0,1,0,0,0,0,0,2,0,1,0
Cloncurry,4,0,0,0,0,1,0,0,0,0,1,2
Clovelly,4,0,1,0,0,0,0,0,1,0,2,0
Coalfalls,4,0,0,0,1,0,0,0,2,0,0,1
Coes Creek,4,0,0,0,1,1,0,0,1,0,1,0
Collaroy,4,0,0,0,0,0,0,0,0,0,2,2
Conder,4,0,0,0,0,0,0,0,2,0,0,2
Constitution Hill,4,0,0,0,0,2,2,0,0,0,0,0
Coombs,4,0,0,0,0,0,0,0,2,0,1,1
Cootamundra,4,0,1,0,1,1,0,0,1,0,0,0
Coral Cove,4,0,0,0,3,1,0,0,0,0,0,0
Crace,4,0,0,0,2,1,0,0,0,0,0,1
Crafers,4,0,0,0,0,0,0,0,2,0,2,0
Cumberland Park,4,0,0,0,0,1,0,0,1,0,1,1
Cunnamulla,4,0,0,0,1,0,0,0,0,0,1,2
Currans Hill,4,0,0,0,0,1,0,0,0,0,0,3
Cygnet,4,0,0,0,1,1,0,0,0,0,1,1
Dalmeny,4,0,0,0,1,1,0,0,0,0,1,1
Darwin River,4,0,0,0,1,0,1,0,2,0,0,0
Deebing Heights,4,0,0,0,0,0,0,0,2,0,2,0
Derby,4,0,1,0,0,1,0,0,2,0,0,0
Dharruk,4,0,0,0,0,3,0,0,0,0,1,0
Dinmore,4,0,1,0,0,0,0,0,0,0,1,2
Donvale,4,0,0,0,1,0,0,0,1,0,0,2
Downer,4,0,0,0,0,2,0,0,0,0,1,1
Drayton,4,0,0,0,0,1,0,0,2,0,0,1
Duffy,4,0,0,0,0,1,0,0,0,0,1,2
Dundas Valley,4,0,0,0,0,1,0,0,1,0,0,2
East Bendigo,4,1,0,0,0,0,0,0,1,0,0,2
East Cannington,4,0,0,0,0,1,0,0,1,0,0,2
East Lismore,4,0,1,0,0,0,1,0,1,0,0,1
Eden Hill,4,0,0,0,0,0,0,0,3,0,1,0
Edenhope,4,0,0,0,1,0,0,0,1,0,2,0
Edensor Park,4,0,0,0,0,1,0,0,0,0,2,1
Edgecliff,4,0,0,0,0,0,0,0,1,0,0,3
Edwardstown,4,0,0,0,0,0,0,0,2,0,0,2
Elizabeth Downs,4,0,0,0,0,1,0,0,2,0,0,1
Encounter Bay,4,0,0,0,1,0,0,0,1,0,1,1
Eureka,4,0,0,0,0,0,0,0,2,0,1,1
Evans Head,4,0,0,0,0,1,0,0,2,0,1,0
Evatt,4,1,0,0,1,0,0,0,1,0,1,0
Farleigh,4,0,0,0,1,2,0,0,0,0,1,0
Farrar,4,0,0,0,1,1,0,0,1,0,0,1
Federal,4,0,0,0,0,0,0,0,1,0,3,0
Figtree,4,1,0,0,0,1,0,0,1,0,1,0
Forde,4,0,1,0,1,1,0,0,0,0,0,1
Foster,4,0,0,0,0,0,0,0,1,0,1,2
Gillieston Heights,4,1,0,0,2,1,0,0,0,0,0,0
Gisborne,4,0,1,0,1,0,0,0,0,0,0,2
Glasshouse Mountains,4,0,0,0,0,0,0,0,0,0,0,4
Glenfield Park,4,0,0,0,0,0,0,0,3,0,0,1
Glenlee,4,0,0,0,0,0,0,0,2,0,1,1
Gooburrum,4,0,0,0,1,0,0,0,2,0,1,0
Goodwood,4,0,2,0,0,0,0,0,0,0,2,0
Goornong,4,0,0,0,0,1,0,0,1,0,1,1
Goranba,4,0,0,0,1,0,0,0,0,0,1,2
Gordon,4,0,0,0,1,0,0,0,0,0,3,0
Green Valley,4,0,0,0,0,1,0,0,1,0,1,1
Greta,4,0,0,0,0,1,0,0,0,0,0,3
Gulmarrad,4,0,0,0,1,0,0,0,1,0,2,0
Gwelup,4,0,2,0,0,1,0,0,1,0,0,0
Gwynneville,4,0,0,0,2,0,0,0,1,0,1,0
Gymea Bay,4,0,0,0,2,0,0,0,1,0,1,0
Haberfield,4,0,0,0,1,0,0,0,2,0,0,1
Hallett Cove,4,0,0,0,1,0,0,0,1,0,1,1
Hamlyn Heights,4,0,0,0,0,0,0,0,1,1,0,2
Hannans,4,0,0,0,1,1,0,0,0,0,1,1
Hassall Grove,4,0,0,0,0,1,0,0,1,0,1,1
Hay Point,4,0,0,0,0,1,0,0,3,0,0,0
Haymarket,4,0,1,0,1,1,0,0,0,0,1,0
Heatherton,4,0,0,0,0,2,0,0,1,0,1,0
Helidon Spa,4,0,0,0,1,0,0,0,0,0,0,3
Hendon,4,0,0,0,2,0,0,0,0,0,0,2
Herberton,4,0,0,0,3,0,0,0,0,0,0,1
Herne Hill,4,0,2,0,0,0,0,0,1,0,1,0
Highbury,4,0,0,0,2,0,0,0,1,0,1,0
Hilbert,4,0,0,0,1,0,0,0,1,1,0,1
Hollywell,4,0,0,0,0,0,0,0,0,0,1,3
Holsworthy,4,0,0,0,0,1,1,0,0,0,1,1
Hopetoun,4,0,0,0,0,1,0,0,1,0,1,1
Horseshoe Bay,4,0,0,0,1,0,0,0,1,0,1,1
Horsley Park,4,0,0,0,1,0,0,0,1,0,0,2
Hughenden,4,1,0,0,1,1,0,0,0,0,0,1
Hunters Hill,4,0,0,0,0,0,0,0,2,0,1,1
Huntly,4,1,0,0,1,0,0,0,1,0,0,1
Jamboree Heights,4,0,1,0,1,0,0,0,0,0,1,1
Jamisontown,4,0,0,0,1,0,0,0,1,0,1,1
Jerrabomberra,4,0,0,0,1,0,0,0,1,0,2,0
Jewells,4,0,0,0,0,0,0,0,0,0,1,3
Jindera,4,0,0,0,0,0,0,0,3,0,0,1
Julatten,4,0,0,0,2,0,1,0,1,0,0,0
Kalkie,4,0,0,0,1,0,0,0,1,0,0,2
Karangi,4,0,0,0,0,0,0,0,1,1,1,1
Karuah,4,0,0,0,0,1,0,0,1,0,1,1
Karumba,4,0,0,0,0,1,0,0,1,0,0,2
Kearns,4,0,0,1,1,1,0,0,0,0,0,1
Keiraville,4,0,0,0,2,0,0,0,0,0,0,2
Kellerberrin,4,0,0,0,3,0,0,0,1,0,0,0
Kemps Creek,4,0,0,0,1,0,0,0,1,1,0,1
Kennington,4,0,0,0,0,1,0,0,1,0,1,1
Kensington Grove,4,0,1,0,1,1,0,0,0,0,1,0
Kerang,4,0,0,0,1,0,0,0,0,0,1,2
Keysborough,4,0,0,0,0,0,0,0,1,0,2,1
Kilkivan,4,0,0,0,1,1,0,0,0,0,1,1
Kippa Ring,4,0,0,0,0,0,0,0,1,0,0,3
Klemzig,4,0,0,0,0,0,0,0,0,0,2,2
Kobble Creek,4,0,0,0,0,4,0,0,0,0,0,0
Kogan,4,0,0,0,1,0,0,0,1,0,0,2
Kojonup,4,0,0,0,1,1,0,0,0,0,2,0
Korumburra,4,0,0,0,0,1,1,0,1,1,0,0
Kurnell,4,0,0,0,3,0,0,0,1,0,0,0
Kurrajong,4,0,0,0,0,0,0,0,1,0,1,2
Lakes Entrance,4,0,0,0,0,1,0,0,0,0,2,1
Lammermoor,4,1,0,0,1,0,1,0,0,0,1,0
Largs Bay,4,0,0,0,0,1,1,0,1,0,0,1
Larrakeyah,4,0,0,0,1,1,0,0,2,0,0,0
Lawson,4,0,0,0,0,1,0,0,1,0,1,1
Lilyfield,4,0,0,0,0,1,0,0,3,0,0,0
Lloyd,4,0,0,0,0,0,0,0,2,0,0,2
Lugarno,4,0,0,0,0,1,0,0,0,0,0,3
Macquarie Links,4,0,0,0,0,1,0,0,2,0,1,0
Malabar,4,0,0,0,0,1,0,0,1,0,2,0
Malua Bay,4,0,0,0,0,0,0,0,1,0,0,3
Mangerton,4,0,0,0,0,0,0,0,0,0,4,0
Mapleton,4,1,0,0,0,1,0,0,0,0,1,1
Marlo,4,0,0,0,2,0,0,0,0,0,1,1
Mawson,4,0,0,0,1,1,1,0,0,0,0,1
Mayfield East,4,0,0,1,0,0,0,0,0,0,2,1
Mccrae,4,1,0,0,1,1,0,0,1,0,0,0
Mcdowall,4,0,0,0,0,0,1,0,1,0,1,1
Mckail,4,0,0,0,1,1,0,0,0,0,1,1
Mckellar,4,0,0,0,0,0,0,0,3,0,0,1
Mckinnon,4,0,1,0,1,0,0,0,0,0,2,0
Meadows,4,0,0,0,1,0,1,0,0,0,1,1
Melba,4,0,0,0,0,3,0,0,0,0,1,0
Merbein,4,0,0,0,0,0,0,0,1,0,1,2
Mighell,4,0,0,0,1,0,0,0,1,0,1,1
Millner,4,0,1,0,1,0,0,0,1,0,1,0
Milperra,4,0,0,0,1,0,0,0,1,0,0,2
Minchinbury,4,0,0,0,0,0,0,0,2,0,0,2
Mindarie,4,0,1,0,0,1,0,0,1,0,0,1
Minden,4,0,0,0,0,1,0,0,2,0,0,1
Mitchell Park,4,0,1,0,1,1,0,0,0,0,1,0
Modbury North,4,0,0,0,0,2,0,0,0,1,1,0
Moggill,4,0,0,0,1,0,0,0,1,0,1,1
Moncrieff,4,1,0,0,0,0,0,0,0,0,1,2
Montrose,4,0,0,0,0,0,0,0,1,0,1,2
Moolboolaman,4,0,0,0,0,0,0,0,2,0,1,1
Moorabbin,4,1,0,0,1,0,0,0,1,0,1,0
Morawa,4,0,0,0,1,2,0,0,0,0,1,0
Morphettville,4,0,0,0,1,0,0,0,1,0,1,1
Mount Hawthorn,4,0,1,0,0,0,0,0,2,0,0,1
Mount Isa,4,0,0,0,0,1,1,0,0,0,1,1
Mount Nasura,4,0,0,0,0,0,0,0,2,0,0,2
Mount Perry,4,0,0,0,0,0,0,0,2,0,0,2
Mt Waverley,4,0,0,0,1,0,0,0,2,0,0,1
Munno Para West,4,0,0,0,0,1,0,0,1,0,0,2
Nabiac,4,0,0,0,0,0,0,0,0,0,0,4
Nannup,4,0,0,0,1,1,0,0,0,0,1,1
Nanum,4,0,0,0,0,0,0,0,1,0,1,2
Narre Warren North,4,0,0,0,0,0,0,0,1,0,1,2
New Lambton Heights,4,0,0,0,0,1,0,0,2,0,0,1
Nicholls,4,0,0,0,0,1,0,0,1,0,1,1
Normanville,4,0,0,0,2,0,0,0,1,0,0,1
North Bundaberg,4,0,0,0,0,0,0,0,2,0,0,2
North Geelong,4,0,1,0,0,0,0,0,0,0,2,1
North Haven,4,0,0,0,0,1,0,0,1,0,0,2
North Plympton,4,0,0,0,0,0,0,0,3,0,0,1
North St Marys,4,0,1,0,0,0,0,0,0,0,0,3
North Yunderup,4,0,1,0,0,0,0,0,0,0,2,1
Northampton,4,0,0,0,1,2,0,0,0,0,1,0
Norville,4,0,0,0,0,0,0,0,1,1,0,2
Oatlands,4,0,0,0,0,0,0,0,1,0,2,1
Oatley,4,0,0,0,2,1,0,0,1,0,0,0
Old Bar,4,0,0,0,0,2,0,0,0,0,1,1
Oonoonba,4,0,0,0,0,1,0,0,2,0,1,0
Ooralea,4,0,0,0,0,0,0,0,0,1,2,1
Osborne,4,0,0,0,0,2,0,0,1,0,0,1
Pagewood,4,0,0,0,1,1,0,0,0,0,1,1
Para Hills West,4,0,0,0,0,0,1,0,1,0,1,1
Parap,4,0,0,0,0,0,1,0,1,0,0,2
Patterson Lakes,4,0,0,0,0,0,0,0,1,0,1,2
Pelican Waters,4,0,0,0,2,1,0,0,0,0,1,0
Phillip,4,0,0,0,1,3,0,0,0,0,0,0
Pinbarren,4,0,0,0,0,0,1,0,2,0,0,1
Pine Creek,4,0,0,0,1,0,0,0,1,1,1,0
Pingelly,4,0,1,0,1,0,0,0,1,0,0,1
Plumpton,4,0,0,0,0,1,0,0,1,0,0,2
Plympton,4,0,0,0,0,0,0,0,0,0,3,1
Point Frederick,4,0,1,0,0,0,0,0,2,0,0,1
Point Lookout,4,0,0,0,0,0,0,0,0,0,2,2
Pomona,4,0,0,0,0,1,0,0,0,0,1,2
Pooraka,4,0,0,0,1,2,0,0,0,0,1,0
Port Denison,4,0,0,0,1,0,0,0,1,0,1,1
Port Hedland,4,0,0,0,0,0,0,0,1,0,2,1
Port Noarlunga,4,1,0,0,0,0,0,0,0,2,1,0
Port Pirie South,4,0,0,0,0,0,0,0,1,0,2,1
Port Willunga,4,0,0,0,0,0,1,0,1,0,2,0
Prospect Vale,4,0,0,0,1,1,0,0,0,0,0,2
Queanbeyan East,4,0,0,0,0,2,0,0,0,0,0,2
Raglan,4,0,0,0,3,0,0,0,0,0,1,0
Ramingining,4,0,0,0,1,1,0,0,1,0,1,0
Ramsgate Beach,4,0,1,0,0,0,0,0,2,0,0,1
Ripponlea,4,0,0,0,0,0,0,0,0,0,2,2
Rochedale,4,0,0,0,0,0,0,0,1,0,2,1
Romsey,4,0,0,0,1,1,0,0,1,0,1,0
Rosenthal Heights,4,0,0,0,1,0,0,0,0,0,0,3
Rushcutters Bay,4,0,0,0,0,0,0,0,2,0,0,2
Saint Marys,4,1,0,0,0,0,0,0,2,0,0,1
Saint Peters,4,0,0,0,1,1,0,0,2,0,0,0
Salisbury Park,4,0,0,0,0,0,0,0,1,2,0,1
Sassafras,4,1,0,0,1,0,0,0,1,0,1,0
Saunders Beach,4,0,0,0,2,1,0,0,0,0,0,1
Sawtell,4,0,0,0,0,0,0,0,1,0,2,1
Scone,4,0,0,0,0,1,0,0,0,1,2,0
Scullin,4,0,0,0,1,1,0,0,0,0,0,2
Seaford Meadows,4,0,0,0,0,2,0,0,1,0,0,1
Seaford Rise,4,0,1,0,0,0,0,0,0,0,1,2
Silver Sands,4,0,0,0,1,1,0,0,0,0,0,2
Silverdale,4,0,0,0,0,1,0,0,2,0,1,0
Smythes Creek,4,0,0,0,2,0,0,0,0,0,2,0
Soldiers Point,4,0,0,0,2,1,0,0,0,0,0,1
Somerton Park,4,0,0,0,1,0,0,0,0,0,1,2
South Bathurst,4,0,0,0,0,2,0,0,1,0,0,1
South Fremantle,4,1,0,0,0,0,0,0,1,0,2,0
South Granville,4,0,0,0,1,1,0,0,0,0,0,2
South Lake,4,0,0,0,3,1,0,0,0,0,0,0
South Launceston,4,0,0,0,0,2,0,0,1,0,0,1
St Arnaud,4,0,0,0,0,0,0,0,1,0,3,0
St George,4,0,0,0,0,1,0,0,1,0,0,2
St James,4,0,1,0,0,0,0,0,1,0,1,1
St Kilda West,4,0,0,0,1,0,0,0,2,0,1,0
Stanhope Gardens,4,0,0,0,0,1,0,0,1,0,1,1
Strathdickie,4,0,0,0,1,0,0,0,1,0,1,1
Strathfieldsaye,4,0,0,0,0,2,0,0,0,0,1,1
Strathtulloh,4,1,0,0,1,0,0,0,1,0,1,0
Sussex Inlet,4,0,1,0,0,1,0,0,0,0,1,1
Swanbourne,4,0,0,1,0,0,1,0,1,0,1,0
Tallai,4,0,0,0,0,0,0,0,0,0,2,2
Taren Point,4,0,0,0,0,1,0,0,0,1,2,0
Templestowe,4,0,0,0,0,0,0,0,1,1,1,1
The Hill,4,0,0,0,0,2,0,0,0,0,0,2
Tiaro,4,0,0,0,0,1,0,0,0,0,1,2
Tocumwal,4,0,0,0,0,2,0,0,2,0,0,0
Tolland,4,1,0,0,0,0,0,0,2,0,0,1
Tomakin,4,0,0,0,2,1,0,0,1,0,0,0
Townview,4,0,0,0,0,1,0,0,2,0,0,1
Trafalgar,4,0,0,1,0,2,0,0,0,0,1,0
Tuart Hill,4,0,0,0,0,0,0,0,0,1,1,2
Turvey Park,4,0,0,0,0,0,0,0,3,0,0,1
Two Wells,4,0,0,0,0,0,0,0,0,0,0,4
Utakarra,4,0,0,0,1,2,0,0,0,0,0,1
Vasse,4,0,1,0,0,0,0,0,1,2,0,0
Vincentia,4,0,0,0,1,0,0,0,0,1,1,1
Virginia,4,0,0,0,0,1,0,0,1,0,0,2
Wagaman,4,0,0,0,0,0,0,0,1,0,1,2
Waikerie,4,0,0,0,0,0,0,0,1,0,2,1
Wakeley,4,0,0,0,1,0,0,0,0,0,1,2
Walgett,4,0,0,0,0,1,1,0,1,0,0,1
Wallaroo,4,0,0,0,0,0,0,0,1,0,2,1
Wangi Wangi,4,0,0,0,0,1,0,0,2,0,1,0
Waramanga,4,0,0,0,0,0,0,0,2,0,1,1
Waratah,4,0,0,0,1,1,1,0,0,0,1,0
Warialda,4,1,0,0,0,1,0,0,0,0,0,2
Warracknabeal,4,0,0,0,3,1,0,0,0,0,0,0
Werris Creek,4,1,0,0,0,0,0,0,0,1,1,1
West Ballina,4,2,0,0,0,1,0,0,0,0,1,0
West Beach,4,0,1,0,0,0,0,0,0,1,1,1
West Ipswich,4,0,0,0,0,2,0,0,1,0,0,1
West Nowra,4,0,0,0,0,1,0,0,0,0,0,3
West Pymble,4,0,0,0,1,2,0,0,1,0,0,0
West Ulverstone,4,0,0,0,0,0,0,0,1,0,2,1
West Wollongong,4,0,0,0,0,2,0,0,1,0,0,1
Whitfield,4,0,0,0,1,0,0,0,0,0,1,2
Willaston,4,1,0,0,0,1,0,0,0,0,0,2
Williams Landing,4,0,0,0,0,0,0,0,1,1,2,0
Williamstown North,4,0,0,0,0,0,0,0,0,0,4,0
Winthrop,4,1,1,0,0,0,0,0,1,0,0,1
Wishart,4,0,0,0,0,0,0,0,1,0,0,3
Withcott,4,0,0,0,1,1,0,0,0,0,2,0
Wonthella,4,0,0,0,0,0,0,0,1,0,1,2
Woodside,4,0,0,0,2,0,0,0,0,0,1,1
Wulagi,4,0,0,0,1,0,0,0,1,0,2,0
Yarravel,4,0,0,0,0,0,1,0,0,0,1,2
Yinnar,4,0,0,1,0,0,0,0,1,0,1,1
York,4,0,0,0,0,0,0,0,1,0,0,3
Yorkeys Knob,4,0,0,0,0,1,0,0,1,0,1,1
Yungaburra,4,0,0,0,0,0,0,0,1,0,1,2
Abermain,3,0,0,0,0,1,0,0,1,0,0,1
Adaminaby,3,0,0,0,0,2,0,0,1,0,0,0
Adare,3,0,0,0,0,0,0,0,1,0,0,2
Ainslie,3,0,0,0,0,0,0,0,0,0,2,1
Aintree,3,0,0,0,1,0,0,0,0,0,0,2
Alexandra,3,0,0,0,1,2,0,0,0,0,0,0
Alice River,3,0,0,0,1,0,1,0,0,1,0,0
Allora,3,0,0,0,0,0,0,0,1,0,0,2
Alpha,3,0,0,0,0,1,0,0,2,0,0,0
Amity,3,0,1,0,1,0,0,0,0,0,1,0
Angaston,3,0,0,0,0,1,0,0,1,1,0,0
Appin,3,0,0,0,1,1,0,0,1,0,0,0
Applethorpe,3,0,0,0,0,0,0,0,0,0,1,2
Archerfield,3,0,0,0,1,0,0,0,1,0,1,0
Attwood,3,0,0,0,0,0,0,0,2,0,0,1
Aveley,3,0,0,0,0,1,0,0,0,0,0,2
Badger Creek,3,0,0,0,0,2,0,0,0,0,0,1
Bakers Creek,3,0,0,0,0,0,0,0,0,0,1,2
Balgal Beach,3,0,0,0,3,0,0,0,0,0,0,0
Ballarat Central,3,0,0,0,0,1,0,0,0,0,1,1
Banksia,3,0,0,0,2,0,0,0,0,0,1,0
Bardwell Park,3,0,0,0,0,1,0,0,0,1,1,0
Barnawartha,3,0,0,0,0,0,0,0,2,0,0,1
Basin View,3,0,0,0,0,0,0,0,2,1,0,0
Bass,3,0,0,0,0,2,0,0,0,0,1,0
Batemans Bay,3,0,0,0,1,1,0,0,0,0,0,1
Batlow,3,0,0,0,0,1,0,0,0,0,1,1
Battery Point,3,0,0,0,2,0,0,0,1,0,0,0
Baynton,3,0,0,0,0,1,0,0,0,0,2,0
Bayswater North,3,0,0,0,1,0,0,0,1,0,0,1
Beachlands,3,0,0,0,1,1,0,0,0,0,0,1
Beechworth,3,0,0,0,1,0,0,0,0,0,0,2
Belair,3,0,0,0,0,0,0,0,1,1,0,1
Belfield,3,0,0,0,0,2,0,0,1,0,0,0
Belgian Gardens,3,0,0,0,1,0,0,0,0,0,0,2
Belivah,3,1,0,0,0,0,0,0,1,0,0,1
Bellamack,3,0,0,0,0,0,0,0,2,0,1,0
Bellbridge,3,0,0,0,1,0,0,0,1,0,0,1
Bellevue,3,1,0,0,0,1,0,0,1,0,0,0
Belli Park,3,0,0,0,0,0,0,0,0,0,0,3
Belrose,3,0,0,0,1,0,0,0,0,0,1,1
Bemboka,3,0,0,0,1,0,0,0,2,0,0,0
Benaraby,3,0,0,0,0,1,0,0,0,0,1,1
Bennett Springs,3,0,0,0,0,0,0,0,1,0,0,2
Bensville,3,0,1,0,0,0,0,0,2,0,0,0
Berowra Heights,3,0,0,0,0,1,0,0,1,0,1,0
Berry Springs,3,0,0,0,0,1,1,0,0,0,0,1
Bilinga,3,0,0,0,0,0,0,0,1,0,1,1
Birchgrove,3,0,0,0,1,1,0,0,0,1,0,0
Black Hill,3,0,0,0,1,0,0,0,0,0,2,0
Blackburn North,3,1,0,0,1,0,0,0,1,0,0,0
Blackmans Bay,3,0,0,0,2,0,0,0,0,0,1,0
Blacksmiths,3,0,1,0,0,0,0,0,0,0,0,2
Blue Bay,3,0,0,0,2,0,0,0,1,0,0,0
Bluff Point,3,0,0,0,0,1,0,0,1,0,0,1
Bonner,3,0,0,0,0,0,0,0,1,0,1,1
Booker Bay,3,0,0,0,0,0,0,0,0,0,2,1
Bow Bowing,3,0,0,0,0,1,0,0,1,0,0,1
Bowenfels,3,0,0,0,0,1,0,0,0,0,2,0
Bowraville,3,0,0,0,1,0,0,0,2,0,0,0
Braidwood,3,0,0,0,0,1,0,0,0,0,2,0
Brassal,3,0,0,0,0,0,0,0,1,0,0,2
Bridgeman Downs,3,0,0,0,1,0,0,0,1,0,1,0
Brighton Le Sands,3,0,0,0,0,0,0,0,1,0,2,0
Brim,3,0,0,1,1,0,0,0,0,0,0,1
Brinkin,3,0,1,0,0,1,0,0,0,0,0,1
Brompton,3,0,1,0,0,0,0,0,0,0,1,1
Bruthen,3,0,0,0,0,2,0,0,0,0,0,1
Buccan,3,0,0,0,1,0,0,0,0,0,0,2
Bullaburra,3,0,0,0,1,1,0,0,0,0,0,1
Bulli,3,0,1,0,0,0,0,0,0,1,1,0
Bundaberg West,3,0,0,0,0,0,0,0,2,0,1,0
Bundarra,3,0,0,0,1,1,0,0,0,0,0,1
Burringbar,3,0,0,0,0,0,0,0,1,0,2,0
Burwood East,3,0,1,0,1,0,0,0,0,1,0,0
Callaghan,3,0,1,0,0,0,0,0,0,0,1,1
Cannon Valley,3,0,0,0,1,0,0,0,1,0,0,1
Cape Burney,3,0,0,0,1,0,1,0,0,0,0,1
Capella,3,0,0,0,2,1,0,0,0,0,0,0
Caravonica,3,0,0,0,0,0,0,0,1,0,1,1
Carine,3,0,0,0,0,0,0,0,2,0,1,0
Cashmere,3,0,0,0,0,0,1,0,1,0,1,0
Castletown,3,0,1,0,1,0,0,0,1,0,0,0
Cawarral,3,0,0,0,2,0,0,0,0,0,1,0
Cedar Creek,3,0,0,0,0,0,0,0,2,0,1,0
Cedar Grove,3,0,0,0,0,1,0,0,1,0,1,0
Ceduna,3,1,0,0,0,1,0,0,0,0,0,1
Chelsea Heights,3,0,0,0,0,0,0,0,1,0,1,1
Chillagoe,3,0,0,0,0,0,1,0,0,0,1,1
Chuwar,3,0,0,0,0,0,0,0,1,0,2,0
Claremont Meadows,3,0,0,1,0,1,0,0,0,0,1,0
Clarence Gardens,3,0,0,0,1,0,0,0,1,0,1,0
Clarendon Vale,3,0,0,0,0,1,0,0,1,0,0,1
Clarenza,3,0,0,0,0,1,0,0,1,0,1,0
Colebee,3,0,0,0,0,0,0,0,0,0,1,2
Conondale,3,0,0,0,0,2,0,0,1,0,0,0
Coochiemudlo Island,3,0,0,0,0,0,0,0,2,1,0,0
Cooee Bay,3,0,0,0,1,1,0,0,0,0,0,1
Coolah,3,0,0,0,0,0,0,0,1,0,1,1
Cootharaba,3,0,0,0,0,0,0,0,2,0,0,1
Coraki,3,0,0,0,0,0,0,0,0,0,0,3
Corryong,3,1,0,0,2,0,0,0,0,0,0,0
Cosgrove,3,0,0,0,1,0,0,0,0,0,1,1
Cow Bay,3,0,1,0,1,0,0,0,0,0,1,0
Cowandilla,3,0,0,0,0,1,0,0,1,0,0,1
Croudace Bay,3,0,0,0,0,1,0,0,1,0,0,1
Croydon South,3,0,0,0,1,0,0,0,0,0,0,2
Crystal Brook,3,1,0,0,0,1,0,0,0,1,0,0
Cundletown,3,0,0,0,0,2,0,0,0,0,0,1
Currumbin Valley,3,0,0,0,0,0,0,0,1,0,0,2
Darling Point,3,0,0,0,1,0,0,0,0,0,0,2
Deceptionbay,3,0,0,0,0,0,0,0,0,0,1,2
Delahey,3,0,0,0,0,1,0,0,0,0,1,1
Depot Hill,3,0,0,0,1,0,0,0,0,0,0,2
Diamond Beach,3,0,0,0,0,1,0,0,2,0,0,0
Dicky Beach,3,0,0,0,1,0,0,0,0,0,0,2
Dimbulah,3,0,0,0,1,0,0,0,1,0,0,1
Dingley Village,3,0,0,0,1,0,0,0,2,0,0,0
Dingo Beach,3,0,0,0,1,0,0,0,1,0,1,0
Dodges Ferry,3,0,0,0,1,0,0,0,0,1,1,0
Don Valley,3,0,0,0,0,0,0,0,1,1,0,1
Donald,3,0,0,0,0,2,0,0,1,0,0,0
Dongara,3,0,0,0,0,0,0,0,1,0,0,2
Dublin,3,0,0,0,0,1,0,0,2,0,0,0
Dumbleyung,3,0,0,0,1,1,0,0,0,0,1,0
Dundas,3,0,0,0,1,0,0,0,2,0,0,0
Dundowran,3,0,0,0,1,0,0,0,0,0,1,1
Duranbah,3,0,0,0,0,0,0,0,2,0,0,1
Eaglemont,3,0,0,0,1,0,0,0,0,0,2,0
East Bairnsdale,3,0,0,0,0,1,0,0,0,0,0,2
East Bentleigh,3,0,0,0,0,0,0,0,0,2,1,0
East Hills,3,0,0,0,1,0,0,0,0,0,0,2
East Jindabyne,3,0,0,0,1,0,0,0,2,0,0,0
East Kempsey,3,0,0,0,0,1,0,0,1,0,1,0
Elizabeth North,3,0,0,0,1,0,0,0,0,0,1,1
Elliminyt,3,0,0,0,1,0,0,0,2,0,0,0
Empire Bay,3,0,0,0,1,1,0,0,0,0,1,0
Enoggera,3,0,0,0,0,2,0,0,0,1,0,0
Euroa,3,0,0,0,0,0,0,0,0,0,0,3
Exeter,3,0,0,0,0,0,0,0,0,0,2,1
Fadden,3,0,0,0,0,3,0,0,0,0,0,0
Fairlight,3,0,0,0,0,2,0,1,0,0,0,0
Fairview Park,3,0,0,0,0,0,0,0,0,0,3,0
Fernhill,3,0,1,0,1,0,0,0,1,0,0,0
Ferny Creek,3,0,0,0,1,2,0,0,0,0,0,0
Ferryden Park,3,0,0,0,0,0,0,0,1,0,0,2
Fisher,3,0,0,0,0,0,0,0,0,0,1,2
Flinders Park,3,0,1,0,0,0,0,0,1,0,0,1
Forrest,3,0,0,0,0,1,0,0,1,0,1,0
Forrestdale,3,0,0,0,0,1,0,0,0,0,0,2
Frederickton,3,1,0,0,0,0,0,0,1,0,1,0
Freemans Reach,3,0,0,0,1,0,0,0,0,0,1,1
Furnissdale,3,0,0,0,0,2,0,0,0,0,0,1
Gawler East,3,0,0,0,1,0,0,0,1,0,0,1
Gelorup,3,0,0,0,0,0,0,0,1,0,2,0
Geurie,3,0,0,0,1,0,0,0,0,0,0,2
Gilgai,3,0,1,0,0,0,0,0,1,0,0,1
Gilgandra,3,0,0,0,0,0,0,0,0,0,1,2
Gilles Plains,3,0,0,0,0,1,0,0,0,1,1,0
Girraween,3,0,0,0,0,2,0,0,1,0,0,0
Gledhow,3,0,0,0,0,1,0,0,0,0,0,2
Glenalta,3,0,1,0,1,0,0,0,1,0,0,0
Glendenning,3,0,0,0,1,0,0,0,1,0,1,0
Glenelg,3,0,0,0,0,0,0,0,0,0,1,2
Glenelg North,3,0,0,0,0,1,0,0,1,0,0,1
Glossodia,3,0,0,0,1,1,0,0,0,0,0,1
Glynde,3,0,0,0,0,0,0,0,1,0,0,2
Gnowangerup,3,0,0,0,0,0,0,0,0,1,1,1
Gobbagombalin,3,0,0,0,1,0,0,0,1,0,1,0
Goolwa,3,1,0,0,0,1,0,0,0,0,1,0
Goomboorian,3,0,0,0,3,0,0,0,0,0,0,0
Grange,3,0,0,0,2,0,0,0,0,0,0,1
Grantham,3,0,0,0,0,0,0,0,0,0,0,3
Gravesend,3,0,0,0,0,0,0,0,1,0,0,2
Greenway,3,0,0,0,0,1,0,0,0,0,0,2
Grenfell,3,0,0,0,0,1,0,0,1,0,0,1
Grose Wold,3,0,0,0,1,0,0,0,0,1,0,1
Gulgong,3,0,0,0,0,0,0,0,0,0,2,1
Gunn,3,0,0,0,0,0,0,0,2,0,0,1
Gunning,3,0,0,0,0,0,0,0,2,0,1,0
Hadfield,3,0,0,0,0,1,0,0,1,0,0,1
Halekulani,3,0,0,0,1,0,0,0,0,0,0,2
Hallidays Point,3,0,0,0,2,0,0,0,0,0,1,0
Hampton East,3,0,0,0,2,0,0,0,0,0,0,1
Happy Valley,3,0,0,0,0,1,0,0,0,0,1,1
Harrington Park,3,0,0,0,1,0,0,0,0,0,2,0
Hatton Vale,3,0,0,0,0,0,0,0,1,0,0,2
Hayborough,3,0,0,0,0,0,0,0,1,0,0,2
Haynes,3,0,0,0,0,0,0,0,0,0,2,1
Healy,3,0,0,0,0,1,0,0,0,0,1,1
Heatherbrae,3,0,0,0,0,1,0,0,0,0,2,0
Heathwood,3,0,0,0,0,0,0,0,0,0,2,1
Helensburgh,3,0,0,0,0,2,1,0,0,0,0,0
Hendra,3,0,0,0,0,0,0,0,1,0,0,2
Herston,3,0,0,0,0,0,0,0,1,0,1,1
Hewett,3,0,0,0,0,0,0,0,3,0,0,0
Heyfield,3,0,0,0,1,1,0,0,0,0,1,0
Highgate,3,0,0,0,1,0,0,0,1,0,1,0
Hodgson Vale,3,0,0,0,0,1,0,0,0,0,1,1
Holden Hill,3,0,0,0,0,0,0,0,0,0,1,2
Holloways Beach,3,0,0,0,1,0,0,0,0,0,0,2
Hurstbridge,3,0,0,0,1,0,0,0,0,0,0,2
Hyde Park,3,0,1,0,0,0,0,0,0,0,1,1
Hydeaway Bay,3,0,0,0,0,0,0,0,1,0,0,2
Inverloch,3,0,0,0,0,0,0,0,1,0,1,1
Inverness,3,0,1,0,1,1,0,0,0,0,0,0
Ironbark,3,0,0,0,0,0,0,0,1,0,1,1
Jones Hill,3,0,0,0,0,0,0,0,2,0,1,0
Junction Hill,3,0,0,0,1,0,0,0,0,0,0,2
Junction Village,3,0,0,0,0,1,0,0,0,0,0,2
Kalbarri,3,1,0,0,0,0,0,0,0,0,2,0
Karana Downs,3,0,1,0,1,0,0,0,0,0,0,1
Karawara,3,0,0,0,0,1,0,0,1,0,0,1
Kareela,3,1,0,0,0,0,0,0,0,0,1,1
Karnup,3,0,0,0,1,0,0,0,0,0,1,1
Karratha,3,0,0,0,1,0,0,0,0,0,1,1
Karrinyup,3,0,0,0,1,1,0,0,1,0,0,0
Kearneys Spring,3,0,1,0,0,0,0,0,0,0,1,1
Kenilworth,3,0,0,0,0,0,0,0,2,0,1,0
Kenmore Hills,3,0,0,0,0,0,1,0,1,0,1,0
Kialla,3,1,0,0,1,0,0,0,0,0,0,1
Kilkenny,3,0,0,0,0,0,0,0,0,0,1,2
Killarney Heights,3,0,0,0,0,0,0,0,1,0,1,1
Kings Beach,3,0,0,0,0,0,0,0,0,0,2,1
Kingsbury,3,0,0,0,1,0,0,0,2,0,0,0
Kingscote,3,0,0,0,0,0,0,0,1,0,0,2
Kingston Beach,3,0,0,0,2,0,0,0,0,0,0,1
Knoxfield,3,0,0,0,0,0,0,0,1,0,1,1
Koondrook,3,0,0,0,0,1,0,0,1,0,1,0
Kotara,3,0,0,0,0,0,0,0,0,0,3,0
Kotara South,3,0,0,0,0,2,0,0,0,0,0,1
Koumala,3,0,0,0,1,1,0,0,0,0,0,1
Kundabung,3,0,0,0,0,2,0,0,1,0,0,0
Laidley Heights,3,0,0,0,0,0,0,0,1,0,1,1
Lake Coogee,3,0,0,0,0,1,0,0,1,0,1,0
Lake Heights,3,0,0,0,0,1,0,0,0,0,0,2
Largs,3,0,1,0,0,1,0,0,0,0,0,1
Lauderdale,3,0,0,0,0,1,0,0,0,0,0,2
Lesmurdie,3,0,0,0,0,1,0,0,1,0,1,0
Lewiston,3,0,0,0,1,0,0,0,1,0,1,0
Leyburn,3,0,0,0,0,0,0,0,0,0,3,0
Lilli Pilli,3,0,0,0,1,0,0,0,2,0,0,0
Little Bay,3,0,0,0,0,2,1,0,0,0,0,0
Llanarth,3,0,0,0,1,0,0,0,0,0,0,2
Loch Sport,3,0,0,0,1,1,0,0,0,0,1,0
Logan,3,0,0,0,0,0,0,0,0,0,0,3
Long Gully,3,0,0,0,2,0,0,0,0,0,1,0
Lorn,3,0,0,0,0,1,0,0,1,0,1,0
Lota,3,0,0,0,0,0,0,0,1,0,1,1
Lucas,3,0,0,0,0,1,0,0,1,0,1,0
Lynbrook,3,0,0,0,0,0,0,0,0,1,1,1
Lyndhurst,3,0,0,0,0,1,0,0,2,0,0,0
Macquarie,3,0,0,0,0,0,0,0,1,0,1,1
Maleny,3,0,0,0,0,0,0,0,0,1,1,1
Manning,3,0,0,0,0,0,0,0,1,0,2,0
Marden,3,0,0,0,1,0,0,0,1,0,0,1
Maslin Beach,3,0,0,0,1,0,0,0,0,0,2,0
Mathoura,3,0,1,0,0,1,0,0,0,0,1,0
Meadowbank,3,0,0,0,1,0,0,0,0,0,1,1
Melrose Park,3,0,0,0,1,0,0,0,0,0,1,1
Menangle,3,0,0,0,0,0,0,0,1,1,0,1
Meringandan West,3,0,0,0,0,0,0,0,1,1,0,1
Miandetta,3,0,0,0,0,0,0,0,1,0,0,2
Middlemount,3,0,0,0,2,0,0,0,0,0,0,1
Mile End,3,0,0,0,0,0,0,0,2,0,0,1
Millbridge,3,0,0,0,1,0,0,0,0,0,1,1
Minyirr,3,0,1,0,1,1,0,0,0,0,0,0
Monto,3,0,0,0,0,0,0,0,0,0,2,1
Moresby,3,0,0,0,0,1,0,0,0,0,0,2
Mortlake,3,0,0,0,1,0,0,0,2,0,0,0
Mosman Park,3,0,0,0,0,0,1,0,1,0,0,1
Mount Evelyn,3,0,0,0,0,0,0,0,0,0,0,3
Mount Keira,3,0,0,0,0,1,0,0,2,0,0,0
Mount Nathan,3,0,0,0,0,0,0,0,0,0,0,3
Mount Saint Thomas,3,0,0,0,0,2,0,0,0,0,0,1
Mt Druitt,3,0,0,0,0,0,0,0,0,0,1,2
Mt Gravatt East,3,0,0,0,0,0,0,0,1,0,1,1
Mt Morgan,3,0,1,0,1,0,0,0,0,0,1,0
Mungindi,3,1,0,0,1,1,0,0,0,0,0,0
Murtoa,3,0,0,0,1,1,0,0,1,0,0,0
Myocum,3,0,0,1,0,0,0,0,2,0,0,0
Nana Glen,3,0,0,0,1,0,0,0,0,1,1,0
Narrabundah,3,0,0,0,2,1,0,0,0,0,0,0
Neerim South,3,0,0,0,1,0,0,0,0,0,0,2
Neutral Bay,3,0,0,0,0,0,1,0,0,0,0,2
Newcastle West,3,0,1,0,0,0,0,0,1,0,0,1
Ngunnawal,3,0,0,0,0,1,0,0,1,0,0,1
Noarlunga Downs,3,0,1,0,1,0,0,0,0,0,1,0
Normanton,3,0,0,0,0,0,0,0,0,0,1,2
North Batemans Bay,3,0,0,0,1,1,0,0,0,0,0,1
North Lake,3,0,0,0,2,0,0,0,1,0,0,0
North Manly,3,0,0,0,1,1,0,0,0,0,1,0
North Wollongong,3,0,0,0,0,2,0,0,0,0,1,0
North Wonthaggi,3,0,0,0,0,1,0,0,0,0,0,2
Northbridge,3,0,0,0,0,1,1,0,1,0,0,0
Northlakes,3,0,0,0,0,0,0,0,0,0,1,2
Norwest,3,0,0,0,0,1,0,0,0,1,0,1
Norwood,3,0,0,0,0,2,0,0,0,0,0,1
Nowra East,3,0,0,0,0,0,0,0,1,0,0,2
Nulkaba,3,0,0,0,1,0,0,0,0,0,0,2
Nulsen,3,0,0,0,0,1,0,0,1,0,1,0
Nyora,3,0,0,0,0,2,0,0,1,0,0,0
Oak Park,3,0,0,0,0,0,1,0,1,0,0,1
Onslow,3,0,0,0,1,0,0,0,0,0,0,2
Oyster Bay,3,0,0,0,0,0,0,0,0,0,1,2
Pacific Heights,3,0,0,0,0,0,1,0,1,0,1,0
Pallara,3,0,0,0,0,0,0,0,0,1,0,2
Panorama,3,0,0,0,0,0,0,0,1,0,1,1
Para Hills,3,0,0,0,0,0,0,0,2,0,0,1
Park Ridge South,3,0,0,0,0,0,0,0,1,0,1,1
Parklands,3,0,0,0,0,0,0,0,0,0,1,2
Paynesville,3,0,0,0,0,0,0,0,1,0,0,2
Petrie Terrace,3,0,0,0,0,0,0,0,2,0,0,1
Pioneer,3,0,0,0,0,0,0,0,1,0,1,1
Poowong,3,0,0,0,0,1,0,0,1,0,1,0
Port Pirie West,3,0,0,0,0,0,0,0,0,0,2,1
Port Wakefield,3,0,0,0,0,0,0,0,1,0,1,1
Possum Brush,3,0,0,0,0,1,0,0,0,0,2,0
Pratten,3,0,0,0,0,0,0,0,0,0,1,2
Putney,3,0,0,0,1,0,0,0,0,0,1,1
Quaama,3,0,0,0,0,2,0,0,0,0,0,1
Queenton,3,0,0,0,1,0,0,0,0,0,2,0
Rangeway,3,0,0,0,0,0,0,0,0,0,1,2
Rankin Park,3,0,0,0,0,2,0,0,0,0,1,0
Razorback,3,0,0,0,0,0,0,0,1,0,2,0
Redridge,3,0,0,0,0,0,0,0,2,0,0,1
Redwood Park,3,0,0,1,0,0,0,0,0,0,2,0
Renmark,3,0,0,0,0,0,0,0,2,0,0,1
Renwick,3,0,1,0,0,0,0,0,0,0,1,1
Reynella,3,0,0,0,0,0,0,0,0,0,1,2
Rhodes,3,0,0,0,0,1,0,0,1,0,0,1
Richardson,3,0,0,0,1,0,0,0,0,0,1,1
Richmond Hill,3,0,0,0,0,0,0,0,1,0,0,2
Riverside,3,0,0,0,0,0,0,0,0,1,1,1
Robe,3,0,1,0,0,0,1,0,0,0,1,0
Rocherlea,3,0,0,0,0,0,0,0,0,0,2,1
Rocklea,3,0,0,0,0,0,0,0,0,0,3,0
Roleystone,3,0,0,0,0,0,0,0,1,0,1,1
Rosehill,3,0,0,0,0,2,0,0,0,0,0,1
Roseneath,3,0,0,0,2,0,0,0,0,0,0,1
Royalla,3,0,0,0,0,0,0,0,1,0,0,2
Royston Park,3,0,0,0,0,0,0,0,1,0,0,2
Saint Albans,3,0,0,0,0,2,0,0,0,0,1,0
Saint Georges Basin,3,0,0,0,0,2,0,0,0,0,1,0
Saint Leonards,3,0,0,0,0,1,0,0,1,0,0,1
Salamander Bay,3,0,0,0,0,0,0,0,1,0,1,1
Sandy Beach,3,0,0,0,0,0,0,0,3,0,0,0
Seacliff Park,3,0,0,0,1,0,0,0,2,0,0,0
Seacombe Gardens,3,0,0,0,0,0,0,0,0,1,1,1
Seaforth,3,0,0,0,1,0,0,0,1,0,0,1
Sefton,3,0,0,0,1,0,0,0,0,0,0,2
Seville,3,0,0,0,2,0,0,0,0,0,1,0
Sexton,3,0,0,0,1,0,0,0,1,0,0,1
Shearwater,3,0,0,0,0,0,0,0,2,0,0,1
Sheidow Park,3,0,1,0,1,0,0,0,1,0,0,0
Shell Cove,3,0,0,0,0,0,0,0,2,0,1,0
Shoalwater,3,0,0,0,1,0,0,0,1,0,0,1
Shorncliffe,3,1,0,0,0,0,0,0,1,0,1,0
Smithfield Plains,3,0,0,0,0,0,0,0,0,0,0,3
Smiths Lake,3,0,0,0,0,0,0,0,1,0,0,2
Snake Valley,3,0,0,0,0,0,0,0,1,1,1,0
Somers,3,0,0,0,1,0,0,0,1,0,0,1
South Ballina,3,0,0,0,0,2,0,0,0,0,1,0
South Guildford,3,0,0,0,0,0,0,0,0,0,1,2
South Murwillumbah,3,0,0,0,0,0,0,0,0,0,1,2
South Ripley,3,0,0,0,1,0,0,0,1,0,1,0
St Andrew’S,3,0,0,0,0,1,0,0,0,0,0,2
Strathfield South,3,0,0,0,0,0,1,0,0,0,1,1
Street,3,0,0,0,0,1,0,0,0,1,1,0
Stuarts Point,3,0,0,0,0,1,0,0,1,0,0,1
Sturt,3,0,0,0,0,1,0,0,1,1,0,0
Suffolk Park,3,0,0,0,0,0,0,0,0,0,1,2
Sulphur Creek,3,0,0,0,0,0,0,0,1,0,1,1
Surat,3,0,0,0,0,1,0,0,0,0,1,1
Surf Beach,3,0,0,0,3,0,0,0,0,0,0,0
Surrey Downs,3,0,0,0,1,1,0,0,0,0,0,1
Sydenham,3,0,0,0,0,0,0,0,2,0,0,1
Tallangatta,3,0,0,0,0,0,0,0,1,0,0,2
Tamaree,3,0,0,0,0,0,0,0,1,0,1,1
Tanawha,3,0,0,0,0,1,0,0,0,0,1,1
Taranganba,3,0,0,0,0,0,0,0,3,0,0,0
Tathra,3,0,0,0,1,0,0,0,0,0,1,1
Tea Gardens,3,0,0,0,1,1,0,0,0,0,0,1
Tecoma,3,0,0,0,0,1,0,0,0,0,1,1
Terranora,3,0,0,0,0,1,0,0,2,0,0,0
Thagoona,3,0,0,0,0,2,0,0,0,0,0,1
The Basin,3,0,0,0,0,1,0,0,1,0,0,1
The Rock,3,0,0,0,1,0,0,0,1,0,0,1
Thornhill Park,3,1,0,0,0,1,0,0,1,0,0,0
Tieri,3,0,0,0,0,0,0,0,2,0,0,1
Tighes Hill,3,0,0,0,1,1,0,0,1,0,0,0
Tivoli,3,0,0,0,0,0,0,0,1,0,1,1
Torbanlea,3,0,1,0,0,0,0,0,0,1,0,1
Torrensville,3,0,0,0,0,0,0,0,2,0,1,0
Townsville City,3,0,0,0,0,0,0,0,1,0,1,1
Trangie,3,0,0,0,0,1,0,0,0,0,0,2
Tranmere,3,0,0,0,0,0,0,0,0,1,0,2
Trigg,3,0,0,0,1,1,0,0,1,0,0,0
Trundle,3,0,0,0,1,1,0,0,0,0,1,0
Tuchekoi,3,0,0,0,0,0,0,0,1,0,0,2
Tumut,3,0,0,0,0,1,0,0,0,0,0,2
Turners Beach,3,0,0,0,0,0,0,0,0,0,3,0
Upwey,3,0,0,0,0,0,0,0,2,0,0,1
Usher,3,0,0,0,0,1,0,0,2,0,0,0
Valentine,3,0,0,0,0,1,0,0,1,0,0,1
Valley View,3,0,0,0,1,0,0,0,1,0,1,0
Vermont,3,0,0,0,0,0,0,0,1,0,1,1
Victor Harbor,3,0,0,0,1,0,0,0,1,0,1,0
Wadalba,3,0,0,0,1,1,0,0,0,0,1,0
Waggrakine,3,0,0,0,0,0,0,0,0,0,0,3
Wahgunyah,3,0,0,0,0,0,0,0,0,1,1,1
Walcha,3,0,0,0,0,0,0,0,0,0,1,2
Wandi,3,0,0,0,0,1,0,0,0,0,0,2
Wanniassa,3,0,0,0,0,1,0,0,1,0,0,1
Wantirna,3,0,1,0,0,0,0,0,1,0,1,0
Warabrook,3,0,0,0,0,0,0,0,1,0,1,1
Wards River,3,0,0,0,1,0,0,0,2,0,0,0
Warrane,3,0,0,0,0,0,0,0,1,0,0,2
Warrimoo,3,0,0,0,0,2,0,0,0,0,1,0
Waverley,3,0,1,0,0,1,0,0,0,0,1,0
Weipa,3,0,0,0,0,0,0,0,1,0,1,1
Wellesley Islands,3,0,0,0,0,0,0,0,1,0,1,1
Wentworth,3,0,0,0,0,0,1,0,1,0,0,1
West Bathurst,3,0,0,0,0,0,0,0,0,0,2,1
West Lakes,3,0,0,0,1,0,0,0,1,0,1,0
West Lakes Shore,3,1,0,0,0,0,0,0,1,0,0,1
West Launceston,3,0,0,0,0,1,0,0,1,0,1,0
West Pennant Hills,3,0,0,0,0,1,0,0,0,0,1,1
West Stowe,3,0,0,0,0,1,0,0,0,0,0,2
West Wallsend,3,0,2,0,0,0,0,0,0,0,1,0
West Wyalong,3,0,0,0,0,1,0,0,0,0,1,1
Westend,3,0,0,0,0,2,0,0,0,0,0,1
Westlake,3,0,0,0,0,0,0,0,1,1,0,1
Westleigh,3,0,0,0,1,0,0,0,1,0,1,0
White Hills,3,0,0,0,0,2,0,0,0,0,0,1
Whittlesea,3,0,0,0,1,0,0,0,2,0,0,0
Whyalla Jenkins,3,0,0,0,0,1,0,0,1,0,1,0
Willowbank,3,0,0,0,0,0,0,0,1,0,0,2
Willunga,3,0,0,0,1,1,0,0,0,0,0,1
Witta,3,0,1,0,0,0,0,0,1,0,1,0
Wolli Creek,3,0,0,0,0,1,0,0,1,0,0,1
Wollongbar,3,0,1,0,0,0,0,0,2,0,0,0
Wollstonecraft,3,0,0,0,0,0,1,0,1,0,0,1
Wongawallan,3,0,0,0,0,1,0,0,0,0,0,2
Wongawilli,3,0,0,0,0,0,1,0,1,0,0,1
Woodgate,3,0,0,0,1,0,0,0,0,0,0,2
Woodpark,3,0,0,0,0,2,0,0,0,0,0,1
Wooloowin,3,0,0,0,0,0,0,0,1,0,2,0
Woori Yallock,3,1,0,0,0,0,0,0,0,0,1,1
Wooyung,3,0,1,0,0,0,0,0,0,0,2,0
Woronora,3,0,0,0,0,0,0,1,1,0,0,1
Wulkuraka,3,0,0,0,0,0,0,0,1,0,1,1
Wyndham,3,0,0,0,1,0,0,0,0,0,1,1
Yakamia,3,0,0,0,0,1,0,0,0,0,0,2
Yallourn North,3,1,0,0,0,0,0,0,1,0,1,0
Yanco,3,0,0,0,0,1,0,0,0,0,1,1
Yarra Junction,3,0,0,0,0,0,0,0,0,1,1,1
Yarram,3,0,0,0,1,0,0,0,1,0,1,0
Yatala,3,0,0,0,1,0,0,0,1,0,1,0
Yippin Creek,3,0,0,0,0,0,0,0,0,0,0,3
Yowie Bay,3,0,0,0,0,0,0,0,0,0,2,1
Abercorn,2,0,0,0,2,0,0,0,0,0,0,0
Abercrombie,2,0,0,0,0,0,0,0,1,0,1,0
Aberdeen,2,1,0,0,0,0,0,0,1,0,0,0
Acton Park,2,0,0,0,0,0,0,0,1,0,0,1
Adelaide Park,2,0,0,0,1,0,0,0,0,0,1,0
Adelaide River,2,0,0,0,1,0,0,0,1,0,0,0
Alawa,2,0,0,0,0,2,0,0,0,0,0,0
Aldgate,2,0,0,0,0,0,0,0,0,0,1,1
Alexander Heights,2,0,0,0,0,0,0,0,0,1,1,0
Alfords Point,2,0,0,0,0,1,0,0,0,1,0,0
Allambie,2,0,0,0,1,0,0,0,0,0,1,0
Alton Downs,2,0,0,0,0,0,0,0,0,0,1,1
Amamoor,2,0,1,0,1,0,0,0,0,0,0,0
Amaroo,2,0,0,0,0,0,0,0,1,0,0,1
American River,2,0,0,0,1,0,1,0,0,0,0,0
Amphitheatre,2,0,0,0,0,1,0,0,0,0,0,1
Anglesea,2,0,0,0,1,0,0,0,1,0,0,0
Araluen,2,0,0,0,0,2,0,0,0,0,0,0
Aratula,2,1,0,0,1,0,0,0,0,0,0,0
Ariah Park,2,1,0,0,0,0,0,0,0,0,0,1
Armstrong Beach,2,0,0,0,0,0,0,0,1,0,0,1
Aroona,2,0,0,0,0,0,0,0,1,0,0,1
Arumbera,2,0,0,0,0,0,0,0,1,0,1,0
Ascot Park,2,0,0,0,0,0,0,0,0,0,1,1
Aspendale Gardens,2,0,0,0,0,0,0,0,1,0,0,1
Aurukun,2,0,0,0,0,1,0,0,0,0,1,0
Austinmer,2,0,0,0,0,0,0,0,0,0,0,2
Austins Ferry,2,0,0,0,0,0,0,0,1,0,0,1
Balaklava,2,0,0,0,0,0,0,0,2,0,0,0
Ballarat,2,0,0,0,0,1,0,0,0,0,1,0
Ballarat North,2,0,0,0,0,0,0,0,0,0,2,0
Balwyn North,2,0,0,0,0,0,0,0,0,0,0,2
Bamaga,2,0,0,0,0,0,0,0,1,0,0,1
Banjup,2,0,0,0,0,0,0,0,1,0,0,1
Bannaby,2,0,0,0,1,0,0,0,0,0,1,0
Bar Beach,2,0,1,0,0,1,0,0,0,0,0,0
Baralaba,2,0,0,0,0,0,1,0,0,1,0,0
Bardia,2,0,0,0,1,0,0,0,0,0,0,1
Barellan Point,2,0,0,0,0,0,0,0,0,0,1,1
Barham,2,0,0,0,0,1,0,0,1,0,0,0
Barmera,2,0,0,0,0,0,0,0,0,0,1,1
Barooga,2,0,0,0,1,0,0,0,1,0,0,0
Barrengarry,2,1,0,0,0,0,0,0,1,0,0,0
Barwon Heads,2,0,0,0,1,0,0,0,0,0,1,0
Beaconsfield Upper,2,0,1,0,0,0,0,0,1,0,0,0
Beaumont,2,0,0,0,1,0,0,0,1,0,0,0
Beechmont,2,0,0,0,0,0,0,0,2,0,0,0
Bell Post Hill,2,0,0,0,0,0,0,0,0,0,1,1
Bently,2,0,0,0,0,0,0,0,0,0,1,1
Berridale,2,0,0,0,0,0,0,0,0,0,2,0
Berrimah,2,0,0,0,0,0,0,0,0,0,1,1
Berrinba,2,0,0,0,1,0,0,0,1,0,0,0
Berringama,2,0,0,0,0,1,0,0,1,0,0,0
Beulah Park,2,0,0,0,0,0,0,0,1,0,1,0
Bexhill,2,0,1,0,0,0,0,0,1,0,0,0
Bexley North,2,0,1,0,1,0,0,0,0,0,0,0
Bilambil,2,0,0,0,0,1,0,0,1,0,0,0
Bilgola Plateau,2,0,0,0,0,0,0,0,1,0,0,1
Bilingurr,2,0,0,0,1,0,0,0,0,0,0,1
Binningup,2,0,0,0,0,0,0,0,0,0,2,0
Blackbutt South,2,0,0,0,0,1,0,0,0,0,0,1
Blackman'S Bay,2,0,0,0,1,0,0,0,1,0,0,0
Boambee,2,0,0,0,0,0,0,0,0,0,0,2
Boggabilla,2,0,0,0,0,1,0,0,0,0,0,1
Bolivia,2,0,0,0,0,0,1,0,0,0,0,1
Bolong,2,1,0,0,0,0,0,0,0,0,0,1
Bolwarra,2,1,0,0,0,0,0,0,0,1,0,0
Bonalbo,2,0,0,0,1,1,0,0,0,0,0,0
Bonnet Bay,2,0,0,0,1,0,0,0,0,0,1,0
Bonny Hills,2,0,0,0,1,1,0,0,0,0,0,0
Booborowie,2,0,0,0,1,0,0,0,0,0,0,1
Boolarra,2,0,0,0,1,0,0,0,0,0,1,0
Booroobin,2,0,0,0,1,0,0,0,0,0,0,1
Boorooma,2,0,0,0,0,0,0,0,2,0,0,0
Bordertown,2,0,0,0,0,1,0,0,0,0,0,1
Botanic Ridge,2,0,0,0,0,0,0,0,2,0,0,0
Bouldercombe,2,0,0,0,0,0,0,0,1,0,0,1
Bourkelands,2,0,0,0,0,0,0,0,1,0,1,0
Bowden,2,2,0,0,0,0,0,0,0,0,0,0
Boyanup,2,0,0,0,1,1,0,0,0,0,0,0
Boyup Brook,2,0,0,0,0,0,0,0,1,0,0,1
Bracewell,2,0,0,0,1,0,0,0,1,0,0,0
Brandy Creek,2,0,0,0,0,0,0,0,1,0,1,0
Branxton,2,0,0,0,1,0,0,0,1,0,0,0
Breakwater,2,0,0,0,0,0,0,0,0,0,1,1
Briagolong,2,0,0,0,0,1,0,0,0,0,1,0
Bridges,2,0,0,0,0,1,0,0,1,0,0,0
Bright,2,0,0,0,0,0,0,0,0,0,1,1
Brightwaters,2,0,0,0,1,0,0,0,0,0,1,0
Broadview,2,0,0,0,0,1,0,0,0,0,1,0
Brookhampton,2,0,1,0,0,0,0,0,0,0,1,0
Brooklands,2,0,0,0,0,0,0,0,0,0,0,2
Broomehill,2,0,0,0,0,0,0,0,1,0,0,1
Broughton,2,0,0,0,0,0,0,0,1,0,1,0
Bulahdelah,2,0,0,0,0,0,0,0,0,0,1,1
Bundabah,2,0,0,0,0,1,0,0,0,0,1,0
Bundaberg Central,2,0,0,0,0,1,0,0,1,0,0,0
Bundall,2,0,0,0,1,0,0,0,0,0,0,1
Bungadoo,2,0,0,0,0,0,0,0,1,0,1,0
Bungendore,2,0,1,0,0,1,0,0,0,0,0,0
Bunya,2,1,0,0,0,0,0,0,1,0,0,0
Burns Beach,2,0,0,0,0,1,0,0,0,0,1,0
Burra,2,1,0,0,0,0,0,0,1,0,0,0
Burradoo,2,0,0,0,1,0,0,0,0,0,1,0
Cabramatta West,2,0,0,0,0,1,0,0,1,0,0,0
Calderwood,2,0,0,0,0,0,0,0,1,0,1,0
Calen,2,0,0,0,1,0,0,0,0,0,0,1
Calvert,2,0,0,0,0,0,1,0,1,0,0,0
Cambewarra Village,2,0,0,0,1,1,0,0,0,0,0,0
Camden,2,0,0,0,0,0,0,0,0,0,1,1
Camden Head,2,0,0,0,0,0,0,0,1,1,0,0
Campbellfield,2,0,0,0,0,1,0,0,1,0,0,0
Canberra City,2,0,0,0,1,0,0,0,1,0,0,0
Canley Vale,2,0,0,0,1,1,0,0,0,0,0,0
Canningvale,2,0,0,0,0,0,1,0,0,0,0,1
Canowindra,2,0,0,0,0,0,0,0,0,0,0,2
Cape Woolamai,2,1,0,0,0,0,0,0,0,0,1,0
Carabooda,2,0,0,0,0,1,0,0,0,0,1,0
Cardigan,2,0,0,0,0,1,0,0,1,0,0,0
Carnes Hill,2,1,0,0,0,0,0,0,0,0,0,1
Cedar Vale,2,0,0,0,0,0,0,0,2,0,0,0
Central Coast,2,0,0,0,1,0,0,0,1,0,0,0
Chain Valley Bay,2,0,0,0,0,1,1,0,0,0,0,0
Charlton,2,0,0,0,0,0,0,0,0,0,1,1
Charnwood,2,0,0,0,0,0,0,0,1,0,0,1
Chevallum,2,0,0,0,1,0,0,0,0,0,0,1
Chevron Island,2,0,0,0,0,0,0,0,1,0,0,1
Chewton,2,0,0,0,0,0,1,0,0,1,0,0
Chifley,2,0,0,0,0,2,0,0,0,0,0,0
Chilcotts Grass,2,0,0,0,0,0,0,0,1,0,1,0
Chiswick,2,0,0,0,0,0,0,0,0,0,1,1
Chittaway Point,2,0,0,0,0,0,0,0,0,0,1,1
Churchable,2,0,0,0,0,0,0,0,0,0,2,0
Clarence Park,2,1,0,0,0,0,0,0,0,0,1,0
Clear Mountain,2,0,0,0,0,0,0,0,1,0,0,1
Clemton Park,2,0,0,0,0,0,0,0,0,0,1,1
Cobden,2,0,0,0,1,1,0,0,0,0,0,0
Cockburn Central,2,0,1,0,0,0,0,0,1,0,0,0
Coffee Camp,2,0,0,0,0,0,0,0,0,0,1,1
Collarenebri,2,0,0,0,0,1,0,0,0,0,1,0
Comboyne,2,0,0,0,1,0,0,0,0,0,1,0
Congupna,2,0,0,0,0,0,0,0,0,1,0,1
Coniston,2,0,0,0,1,0,0,0,0,0,1,0
Coober Pedy,2,0,0,0,0,0,0,0,0,0,1,1
Coolbinia,2,0,0,0,1,0,0,0,1,0,0,0
Coomba Park,2,0,0,0,1,0,0,0,1,0,0,0
Cooparoo,2,0,0,0,0,0,0,0,0,0,1,1
Cooyar,2,0,0,0,0,0,1,0,0,0,1,0
Corindi Beach,2,0,0,0,0,1,0,0,0,0,0,1
Corop,2,0,1,0,1,0,0,0,0,0,0,0
Cowaramup,2,0,0,0,0,1,0,0,0,0,1,0
Craigburn Farm,2,0,0,0,0,0,0,0,0,0,1,1
Craiglie,2,0,0,0,0,0,0,0,1,0,1,0
Cranbourne South,2,0,0,0,0,1,0,0,0,0,0,1
Cranley,2,0,0,0,0,0,0,0,2,0,0,0
Cremorne Point,2,0,0,0,0,2,0,0,0,0,0,0
Cumbalum,2,0,0,0,0,0,0,0,0,0,0,2
Cummins,2,0,0,0,0,0,0,0,2,0,0,0
Curl Curl,2,0,0,0,1,0,0,0,0,0,0,1
Curtin,2,0,0,0,1,0,0,0,0,0,1,0
D'Aguilar,2,0,0,0,0,1,0,0,0,1,0,0
D’Aguilar,2,0,0,0,0,0,0,0,0,0,0,2
Dalgety,2,0,0,0,1,0,0,0,1,0,0,0
Dallas,2,0,0,0,0,0,0,0,1,0,0,1
Dandenong South,2,1,0,0,0,0,1,0,0,0,0,0
Darch,2,0,0,0,0,1,0,0,0,0,0,1
Darlington Point,2,0,1,0,0,1,0,0,0,0,0,0
Davenport,2,0,0,0,0,1,0,0,1,0,0,0
Dayboro,2,0,0,0,0,0,0,0,2,0,0,0
Deanside,2,0,0,0,0,1,0,0,0,0,0,1
Deepwater,2,0,0,0,0,0,1,0,0,0,1,0
Denistone East,2,0,0,0,0,0,0,0,0,0,1,1
Denman Prospect,2,1,0,0,0,0,0,0,0,1,0,0
Dennington,2,0,0,0,0,0,0,0,0,0,0,2
Dernancourt,2,0,0,0,0,0,0,0,1,0,1,0
Derrimut,2,0,0,0,0,0,0,0,0,0,1,1
Derrinallum,2,0,0,0,0,0,0,0,1,0,1,0
Desert Springs,2,0,0,0,0,1,0,0,0,0,0,1
Diamond Valley,2,0,0,0,0,0,0,0,0,0,1,1
Diddillibah,2,0,0,0,0,0,0,0,0,0,1,1
Dingley,2,0,0,0,0,0,0,0,1,0,0,1
Dondingalong,2,0,0,0,1,1,0,0,0,0,0,0
Dora Creek,2,0,0,0,0,1,0,0,0,0,1,0
Dorrigo,2,0,0,0,0,0,0,0,1,0,0,1
Dover,2,0,0,0,1,1,0,0,0,0,0,0
Drewvale,2,0,0,0,0,0,0,0,1,0,0,1
Dunbogan,2,0,0,0,0,0,0,0,0,0,0,2
Dundee Beach,2,0,0,0,1,0,0,0,0,0,0,1
Dundowran Beach,2,0,0,0,1,0,0,0,0,0,0,1
Dyers Crossing,2,0,0,0,0,0,1,0,1,0,0,0
Eagle Farm,2,0,0,0,0,1,1,0,0,0,0,0
East Albury,2,0,0,0,0,1,0,0,0,0,0,1
East Branxton,2,0,0,0,1,0,0,0,0,0,0,1
East Deep Creek,2,0,0,0,2,0,0,0,0,0,0,0
East Nowra,2,0,0,0,0,1,0,0,0,1,0,0
East Wagga Wagga,2,0,0,0,0,1,0,0,1,0,0,0
Eastern Creek,2,0,0,0,0,0,0,0,1,0,0,1
Ebbw Vale,2,0,0,0,1,0,0,0,0,0,0,1
Edgehill,2,0,0,0,0,0,0,0,1,0,1,0
Elaine,2,0,0,0,0,2,0,0,0,0,0,0
Ellalong,2,0,0,0,0,0,0,0,0,0,0,2
Ellerston,2,0,0,0,0,0,0,0,0,0,0,2
Elliott Heads,2,0,0,0,0,0,0,0,0,0,2,0
Elphinstone,2,0,0,0,1,0,0,0,1,0,0,0
Eltham North,2,0,0,0,1,0,0,0,0,0,1,0
Emerald Beach,2,0,0,0,0,1,0,0,0,0,0,1
Epsom,2,0,0,0,0,0,0,0,1,0,0,1
Eromanga,2,0,0,0,0,0,0,0,0,0,1,1
Estella,2,0,0,0,1,0,0,0,0,0,1,0
Etna Creek,2,0,0,0,0,1,0,0,0,0,0,1
Ettalong,2,0,0,0,0,0,0,0,0,0,0,2
Euleilah,2,0,0,0,1,0,0,0,0,0,1,0
Eungai Rail,2,1,0,0,0,0,0,0,0,0,1,0
Eungella,2,0,0,0,0,1,0,0,1,0,0,0
Evandale,2,0,0,0,1,1,0,0,0,0,0,0
Evanston Park,2,0,0,0,1,0,0,0,0,0,0,1
Fairfield East,2,0,0,0,0,0,0,0,0,0,0,2
Farnborough,2,0,0,0,0,0,0,0,2,0,0,0
Farrer,2,0,0,0,1,1,0,0,0,0,0,0
Fig Tree Pocket,2,0,0,0,1,0,0,0,0,0,0,1
Fingal,2,0,0,0,0,0,0,0,0,0,1,1
Fingal Bay,2,0,0,0,0,0,0,0,2,0,0,0
Finley,2,0,0,0,0,1,0,0,0,0,0,1
Fitzroy Crossing,2,0,0,0,0,1,0,0,0,0,0,1
Flaxton,2,0,0,0,0,0,1,0,0,0,1,0
Flowerdale,2,0,0,0,0,0,0,0,1,1,0,0
Flynn,2,0,0,0,1,0,0,0,1,0,0,0
Fordsdale,2,0,0,0,0,0,0,0,2,0,0,0
Forestdale,2,0,0,0,1,0,0,0,0,0,0,1
Forresters Beach,2,0,0,0,0,1,0,0,0,0,1,0
Freeling,2,0,0,0,1,0,0,0,0,0,0,1
Galiwinku,2,0,0,0,0,1,0,0,0,0,1,0
Galston,2,0,0,0,0,0,0,0,1,0,0,1
Gapsted,2,0,0,0,1,0,0,0,1,0,0,0
Garfield,2,0,0,0,0,0,0,0,0,0,0,2
Garran,2,1,0,0,0,0,0,0,1,0,0,0
Gawler,2,0,0,0,0,0,0,0,1,0,0,1
Gawler Belt,2,0,0,0,0,0,0,0,0,0,1,1
Gawler West,2,0,0,0,1,1,0,0,0,0,0,0
Geilston Bay,2,0,0,0,0,1,0,0,0,0,1,0
Georges Hall,2,0,0,0,0,0,0,0,0,0,0,2
Gerringong,2,0,0,0,0,0,0,0,0,0,1,1
Gillies Plains,2,0,0,0,0,1,0,0,1,0,0,0
Giralang,2,0,0,0,0,1,0,0,0,0,0,1
Girards Hill,2,0,0,0,1,0,0,0,0,0,0,1
Giru,2,0,0,0,0,0,0,0,1,0,0,1
Glandore,2,0,0,0,0,0,0,0,0,0,1,1
Glen Aplin,2,0,0,0,1,1,0,0,0,0,0,0
Glenbrook,2,1,0,0,0,0,0,0,1,0,0,0
Gleneagle,2,0,0,0,0,0,0,0,2,0,0,0
Glenelg South,2,0,1,0,0,0,0,0,0,0,0,1
Glenview,2,0,0,0,0,0,0,0,1,0,0,1
Golden Point,2,0,0,0,0,0,0,0,2,0,0,0
Goodwood Island,2,0,0,0,0,0,0,0,0,0,1,1
Goondi Hill,2,0,0,0,0,0,0,0,1,0,1,0
Gordon Park,2,0,0,0,0,0,0,0,0,1,0,1
Graceville,2,0,0,0,0,1,0,0,0,0,1,0
Grandchester,2,0,0,0,1,0,0,0,1,0,0,0
Grantham Farm,2,0,0,0,1,0,0,0,0,0,0,1
Grantville,2,0,0,0,0,1,0,0,0,0,1,0
Granville Harbour,2,0,0,0,0,1,0,0,0,0,1,0
Grass Flat,2,0,0,0,0,0,0,0,0,0,1,1
Greenfield Park,2,0,0,0,0,0,0,0,0,0,1,1
Greenlands,2,0,0,0,1,0,0,0,0,0,1,0
Greenmount,2,0,0,0,1,0,0,0,0,0,0,1
Greenock,2,0,0,0,1,0,0,0,0,1,0,0
Greenwich Park,2,0,0,0,0,1,0,0,0,0,1,0
Guildford West,2,0,0,0,0,1,0,0,0,0,1,0
Gumdale,2,0,0,0,0,0,0,0,1,0,0,1
Gungal,2,0,0,0,0,0,0,0,1,0,0,1
Habana,2,0,0,0,0,0,0,0,1,0,1,0
Hackham,2,0,0,0,1,0,0,0,0,0,1,0
Hadspen,2,0,0,0,0,0,0,0,0,0,1,1
Hallora,2,0,0,0,2,0,0,0,0,0,0,0
Halls Creek,2,0,1,0,0,1,0,0,0,0,0,0
Hamilton North,2,0,0,0,0,0,0,0,1,0,0,1
Hamilton Valley,2,0,0,0,0,0,0,0,1,0,0,1
Harden,2,0,0,0,0,1,0,0,1,0,0,0
Harris Park,2,0,0,0,0,2,0,0,0,0,0,0
Harwood,2,0,0,0,0,2,0,0,0,0,0,0
Havenview,2,0,0,0,0,0,0,0,1,0,0,1
Hazelmere,2,0,0,0,0,0,0,0,0,0,1,1
Heathcote Junction,2,0,0,0,2,0,0,0,0,0,0,0
Heathfield,2,0,0,0,0,0,1,0,0,0,1,0
Heathmere,2,0,0,0,1,0,0,0,1,0,0,0
Hectorville,2,0,0,0,0,0,0,0,0,0,2,0
Heddon Greta,2,0,0,0,0,0,0,0,0,0,1,1
Helidon,2,0,0,0,0,0,0,0,1,0,1,0
Hemmant,2,0,0,0,0,0,0,0,1,0,0,1
Henty,2,0,0,0,0,2,0,0,0,0,0,0
Herdsmans Cove,2,0,0,0,0,0,0,0,0,1,0,1
Herveybay,2,0,1,0,0,0,0,0,0,0,0,1
Hideaway Bay,2,0,0,0,0,0,1,0,1,0,0,0
Higgins,2,0,0,0,0,0,0,0,1,0,0,1
Hill End,2,0,2,0,0,0,0,0,0,0,0,0
Hillvue Tamworth,2,0,0,0,0,0,0,0,1,0,0,1
Hivesville,2,0,0,0,0,0,0,0,1,0,0,1
Holder,2,0,0,0,0,0,0,0,0,0,0,2
Holroyd,2,0,0,0,1,0,0,0,0,0,0,1
Horningsea Park,2,0,0,0,2,0,0,0,0,0,0,0
Horrocks,2,0,0,0,1,1,0,0,0,0,0,0
Hotham Rd Niddrie,2,0,0,0,0,0,0,0,2,0,0,0
Hove,2,0,0,0,0,0,0,0,0,0,1,1
Hovells Creek,2,1,0,0,1,0,0,0,0,0,0,0
Howlong,2,0,0,0,1,0,0,0,0,0,0,1
Hoxton Park,2,0,0,0,0,0,0,0,1,0,1,0
Hughes,2,0,0,0,1,0,0,0,0,0,0,1
Hughesdale,2,0,0,0,0,0,0,0,1,0,0,1
Huonville,2,0,0,0,0,0,0,0,1,0,0,1
Hurstville Grove,2,0,0,0,0,0,0,0,1,0,0,1
Hydepark,2,0,0,0,0,0,0,0,0,0,0,2
Ilkley,2,0,0,0,0,0,1,0,0,0,0,1
Indented Head,2,0,0,0,0,0,0,0,0,0,2,0
Innot Hot Springs,2,0,0,0,0,1,0,0,0,0,0,1
Invergowrie,2,0,0,0,1,0,0,0,0,0,0,1
Isabella Plains,2,0,0,0,0,0,0,0,1,0,0,1
Ivanhoe East,2,0,0,0,1,0,0,0,0,0,1,0
Jacana,2,0,0,0,0,1,0,0,0,0,1,0
Jackass Flat,2,0,0,0,0,0,0,0,1,0,0,1
Jan Juc,2,0,0,0,0,0,0,0,1,1,0,0
Jandakot,2,0,0,0,1,0,0,0,0,0,0,1
Janebrook,2,0,0,0,0,0,0,0,1,0,0,1
Jarrahdale,2,0,0,0,0,1,1,0,0,0,0,0
Jerilderie,2,1,0,0,0,0,0,0,0,0,1,0
Jingili,2,1,0,0,0,1,0,0,0,0,0,0
Kairi,2,0,0,0,0,0,0,0,1,0,0,1
Kalgan,2,1,0,0,0,0,0,0,0,0,0,1
Kallaroo,2,0,0,0,0,1,0,0,0,0,1,0
Kanahooka,2,0,0,0,0,0,0,0,0,0,0,2
Kangarilla,2,0,0,0,1,0,0,0,0,0,0,1
Kangaroo Valley,2,0,0,0,0,0,0,0,0,0,0,2
Kanimbla,2,0,0,0,0,0,0,0,1,0,0,1
Kanmantoo,2,0,0,0,1,0,0,0,0,0,1,0
Karawatha,2,0,0,0,0,0,0,0,0,0,0,2
Katamatite,2,0,0,0,1,0,0,0,1,0,0,0
"Kennington, Bendigo",2,0,0,0,0,2,0,0,0,0,0,0
Kentlyn,2,1,0,0,0,0,0,0,1,0,0,0
Kiels Mountain,2,0,0,0,0,0,0,0,0,1,0,1
Kilcoy,2,0,0,0,0,0,0,0,0,0,0,2
Killarney,2,0,0,0,0,0,0,0,0,0,2,0
Kin Kin,2,0,0,0,0,0,0,0,1,0,1,0
Kinglake,2,0,1,0,0,0,0,0,1,0,0,0
Kinkora,2,0,0,0,0,1,0,0,0,0,0,1
Kleinton,2,0,0,0,0,0,1,0,0,0,0,1
Kogarah Bay,2,0,0,0,0,1,0,0,0,0,1,0
Koolkhan,2,0,0,0,0,0,0,0,0,0,2,0
Koondoola,2,0,0,0,0,0,0,0,0,0,2,0
Koorawatha,2,0,1,0,0,1,0,0,0,0,0,0
Koroit,2,0,0,0,0,0,0,0,1,0,1,0
Koyuga,2,0,0,0,2,0,0,0,0,0,0,0
Krambach,2,0,0,0,0,1,0,0,1,0,0,0
Kulangoor,2,0,0,0,1,1,0,0,0,0,0,0
Kulin,2,0,0,0,0,1,0,0,0,0,1,0
Kurrajong Heights,2,0,0,1,1,0,0,0,0,0,0,0
Kuttabul,2,0,0,0,0,1,0,0,1,0,0,0
Kyeemagh,2,0,0,0,0,0,0,0,0,0,2,0
Laidley Creek West,2,0,0,0,0,0,0,0,0,0,0,2
Lake Albert,2,0,1,0,0,1,0,0,0,0,0,0
Lake Charm,2,0,0,0,0,0,0,0,0,0,2,0
Lake Grace,2,0,0,0,0,0,0,0,1,0,1,0
Lakehaven,2,0,0,0,0,1,0,0,0,0,0,1
Lakewood,2,0,0,0,0,0,0,0,1,0,1,0
Langwarrin South,2,0,0,0,0,0,0,0,0,0,2,0
Largs North,2,0,0,0,0,0,0,0,0,0,2,0
Largs Nth,2,0,0,0,0,0,0,0,0,0,0,2
Lawrence,2,0,1,0,0,1,0,0,0,0,0,0
Leederville,2,0,0,0,2,0,0,0,0,0,0,0
Leeming,2,0,0,0,0,1,0,0,0,1,0,0
Leichardt,2,0,0,0,0,1,0,0,0,0,1,0
Lenah Valley,2,0,0,0,1,0,0,0,0,0,0,1
Leneva,2,0,0,0,0,0,0,0,1,0,0,1
Leonora,2,0,0,0,0,1,0,0,0,0,0,1
Lindfield,2,0,0,0,0,1,0,0,0,0,0,1
Littlehampton,2,0,1,0,0,0,0,0,0,0,1,0
Lobethal,2,0,0,0,1,0,1,0,0,0,0,0
Lockhart,2,0,0,0,0,0,0,0,1,0,0,1
Lockrose,2,1,0,0,0,0,0,0,0,0,1,0
Loftus,2,0,0,0,1,0,0,0,1,0,0,0
Long Beach,2,0,0,0,0,1,0,0,0,0,1,0
Longwarry,2,0,0,0,0,0,0,0,2,0,0,0
Lonsdale,2,0,0,0,0,1,1,0,0,0,0,0
Lowanna,2,0,0,0,0,0,0,0,0,0,2,0
Lower King,2,0,0,0,0,0,0,0,1,0,0,1
Lower Macdonald,2,0,0,0,0,0,0,0,0,0,0,2
Luddenham,2,0,0,0,1,0,0,0,0,0,0,1
Lyneham,2,0,0,0,0,1,0,0,0,0,1,0
Lysterfield,2,0,0,0,1,0,0,0,0,0,0,1
Macclesfield,2,0,0,0,1,0,0,0,0,0,1,0
Mackay Mc,2,0,0,0,0,1,0,0,1,0,0,0
Macleod,2,0,0,0,1,0,0,0,1,0,0,0
Madeley,2,0,0,0,0,0,0,0,0,0,2,0
Madora Bay,2,0,0,0,1,0,0,0,0,0,1,0
Magra,2,0,1,0,0,1,0,0,0,0,0,0
Maiden Gully,2,0,0,0,0,0,0,0,0,0,1,1
Maldon,2,0,1,0,0,0,0,0,0,0,0,1
Mallala,2,0,0,0,0,0,0,0,1,0,1,0
Malmsbury,2,0,0,0,0,0,0,0,0,1,0,1
Mandalay,2,0,0,0,1,0,1,0,0,0,0,0
Mandalong,2,0,0,0,1,0,0,0,0,0,1,0
Manifold Heights,2,0,0,0,0,0,0,0,0,0,1,1
Manildra,2,0,0,0,0,1,1,0,0,0,0,0
Marburg,2,0,0,0,0,0,0,0,0,1,0,1
Marks Point,2,0,0,0,1,0,0,0,0,0,0,1
Marleston,2,0,0,0,1,0,0,0,0,0,0,1
Marmong Point,2,0,0,0,0,1,0,0,1,0,0,0
Maroochy River,2,0,0,0,0,1,0,0,0,0,0,1
Marrara,2,0,0,0,0,0,0,0,0,0,0,2
Maryville,2,0,0,0,0,0,0,0,1,0,1,0
Mayfield West,2,1,0,0,1,0,0,0,0,0,0,0
Mcgraths Hill,2,0,0,0,1,0,0,0,0,1,0,0
Mcmahons Point,2,0,0,0,0,0,0,0,1,0,0,1
Meridian Plains,2,0,0,0,0,0,0,0,0,0,0,2
Metung,2,0,0,0,0,0,0,0,1,0,0,1
Middle Park,2,0,0,1,1,0,0,0,0,0,0,0
Middleton,2,0,0,0,1,0,0,0,0,0,1,0
Middleton Beach,2,0,0,0,1,0,0,0,0,0,0,1
Millswood,2,0,0,0,0,0,0,0,0,0,0,2
Milsons Point,2,0,0,0,0,0,0,0,2,0,0,0
Minyip,2,0,0,0,0,0,0,0,1,0,1,0
Mira Mar,2,0,0,0,0,0,0,0,0,0,1,1
Mirani,2,0,2,0,0,0,0,0,0,0,0,0
Mirboo North,2,0,0,0,0,1,0,0,0,0,0,1
Modbury Heights,2,0,0,0,0,0,0,0,1,0,1,0
Monash,2,0,0,0,1,0,0,0,0,0,0,1
Monbulk,2,0,0,0,0,0,0,0,1,0,0,1
Monegeetta,2,0,0,0,0,0,0,0,1,1,0,0
Mongarlowe,2,0,0,0,0,0,0,0,2,0,0,0
Mont Albert North,2,0,0,0,0,0,1,0,0,0,0,1
Montello,2,0,0,0,1,0,0,0,1,0,0,0
Monterey,2,1,0,1,0,0,0,0,0,0,0,0
Moomin,2,0,0,0,0,0,0,0,1,0,0,1
Moonta Bay,2,0,0,0,0,2,0,0,0,0,0,0
Moore Creek,2,0,0,0,0,1,0,0,0,0,0,1
Moorina,2,0,1,0,0,0,0,0,0,0,0,1
Morangup,2,0,0,0,0,0,1,0,1,0,0,0
Morayfeild,2,0,0,0,0,2,0,0,0,0,0,0
Morpeth,2,0,0,0,2,0,0,0,0,0,0,0
Morundah,2,0,0,0,1,0,0,0,1,0,0,0
Mossy Point,2,0,0,0,1,0,0,0,0,0,0,1
Moto,2,0,0,0,0,0,0,0,0,0,0,2
Mount Buller,2,0,0,0,1,0,0,0,0,0,0,1
Mount Burrell,2,0,0,0,0,0,0,0,1,0,1,0
Mount Coolum,2,1,0,0,1,0,0,0,0,0,0,0
Mount Crosby,2,0,0,0,0,0,0,0,0,0,1,1
Mount Dandenong,2,0,0,0,0,0,0,0,2,0,0,0
Mount Helen,2,0,0,0,0,0,0,0,0,0,1,1
Mount Helena,2,0,0,0,0,0,0,0,0,0,0,2
Mount Johns,2,0,0,0,0,0,0,0,0,1,1,0
Mount Kuring-Gai,2,0,0,0,1,0,0,0,1,0,0,0
Mount Lofty,2,0,0,0,2,0,0,0,0,0,0,0
Mount Marlow,2,0,0,0,0,1,0,0,0,0,1,0
Mount Ousley,2,0,0,0,0,0,0,0,0,0,1,1
Mount Richon,2,0,0,0,0,0,0,0,0,0,1,1
Moyhu,2,0,0,0,0,0,0,0,1,0,0,1
Mt Gambier,2,0,0,0,0,0,0,0,0,1,0,1
Mt Hawthorn,2,0,0,0,0,0,0,0,2,0,0,0
Mt Julian,2,0,0,0,0,0,0,0,1,0,1,0
Mt Louisa,2,0,0,0,0,1,0,0,0,0,0,1
Mt Low,2,0,0,0,0,0,0,0,0,1,0,1
Mt Pleasant,2,0,0,0,0,0,0,0,0,0,0,2
Muckatah,2,0,0,0,0,0,0,0,0,2,0,0
Mulambin,2,0,0,0,0,1,0,0,0,0,0,1
Mulgildie,2,0,0,0,0,0,0,0,1,0,1,0
Mulwala,2,0,0,0,0,0,0,0,1,0,1,0
Mundoolun,2,0,0,0,1,0,0,0,0,0,0,1
Mungar,2,0,0,0,0,0,0,0,2,0,0,0
Munruben,2,1,0,0,0,0,0,0,0,0,0,1
Murchison East,2,0,0,0,0,0,0,0,0,0,1,1
Murrayville,2,0,0,0,1,1,0,0,0,0,0,0
Murrumbateman,2,0,1,0,0,0,0,0,0,0,0,1
Murrurundi,2,0,0,0,0,0,0,0,1,0,1,0
Myaree,2,0,0,0,0,2,0,0,0,0,0,0
Myers Flat,2,0,0,0,0,1,0,0,1,0,0,0
Mylor,2,0,0,0,0,1,0,0,1,0,0,0
Mysterton,2,0,0,0,0,0,0,0,2,0,0,0
Nagambie,2,0,0,0,1,0,0,0,0,0,0,1
Narrawallee,2,0,1,0,0,0,0,0,1,0,0,0
New Beith,2,0,0,0,0,0,0,0,1,0,0,1
Newfarm,2,0,0,0,0,0,0,0,0,0,0,2
Newmerella,2,0,0,0,1,0,0,0,0,0,1,0
Nhill,2,0,0,0,0,1,0,0,0,0,1,0
Nhulunbuy,2,0,0,0,0,0,0,0,1,0,0,1
Nicholson,2,0,0,0,1,1,0,0,0,0,0,0
Ninderry,2,0,0,0,0,0,0,0,1,0,1,0
Noble Park North,2,0,0,0,0,0,0,0,1,0,0,1
Nome,2,0,0,0,1,0,0,0,0,0,0,1
Noojee,2,0,0,0,0,1,0,0,1,0,0,0
Nook,2,0,0,0,0,0,1,0,0,0,0,1
Normanhurst,2,0,1,0,1,0,0,0,0,0,0,0
North Avoca,2,0,1,0,0,0,0,0,1,0,0,0
North Balgowlah,2,0,0,0,0,0,0,0,0,0,1,1
North Cairns,2,0,0,0,0,0,0,0,0,0,0,2
North Curl Curl,2,0,0,0,0,0,0,0,1,0,0,1
North Fremantle,2,1,0,0,0,0,0,0,0,0,0,1
North Strathfield,2,0,0,0,0,1,0,0,1,0,0,0
North Turramurra,2,0,0,0,0,0,0,0,2,0,0,0
Northcliffe,2,0,0,0,0,1,0,0,0,0,1,0
Northfield,2,0,0,0,0,0,0,0,0,0,1,1
Notting Hill,2,0,1,0,0,0,0,0,0,0,0,1
Nsw,2,0,0,0,0,1,0,0,1,0,0,0
Numurkah,2,0,0,0,1,1,0,0,0,0,0,0
Nunamara,2,0,0,0,0,0,0,0,1,0,0,1
Nundle,2,0,0,0,2,0,0,0,0,0,0,0
O'Briens Hill,2,0,0,0,0,0,0,0,1,0,0,1
O’Connor,2,0,0,0,1,0,0,0,1,0,0,0
Oaklands,2,0,0,0,0,0,0,0,2,0,0,0
Oakwood,2,0,0,0,0,0,0,0,0,0,0,2
Ocean Beach,2,0,0,0,0,0,0,0,0,1,0,1
Officer South,2,0,1,0,0,0,0,0,1,0,0,0
Old Guildford,2,0,0,0,0,1,0,0,0,0,0,1
Old Noarlunga,2,0,0,0,0,1,0,0,1,0,0,0
Oldbury,2,0,0,0,0,1,0,0,0,0,1,0
Olinda,2,0,0,0,0,0,0,0,0,0,1,1
Opossum Bay,2,0,0,0,0,0,0,0,1,0,1,0
Orion,2,0,0,0,0,0,1,0,1,0,0,0
Ouyen,2,0,0,0,0,0,0,0,0,1,1,0
Paget,2,0,0,0,0,1,0,0,1,0,0,0
Pallamallawa,2,0,0,0,1,0,0,0,1,0,0,0
Para Vista,2,1,0,0,0,0,0,0,0,0,0,1
Park Orchards,2,0,1,0,0,0,0,0,1,0,0,0
Parkerville,2,0,0,0,0,0,0,0,0,0,1,1
Parkridge,2,0,0,0,0,1,0,0,0,0,0,1
Parkside,2,0,0,0,0,0,0,0,1,0,1,0
Pearl Beach,2,0,0,0,0,1,0,0,0,0,0,1
Pegs Creek,2,0,0,0,1,0,0,0,1,0,0,0
Pemberton,2,0,0,0,0,0,0,0,1,0,0,1
Penneshaw,2,0,0,0,0,0,0,0,1,0,1,0
Peregian Beach,2,0,0,0,0,0,0,0,0,0,1,1
Peterborough,2,0,0,0,1,0,0,0,1,0,0,0
Pickering Brook,2,0,0,0,0,0,0,0,0,0,0,2
Picnic Bay,2,0,0,0,1,0,0,0,0,0,1,0
Plainland,2,0,0,0,0,0,0,0,0,0,2,0
Plympton Park,2,0,0,0,0,2,0,0,0,0,0,0
Pomonal,2,0,0,0,2,0,0,0,0,0,0,0
Port Adelaide,2,0,0,0,1,0,0,0,0,0,0,1
Port Elliot,2,0,0,0,0,0,0,0,1,0,1,0
Port Fairy,2,0,0,0,0,0,0,0,0,0,0,2
Port Germein,2,0,1,0,0,0,0,0,0,0,0,1
Port Huon,2,0,0,0,0,0,0,0,2,0,0,0
Port Pirie,2,0,0,0,0,1,0,0,0,0,1,0
Portarlington,2,0,0,0,0,0,0,0,1,0,1,0
Possum Creek,2,0,0,0,0,0,0,0,1,0,0,1
Potts Hill,2,0,0,0,0,0,0,0,0,0,0,2
Prince Street,2,0,0,0,0,0,0,0,0,0,1,1
Proston,2,0,0,0,0,1,0,0,0,0,1,0
Pullenvale,2,0,0,0,0,0,0,0,0,0,2,0
Pyalong,2,0,0,0,0,0,0,0,0,1,0,1
Qld,2,0,0,0,0,0,0,0,0,0,1,1
Qunaba,2,0,0,0,2,0,0,0,0,0,0,0
Quorn,2,0,0,0,0,0,0,0,1,0,1,0
Rainbow,2,0,0,0,0,0,0,0,0,0,0,2
Ramornie,2,0,0,0,0,1,0,0,1,0,0,0
Rathmines,2,0,0,0,0,1,0,0,1,0,0,0
Ravensthorpe,2,0,0,0,0,0,0,0,1,0,0,1
Red Hill South,2,0,0,0,0,0,0,0,2,0,0,0
Redhill,2,0,0,0,0,0,0,0,0,0,1,1
Reid,2,0,0,0,0,0,0,0,0,0,1,1
Research,2,0,0,0,1,1,0,0,0,0,0,0
Richmond Vale,2,0,0,0,0,2,0,0,0,0,0,0
Riddells Creek,2,0,0,0,1,1,0,0,0,0,0,0
Ridgehaven,2,0,0,0,0,0,0,0,0,0,2,0
Ringwood East,2,0,0,0,0,2,0,0,0,0,0,0
Risdon Park South,2,0,0,0,0,0,0,0,0,0,2,0
Riverbend,2,0,0,0,0,0,0,0,2,0,0,0
Riverglades,2,0,0,0,0,0,1,0,0,0,0,1
Riverlea Park,2,1,1,0,0,0,0,0,0,0,0,0
Rochdale South,2,0,0,0,0,1,0,0,0,0,1,0
Rochester,2,0,0,0,0,0,0,0,1,0,0,1
Rocky Hills,2,0,0,0,2,0,0,0,0,0,0,0
Rocky Point,2,0,0,0,0,0,0,0,0,0,1,1
Roebuck,2,0,0,0,1,0,0,0,1,0,0,0
Rokewood,2,0,0,0,0,0,0,0,0,0,2,0
Rosebank,2,0,0,0,0,0,0,0,1,0,1,0
Rosemount,2,0,0,0,0,0,0,0,1,0,0,1
Rosslyn,2,0,0,0,1,0,0,0,0,0,1,0
Royal Park,2,0,0,0,0,0,0,0,0,0,0,2
Russell Lea,2,0,0,0,0,0,0,0,1,0,1,0
Ryan,2,0,0,0,0,0,0,0,1,0,0,1
Rylstone,2,0,0,0,1,0,1,0,0,0,0,0
Sadadeen,2,0,0,0,0,0,0,0,1,0,1,0
Sadlier,2,0,0,0,0,2,0,0,0,0,0,0
Saint Andrews,2,0,0,0,0,0,0,0,0,1,1,0
Saint Kilda West,2,0,0,0,0,0,0,0,0,0,2,0
Salisbury Heights,2,0,0,0,0,0,0,0,1,0,0,1
Salisbury Plain,2,0,0,0,0,0,0,0,0,0,0,2
Samford Village,2,0,0,0,0,1,0,0,1,0,0,0
Samson,2,0,0,0,0,0,1,0,0,0,0,1
Sanctuary Cove,2,0,0,0,0,0,0,0,1,0,0,1
Sandy Point,2,0,0,0,1,1,0,0,0,0,0,0
Sapphire Beach,2,0,0,0,0,1,0,0,0,0,1,0
Sarina Range,2,0,0,0,0,1,0,0,1,0,0,0
Scott River East,2,0,0,0,0,1,0,0,1,0,0,0
Seabrook,2,0,0,0,1,0,0,0,0,0,1,0
Seaford Heights,2,0,0,0,0,0,0,0,0,0,1,1
Semaphore,2,0,0,0,0,0,0,0,0,0,1,1
Semaphore Park,2,0,0,0,0,1,0,0,0,0,0,1
Shaw,2,0,0,0,0,0,0,0,0,0,1,1
Sheldon,2,0,0,0,0,0,0,0,0,0,1,1
Shelley,2,0,0,0,0,1,0,0,1,0,0,0
Shepparton North,2,0,0,0,0,1,0,0,0,0,1,0
Shoal Point,2,0,0,0,0,0,0,0,1,0,1,0
Shoalhaven Heads,2,0,0,0,0,0,0,0,0,0,0,2
Silverwood,2,0,0,0,2,0,0,0,0,0,0,0
Sinnamon Park,2,0,0,0,0,0,0,0,2,0,0,0
Skennars Head,2,0,0,0,0,0,0,0,0,0,1,1
Sladepoint,2,0,0,0,0,1,0,0,0,0,0,1
Smithfield Plains 5114,2,0,0,0,0,0,0,0,0,0,0,2
South Bingera,2,0,0,0,0,1,0,0,0,0,0,1
South Johnstone,2,0,0,0,0,1,0,0,0,0,0,1
South Kalgoorlie,2,0,0,0,0,0,0,0,0,0,1,1
South Maclean,2,0,0,0,0,1,0,0,1,0,0,0
South Mission Beach,2,0,0,0,0,1,0,0,1,0,0,0
South Nowra,2,0,0,0,0,0,0,0,2,0,0,0
South Pambula,2,0,0,0,0,1,0,0,0,0,0,1
South Plympton,2,0,0,0,0,0,0,0,0,0,1,1
South Spreyton,2,0,1,0,1,0,0,0,0,0,0,0
South Yunderup,2,0,0,0,1,0,0,0,1,0,0,0
Southbrook,2,0,0,0,0,0,0,0,0,0,0,2
Southern Cross,2,0,0,0,0,1,0,0,0,0,0,1
Speers Point,2,0,0,0,0,1,1,0,0,0,0,0
Speewah,2,0,0,0,0,0,0,0,0,1,0,1
Spring Creek,2,0,0,0,0,0,0,0,0,0,1,1
Spring Gully,2,0,0,0,0,0,0,0,1,1,0,0
Springbrook,2,0,0,0,1,0,0,0,1,0,0,0
St Agnes,2,0,0,0,0,0,0,0,0,0,0,2
St Andrews,2,0,0,0,0,1,0,0,0,0,0,1
St Helen’S Park,2,0,0,0,0,0,0,0,0,0,0,2
St Helens,2,0,0,0,1,0,0,0,0,0,0,1
St Mary’S,2,0,0,0,0,1,0,0,0,0,0,1
Stanwell Tops,2,0,0,0,0,0,0,0,1,0,0,1
Stawell,2,0,0,0,0,0,0,0,1,0,0,1
Sth Windsor,2,0,0,0,0,0,0,0,0,0,0,2
Stockleigh,2,0,0,0,0,0,0,0,1,1,0,0
Stoneville,2,0,0,0,0,0,0,0,2,0,0,0
Stony Creek,2,1,0,0,0,0,0,0,1,0,0,0
Strathalbyn,2,0,1,0,0,0,0,0,0,0,0,1
Strathmerton,2,0,0,0,0,0,0,0,1,0,1,0
Stretton,2,0,0,0,0,0,0,0,0,0,0,2
Stroud,2,0,0,0,1,0,0,0,1,0,0,0
Summerhill,2,0,0,0,0,0,0,0,1,1,0,0
Sunset Beach,2,0,0,0,0,1,0,0,0,0,1,0
Sunshine Acres,2,0,0,0,0,1,0,0,0,0,0,1
Sunshine Bay,2,0,0,0,1,0,0,0,0,0,0,1
Sunshine Coast,2,0,0,0,0,1,0,0,0,0,1,0
Swansea Heads,2,0,0,0,0,0,0,0,1,0,0,1
Tabulam,2,0,0,1,0,0,0,0,0,0,0,1
Tacoma,2,0,0,0,1,0,0,0,1,0,0,0
Tallarook,2,0,0,0,1,0,0,0,1,0,0,0
Tallawong,2,0,0,0,0,1,0,0,0,0,1,0
Tallong,2,0,0,0,1,0,0,0,1,0,0,0
Tambar Springs,2,0,0,0,0,1,0,0,0,0,0,1
Tambellup,2,0,0,0,0,1,0,0,0,0,1,0
Tanglewood,2,0,0,0,1,0,0,0,1,0,0,0
Tarcoola Beach,2,0,0,0,0,1,0,0,1,0,0,0
Taree South,2,0,0,0,1,0,0,0,0,0,1,0
Tarrawanna,2,1,0,0,1,0,0,0,0,0,0,0
Tarro,2,0,0,0,1,0,0,0,0,0,0,1
Tarwin Lower,2,0,0,0,1,0,0,0,1,0,0,0
Taylor,2,0,0,0,0,1,0,0,0,0,1,0
Teralba,2,0,0,0,1,1,0,0,0,0,0,0
Terrey Hills,2,0,0,0,1,1,0,0,0,0,0,0
Test,2,2,0,0,0,0,0,0,0,0,0,0
Texas,2,0,0,0,0,0,0,0,0,0,1,1
Thargomindah,2,0,0,0,0,1,0,0,0,0,0,1
The Entrance North,2,0,0,0,0,0,0,0,1,0,0,1
The Patch,2,0,0,0,0,0,0,0,0,0,0,2
The Slopes,2,0,0,0,0,1,0,0,0,1,0,0
Thebarton,2,0,0,0,0,1,0,0,0,0,1,0
Thomson,2,0,0,0,1,0,0,0,0,0,0,1
Thrumster,2,0,0,0,0,0,0,0,0,0,1,1
Tingha,2,0,0,0,0,2,0,0,0,0,0,0
Tingira Heights,2,0,0,0,0,0,0,0,1,0,0,1
Tolga,2,0,0,0,0,0,0,0,1,0,0,1
Toll,2,0,0,0,1,0,0,0,0,0,1,0
Tongala,2,0,0,0,0,0,0,0,0,0,0,2
Toodyay,2,0,0,0,0,0,0,0,2,0,0,0
Toorbul,2,0,0,0,0,0,0,0,2,0,0,0
Tootgarook,2,0,0,0,1,0,0,0,0,0,0,1
Toowoon Bay,2,0,0,0,0,0,0,0,0,0,0,2
Top Camp,2,0,0,0,0,0,0,0,0,0,0,2
Topcamp,2,0,0,0,0,0,0,0,0,0,0,2
Torrens Park,2,0,0,0,1,0,0,0,1,0,0,0
Towradgi,2,0,0,0,1,0,0,0,1,0,0,0
Traveston,2,0,0,0,0,0,0,0,1,0,1,0
Trayning,2,0,0,0,0,0,0,0,1,0,0,1
Triabunna,2,0,0,0,0,2,0,0,0,0,0,0
Tuena,2,0,0,0,1,1,0,0,0,0,0,0
Tuggerawong,2,0,0,0,0,0,0,0,1,0,0,1
Tumblong,2,0,0,0,0,1,0,0,1,0,0,0
Turkey Beach,2,0,0,0,1,1,0,0,0,0,0,0
Tuross Head,2,0,0,0,0,1,0,0,0,0,0,1
Turrella,2,1,0,0,0,0,0,0,0,0,0,1
Turrumurra,2,0,0,0,0,1,0,0,0,0,0,1
Ulmarra,2,0,0,0,0,0,0,0,0,0,0,2
Ulong,2,0,0,0,0,2,0,0,0,0,0,0
Umbakumba,2,0,0,0,0,0,0,0,1,0,1,0
Unley,2,0,0,0,0,0,0,0,0,0,0,2
Unley Park,2,0,0,0,1,0,0,0,1,0,0,0
Upper Brookfield,2,0,0,0,0,0,0,0,2,0,0,0
Upper Lockyer,2,0,0,0,0,0,0,0,0,0,1,1
Upper Stowport,2,0,0,0,0,1,0,0,1,0,0,0
Upper Sturt,2,0,0,0,1,0,0,0,1,0,0,0
Valley Heights,2,0,1,0,0,0,0,0,1,0,0,0
Ventnor,2,1,0,0,0,0,0,0,0,0,0,1
Veresdale,2,0,0,0,0,1,0,0,0,0,0,1
Verges Creek,2,0,0,0,0,0,0,0,0,0,0,2
Verrierdale,2,0,0,0,0,0,0,0,1,0,0,1
Vineyard,2,0,0,0,1,1,0,0,0,0,0,0
Wadeville,2,0,0,0,0,0,1,0,0,0,0,1
Wagga,2,0,0,0,1,0,0,0,0,0,0,1
Waitara,2,0,0,0,0,1,0,0,0,1,0,0
Walget,2,0,0,0,0,0,0,0,0,0,0,2
Walkamin,2,0,0,0,2,0,0,0,0,0,0,0
Walla Walla,2,0,0,0,0,0,0,0,0,0,2,0
Wallabadah,2,0,0,0,0,0,0,0,1,0,0,1
Wallumbilla,2,0,0,0,0,0,0,0,0,0,1,1
Walterhall,2,0,0,0,1,0,0,0,0,0,1,0
Wandandian,2,0,0,0,0,0,0,0,1,0,1,0
Wandina,2,0,0,1,0,0,0,0,0,0,0,1
Wandoan,2,0,0,0,0,0,0,0,1,0,0,1
Wandong,2,1,0,0,0,0,0,0,0,0,0,1
Wardell,2,0,0,0,1,0,0,0,0,0,0,1
Warncoort,2,0,0,0,1,0,0,0,0,0,1,0
Warradale,2,0,0,0,0,0,0,0,0,1,1,0
Warragamba,2,0,0,0,0,0,0,0,0,0,0,2
Wasleys,2,0,1,0,0,0,0,0,1,0,0,0
Watsonia North,2,0,0,0,0,0,0,0,1,0,0,1
Wattle Camp,2,0,0,0,1,0,0,0,0,0,1,0
Waurn Ponds,2,0,0,0,1,0,0,0,0,0,0,1
Wedderburn,2,0,0,0,0,0,0,0,1,1,0,0
Weetangera,2,0,0,0,0,0,0,0,1,1,0,0
Welby,2,0,0,0,0,1,0,0,1,0,0,0
Weribone,2,0,0,0,0,0,0,0,1,0,1,0
West Kambalda,2,0,0,0,0,2,0,0,0,0,0,0
West Lamington,2,0,0,0,0,0,0,0,0,0,0,2
West Swan,2,0,0,0,0,1,0,0,1,0,0,0
Whitlam,2,0,0,0,2,0,0,0,0,0,0,0
Whitton,2,0,0,0,0,1,0,0,0,0,1,0
Willaura,2,0,0,0,1,0,0,0,0,0,1,0
Willeton,2,0,0,0,0,0,0,0,1,0,0,1
Willow Tree,2,0,0,0,0,0,0,0,0,0,0,2
Wilsons Creek,2,0,0,0,0,0,0,0,0,0,1,1
Winchelsea,2,1,0,0,0,0,0,0,0,0,1,0
Windsor Downs,2,0,0,0,1,1,0,0,0,0,0,0
Wingfield,2,0,0,0,0,0,0,0,1,1,0,0
Winton,2,0,0,0,0,0,0,0,2,0,0,0
Wolvi,2,0,0,0,2,0,0,0,0,0,0,0
Wondunna,2,0,0,0,0,0,0,0,0,0,1,1
Woodbridge,2,0,0,0,0,0,0,0,0,0,0,2
Woodburn,2,0,0,0,0,1,0,0,0,0,1,0
Woodville Park,2,0,0,0,0,1,0,0,0,0,0,1
Woodville West,2,0,0,0,0,0,1,0,1,0,0,0
Woodwark,2,1,0,0,0,0,0,0,0,0,1,0
Woolner,2,0,0,0,0,0,1,0,0,0,1,0
Woolomin,2,0,0,0,0,2,0,0,0,0,0,0
Woolwich,2,0,0,0,1,0,0,0,0,0,0,1
Woombah,2,0,0,0,0,0,0,0,2,0,0,0
Woorabinda,2,0,0,0,0,0,0,0,0,0,1,1
Wurdong Heights,2,0,0,0,0,0,0,0,0,0,1,1
Wurruk,2,0,0,0,0,0,0,0,1,0,1,0
Wyndhamvale,2,0,0,0,0,0,0,0,0,0,0,2
Yalyalup,2,0,0,0,0,1,0,0,0,0,0,1
Yandaran,2,0,0,0,2,0,0,0,0,0,0,0
Yankalilla,2,1,0,0,1,0,0,0,0,0,0,0
Yarloop,2,0,0,0,0,0,0,0,0,0,1,1
Yarrabin,2,0,0,0,1,0,1,0,0,0,0,0
1/12 Knox Court Altona Meadows,1,0,0,0,0,0,0,0,0,0,1,0
10 Ashlundie  Cres Dubbo,1,0,0,0,0,0,0,0,0,0,1,0
125/33 Macrossan St Halifax,1,0,0,0,0,1,0,0,0,0,0,0
15,1,0,0,0,0,0,0,0,0,0,0,1
156 Lae Drive,1,0,0,0,0,0,0,0,0,0,0,1
176 Tenth Avenue Austral Nsw 2179,1,0,0,0,0,0,0,0,0,0,1,0
1770,1,0,0,0,0,0,0,0,0,0,1,0
18C Lionel St,1,0,0,0,0,0,0,0,0,0,0,1
2-6 North Street,1,0,0,0,0,0,0,0,0,0,1,0
20 Garden St South Yarra,1,0,0,0,0,1,0,0,0,0,0,0
2095,1,0,0,0,0,0,0,0,0,0,0,1
25 Alder Av Parkes Nsw,1,0,0,1,0,0,0,0,0,0,0,0
26,1,0,0,0,0,1,0,0,0,0,0,0
26 Gordon St,1,0,0,0,0,1,0,0,0,0,0,0
2653,1,0,0,0,0,1,0,0,0,0,0,0
28 Widdis Way Flynn,1,0,0,0,0,0,0,0,0,0,1,0
3/52 Church St,1,0,0,0,0,0,0,0,0,0,0,1
3078,1,0,0,0,0,0,0,0,0,0,1,0
31 Grazier Way,1,0,0,0,0,0,0,0,0,0,1,0
347 Corduroy Creek Road,1,0,0,0,0,1,0,0,0,0,0,0
39/90 Seafront Circ Bo Nny Hills,1,0,0,0,0,1,0,0,0,0,0,0
4 China Rd Manton,1,0,0,0,0,0,0,0,0,0,1,0
"41/9 Fuller Street Lutwyche Qld, Australia",1,0,0,0,0,1,0,0,0,0,0,0
4122,1,0,0,0,0,0,0,0,1,0,0,0
4740,1,0,0,0,0,0,0,0,1,0,0,0
49 Mahood Street Elizabeth Grove,1,0,0,0,0,0,0,0,0,1,0,0
5 Canunda Link,1,0,0,0,0,0,0,0,0,0,1,0
6 Warrina Close Taree,1,0,0,0,0,1,0,0,0,0,0,0
6 Weston,1,0,0,0,0,0,0,0,0,0,1,0
6/168Gertrude St Gosford,1,0,0,0,0,1,0,0,0,0,0,0
6167,1,0,0,0,0,0,0,0,0,0,0,1
76 Lavender St,1,0,0,0,0,0,0,0,0,0,0,1
80 Pegler Ave South Granville,1,0,0,0,0,1,0,0,0,0,0,0
92 Walkerville Tce,1,0,0,0,0,0,0,0,0,0,1,0
A.C.T.,1,0,0,0,0,1,0,0,0,0,0,0
Abbey,1,0,0,0,0,0,0,0,0,0,0,1
Abbotsbury,1,0,0,0,0,0,0,0,0,0,1,0
Abington,1,0,0,0,0,1,0,0,0,0,0,0
Ablion Park,1,0,0,0,0,0,0,0,1,0,0,0
Ablion Park Rail,1,0,0,0,0,0,0,0,1,0,0,0
Aboriginal,1,0,0,0,0,0,0,0,0,0,1,0
Address,1,0,0,0,0,0,0,0,1,0,0,0
Adelaide Cbd,1,0,0,0,0,0,0,0,1,0,0,0
Aeroglen,1,0,0,0,0,0,0,0,1,0,0,0
Ainslie  Village,1,0,1,0,0,0,0,0,0,0,0,0
Aireys Inlet,1,0,0,0,0,0,0,0,0,0,1,0
Airle Beach,1,0,0,0,0,0,0,0,0,0,1,0
Aitkenvale Bc,1,0,0,0,0,0,0,0,1,0,0,0
Albanvale,1,0,0,0,0,0,0,0,0,0,0,1
Albert St Werrington,1,0,0,0,0,1,0,0,0,0,0,0
Albury / Lavington,1,0,0,0,0,0,0,0,0,0,0,1
Aldavilla,1,0,0,0,0,0,0,0,1,0,0,0
Aldershot,1,0,0,0,0,0,0,0,0,0,0,1
Alexanderhills,1,0,0,0,0,0,0,0,0,0,1,0
Alexandra Headlands,1,0,0,0,0,0,0,0,0,0,0,1
Alexandra Parade Alexandra Headland,1,0,0,0,0,0,0,0,0,0,0,1
Alfred Cove,1,0,0,0,0,1,0,0,0,0,0,0
Alfredcove,1,0,0,0,0,0,0,0,0,0,0,1
Alfredtown,1,0,0,0,0,0,0,0,0,0,1,0
Alice Creek,1,0,0,0,1,0,0,0,0,0,0,0
Allansford,1,0,0,0,0,1,0,0,0,0,0,0
Allanstown  Rockhampton,1,0,0,0,0,0,0,0,1,0,0,0
Allawah,1,0,0,0,0,0,0,0,1,0,0,0
Allestree,1,0,0,0,0,0,0,0,0,0,0,1
Allgomera,1,0,0,0,0,0,0,0,1,0,0,0
Alloway,1,0,0,0,0,1,0,0,0,0,0,0
Alonnah,1,0,0,0,0,0,0,0,1,0,0,0
Alyangula,1,0,0,0,1,0,0,0,0,0,0,0
Amamoor Creek,1,0,0,0,0,1,0,0,0,0,0,0
Ambavale,1,0,0,0,0,0,0,0,0,0,1,0
Amiens,1,0,0,0,0,0,0,0,0,0,0,1
Amity Point,1,0,0,0,1,0,0,0,0,0,0,0
Ampilatwatja,1,0,0,0,0,1,0,0,0,0,0,0
Amy Road,1,0,0,0,0,0,0,0,0,1,0,0
Anakie,1,0,0,0,0,0,0,0,1,0,0,0
Anakie Siding,1,0,0,0,1,0,0,0,0,0,0,0
And,1,0,0,0,0,0,0,0,0,0,0,1
Andella St,1,0,0,0,0,0,0,0,0,0,1,0
Angle Park,1,0,0,0,0,1,0,0,0,0,0,0
Angle Vale,1,0,0,0,0,0,0,0,1,0,0,0
Angus,1,0,0,0,0,0,0,0,0,0,0,1
Annadale,1,0,0,0,0,0,0,0,0,0,0,1
Annandal,1,0,0,0,1,0,0,0,0,0,0,0
Antechamber Bay,1,0,0,0,0,0,0,0,0,0,1,0
Anula,1,0,0,0,0,1,0,0,0,0,0,0
Apollo Bay,1,0,0,0,0,0,0,0,1,0,0,0
Apsley,1,0,0,0,1,0,0,0,0,0,0,0
Araluan,1,0,0,0,0,1,0,0,0,0,0,0
Aramac,1,0,0,0,0,0,0,0,0,0,0,1
Arana Hills Kmart Plaza Shop 17A 5-11 Patricks Rd Arana Hills,1,0,0,0,0,0,0,0,0,0,0,1
Arcadia,1,0,0,0,0,0,0,0,0,0,1,0
Arcadia Vale,1,0,0,0,0,0,0,0,0,0,0,1
Argenton,1,0,0,0,0,0,0,0,1,0,0,0
Arnicliffe,1,0,0,0,1,0,0,0,0,0,0,0
Arrawarra Headland,1,0,0,0,1,0,0,0,0,0,0,0
Arthur St,1,0,0,0,0,0,0,0,0,0,1,0
Arthurs Creek,1,0,0,0,0,0,0,0,1,0,0,0
Arundel Qld,1,0,0,0,0,0,0,0,0,0,1,0
Ashfeild,1,0,0,0,0,1,0,0,0,0,0,0
Ashford,1,0,0,0,0,0,0,0,1,0,0,0
Ashmont - Nsw,1,0,0,0,0,0,0,0,1,0,0,0
Ashmore Goldcoast,1,0,0,0,0,0,0,0,0,0,1,0
Ashmore Road,1,0,0,0,0,0,0,0,0,0,1,0
Athol,1,0,0,0,0,0,0,0,0,0,0,1
Athol Park,1,0,0,0,0,1,0,0,0,0,0,0
Atkinson Dam,1,0,0,0,0,0,0,0,1,0,0,0
Atkinsons Dam,1,0,0,0,0,0,0,0,1,0,0,0
Atwell’S,1,0,0,0,1,0,0,0,0,0,0,0
Aubigny,1,0,0,0,1,0,0,0,0,0,0,0
Auburn ( Hawthorn East),1,0,0,0,0,0,0,0,1,0,0,0
"Auburn Nsw, Australia",1,0,0,0,0,0,0,0,0,0,0,1
Augathella,1,0,0,0,0,1,0,0,0,0,0,0
Augusta,1,0,0,0,0,0,0,0,1,0,0,0
Augustine,1,0,0,0,0,0,0,0,1,0,0,0
"Avenue, Buderim, ",1,0,0,0,0,0,0,0,1,0,0,0
Avonell Heights,1,0,0,0,0,1,0,0,0,0,0,0
Avonell Heights 4670,1,0,0,0,0,1,0,0,0,0,0,0
Avonsleigh,1,0,0,0,0,0,0,0,0,0,1,0
Aylmerton,1,0,0,0,1,0,0,0,0,0,0,0
Badagarang,1,0,0,0,1,0,0,0,0,0,0,0
Baddaginnie,1,0,0,0,1,0,0,0,0,0,0,0
Bader Ct Ringwood,1,0,0,0,0,0,0,0,1,0,0,0
Baerami,1,0,0,0,0,0,0,0,0,0,0,1
Bahrs Scrubs,1,0,0,0,0,0,0,0,0,0,0,1
Bajool,1,0,0,0,0,0,0,0,1,0,0,0
Bakers Swamp,1,0,0,0,0,0,0,0,1,0,0,0
Bakery Hill,1,0,0,0,1,0,0,0,0,0,0,0
Bald Knob,1,0,0,0,0,0,0,0,1,0,0,0
Baldhills,1,0,0,0,0,0,0,0,0,0,0,1
Baldivas,1,0,0,0,0,0,0,0,0,0,0,1
Baldivis  6171,1,0,0,0,0,0,0,0,0,0,0,1
Balgarra  Karratha,1,0,0,0,0,0,0,0,1,0,0,0
Balgowlah Heights,1,0,0,0,1,0,0,0,0,0,0,0
Balgowlah Hts,1,0,0,0,0,0,0,0,0,0,0,1
Ballandean,1,0,0,0,0,0,0,0,1,0,0,0
Ballararat East,1,0,0,0,0,0,0,0,0,0,0,1
Balnarring,1,0,1,0,0,0,0,0,0,0,0,0
Bamawm,1,0,0,0,0,0,0,0,1,0,0,0
Banarany,1,0,0,0,0,0,0,0,0,0,1,0
Bancroft,1,0,0,0,0,0,0,0,0,0,1,0
Bandiana,1,0,0,0,0,0,0,0,1,0,0,0
Bandiana Milpo,1,0,0,0,0,1,0,0,0,0,0,0
Bangalow,1,0,0,0,1,0,0,0,0,0,0,0
Banksia Grove  6031,1,0,0,0,0,1,0,0,0,0,0,0
Banksmeadow,1,0,0,0,0,0,0,0,1,0,0,0
Bannister,1,0,1,0,0,0,0,0,0,0,0,0
Banya,1,0,0,0,1,0,0,0,0,0,0,0
Banyabba,1,0,1,0,0,0,0,0,0,0,0,0
Barana Street,1,0,0,0,0,0,0,0,0,0,1,0
Baranduda,1,0,0,0,0,1,0,0,0,0,0,0
Barangaroo,1,0,0,0,0,0,0,0,1,0,0,0
Barcaldine,1,1,0,0,0,0,0,0,0,0,0,0
Barden Ridge,1,0,0,0,0,0,0,0,1,0,0,0
Bardwell Valley,1,0,0,0,0,0,0,0,0,0,0,1
Baree,1,0,0,0,0,0,0,0,0,0,1,0
Barellan Points,1,0,0,0,0,0,0,0,1,0,0,0
Barhs Scrub,1,0,0,0,0,0,0,0,0,0,0,1
Baringhup,1,0,0,0,0,0,0,0,0,0,0,1
Barlows Hill,1,0,0,0,0,0,0,0,0,0,1,0
Barmah,1,0,0,0,0,0,1,0,0,0,0,0
Barnett Ave,1,0,0,0,0,0,0,0,0,0,1,0
Baronia Heights,1,0,0,0,0,1,0,0,0,0,0,0
Bateman,1,0,0,0,0,0,0,0,1,0,0,0
Batemansbay,1,0,0,0,0,1,0,0,0,0,0,0
Batesford,1,0,0,0,0,0,0,0,0,0,1,0
Bathurst West,1,0,0,0,0,0,0,0,1,0,0,0
Baw Baw,1,0,0,0,1,0,0,0,0,0,0,0
Baxter,1,0,0,0,0,1,0,0,0,0,0,0
Baywater North,1,0,0,0,0,0,0,0,1,0,0,0
Beacon,1,0,0,0,0,0,0,0,1,0,0,0
Beaconsfied,1,0,0,0,0,0,0,0,0,0,0,1
Bealiba,1,0,0,0,0,0,0,0,1,0,0,0
Beaufort,1,0,0,0,0,0,0,0,0,1,0,0
Beaumaris (Vic),1,0,0,0,0,0,0,0,1,0,0,0
Beaver Rock,1,0,0,0,0,0,0,0,0,0,1,0
Beaxonsfield,1,0,0,0,0,0,0,0,0,0,0,1
Beckingham,1,0,0,0,0,0,0,0,0,0,1,0
Bedford Park,1,0,0,0,0,0,0,0,0,0,1,0
Bedfordale,1,0,0,0,0,0,0,0,0,0,1,0
Beeac,1,0,0,0,0,0,0,0,0,0,0,1
Beechwood,1,0,0,0,1,0,0,0,0,0,0,0
Beelbi Creek,1,0,0,0,0,0,0,0,0,0,1,0
Beerburrum,1,0,0,0,0,0,0,0,0,0,1,0
Beerburrum;Qld,1,0,0,0,0,0,0,0,0,0,0,1
Belalie North,1,0,0,0,0,0,0,0,0,0,0,1
Belgrave Heights,1,0,0,0,1,0,0,0,0,0,0,0
Belgrave South,1,0,0,0,0,0,0,0,0,0,0,1
Belhus,1,0,0,0,0,0,0,0,0,0,1,0
Belimbla Park,1,0,0,0,1,0,0,0,0,0,0,0
Bellarine,1,0,0,0,0,0,0,0,0,0,0,1
Bellbird Heights,1,0,0,0,0,0,0,0,0,0,0,1
Bellbrae,1,0,0,0,0,0,0,0,0,0,0,1
Bellbrook,1,0,0,0,0,0,0,0,0,0,0,1
Bellevue Heights,1,0,0,0,0,0,0,0,0,0,1,0
Bellfield,1,0,0,0,0,0,0,0,0,0,0,1
"Bellmere, Qld, 4510",1,0,0,0,0,1,0,0,0,0,0,0
Bells Creek,1,0,0,0,0,0,0,0,0,0,0,1
Bellthorpe,1,0,0,0,0,0,0,0,0,1,0,0
Benarkin,1,0,0,0,0,0,0,0,1,0,0,0
Benloch,1,0,0,0,0,0,0,0,0,0,1,0
Bennet Springs,1,0,0,0,0,0,0,0,1,0,0,0
Berala,1,0,0,0,1,0,0,0,0,0,0,0
Bergalia,1,0,0,0,0,0,0,0,0,0,0,1
Berkely,1,0,0,0,0,0,0,0,0,0,0,1
Berriedale Hobart. Tasmania,1,0,0,0,0,0,0,0,1,0,0,0
Berrigan,1,0,0,0,0,0,0,0,1,0,0,0
Berrima,1,0,0,0,1,0,0,0,0,0,0,0
Berriwillock,1,0,0,0,0,0,0,0,0,0,0,1
Berry,1,0,0,0,0,1,0,0,0,0,0,0
Berseker,1,0,0,0,0,0,0,0,1,0,0,0
Bersker,1,0,0,0,0,0,0,0,0,0,0,1
Berwra,1,0,0,0,0,1,0,0,0,0,0,0
Bethanga,1,0,0,0,1,0,0,0,0,0,0,0
Betsey Way,1,0,0,0,0,0,0,0,0,0,0,1
Beulah,1,0,1,0,0,0,0,0,0,0,0,0
Beverley Park,1,0,0,0,0,0,0,0,0,0,0,1
Beverley;Wa,1,0,0,0,0,0,0,0,1,0,0,0
Bibbenluke,1,0,0,0,0,0,0,0,0,0,0,1
Bicheno,1,0,0,0,0,0,0,0,0,0,0,1
Biddaddaba,1,0,0,0,0,0,0,0,0,0,0,1
Bigga,1,0,0,0,0,0,0,0,0,0,1,0
Billinudgel,1,0,0,0,0,0,0,0,0,0,1,0
Binda,1,0,0,0,0,0,0,0,0,0,0,1
Bingara,1,0,0,0,0,0,0,0,0,0,0,1
Bingera,1,0,0,0,0,0,0,0,1,0,0,0
Birnam,1,0,0,0,1,0,0,0,0,0,0,0
Black Range,1,0,0,0,0,1,0,0,0,0,0,0
Black River,1,0,0,0,0,0,0,0,0,0,1,0
Black Rock,1,0,0,0,0,0,0,0,0,0,0,1
Black Roxk,1,0,0,0,0,0,0,0,0,0,1,0
Blackburn Nth,1,0,0,0,0,0,0,0,1,0,0,0
Blackbutt South (Qld),1,0,0,0,0,0,0,0,0,0,0,1
Blacks Beach Mackay,1,0,0,0,0,0,0,0,1,0,0,0
Blakiston,1,0,0,0,0,0,0,0,0,0,1,0
Blanchview,1,0,0,0,1,0,0,0,0,0,0,0
Blaney,1,0,0,0,0,0,0,0,1,0,0,0
Blantyre St,1,0,0,0,0,0,0,0,0,0,0,1
Bligh Park Windsor,1,0,0,0,0,1,0,0,0,0,0,0
Blind Bight,1,0,0,0,0,0,0,0,1,0,0,0
Bloomfield,1,0,0,0,0,1,0,0,0,0,0,0
Blue Mountain Heights,1,0,0,0,0,0,0,0,0,0,0,1
Bluewater Park,1,0,0,0,0,0,0,0,1,0,0,0
Boddington,1,0,0,0,1,0,0,0,0,0,0,0
Bogan,1,0,0,0,0,0,0,0,0,0,1,0
Bogan Gate,1,0,0,0,0,1,0,0,0,0,0,0
Bogie,1,0,0,0,0,0,0,0,0,0,0,1
Boigu Island,1,0,0,0,0,0,0,0,0,0,0,1
Boltonpoint,1,0,0,0,0,0,0,0,0,0,0,1
Bombala,1,0,0,0,0,0,0,0,0,0,0,1
Bongeen,1,0,0,0,0,0,0,0,1,0,0,0
Bonnet Hill,1,0,0,0,0,0,0,0,1,0,0,0
Bonnie Brook,1,0,0,0,1,0,0,0,0,0,0,0
Bonnie Brooke,1,0,0,0,0,1,0,0,0,0,0,0
Bonnie Doon,1,0,0,0,1,0,0,0,0,0,0,0
Bonniefield,1,0,0,0,0,1,0,0,0,0,0,0
Bonnyrigg,1,0,0,0,0,0,0,0,0,0,0,1
Bonython,1,0,0,0,0,0,0,0,0,0,0,1
Boomer Bay,1,0,0,0,0,1,0,0,0,0,0,0
Boonarga,1,0,0,0,0,0,0,0,1,0,0,0
Booragul,1,0,0,0,0,0,0,0,0,0,1,0
Booralaming,1,0,0,0,0,0,0,0,1,0,0,0
Booval Fair,1,0,0,0,1,0,0,0,0,0,0,0
Booval Qld,1,0,0,0,0,1,0,0,0,0,0,0
Booyal,1,0,0,0,0,0,0,0,1,0,0,0
Borrika,1,0,0,0,0,0,0,0,0,0,0,1
Borroloola,1,0,0,0,0,1,0,0,0,0,0,0
Boundary Bend,1,0,0,0,0,0,0,0,0,0,0,1
Bourke Road,1,0,0,0,0,0,0,0,0,0,1,0
Bourke St Glen Innes,1,0,0,0,0,0,0,0,0,0,1,0
Bowen  Mountain,1,0,0,0,1,0,0,0,0,0,0,0
Bowen Palms Caravan Park Bowen,1,0,0,0,0,0,0,0,0,0,1,0
Bowling Alley Point,1,0,0,0,0,1,0,0,0,0,0,0
Boyland,1,0,0,0,0,0,0,0,0,0,1,0
Boyne Valley,1,0,0,0,0,1,0,0,0,0,0,0
Brackenridge,1,0,0,0,0,0,0,0,0,0,0,1
Bradfield,1,0,0,0,0,0,0,0,0,0,1,0
Braemore Street,1,0,0,0,0,1,0,0,0,0,0,0
Brandon,1,0,0,0,0,0,0,0,0,0,0,1
Brandy Hill,1,0,0,0,0,1,0,0,0,0,0,0
Braunstone,1,0,0,0,1,0,0,0,0,0,0,0
Bray Ark,1,0,0,0,0,0,0,0,1,0,0,0
Breadalbane,1,0,0,0,0,0,0,0,0,0,0,1
Brentwood,1,0,0,0,0,0,0,0,1,0,0,0
Briar Hill,1,0,0,0,0,0,0,0,0,0,0,1
Brierfield,1,0,0,0,0,0,0,0,1,0,0,0
Brigadoon,1,0,0,0,0,0,0,0,0,0,0,1
Brigalow Way,1,0,0,0,0,1,0,0,0,0,0,0
Brighton North,1,0,0,0,0,0,0,0,1,0,0,0
Brimpaen,1,0,0,0,0,0,0,0,0,0,1,0
Brisbame,1,0,0,0,0,0,0,0,1,0,0,0
"Broadmeadows Vic 3047, Australia",1,0,0,0,0,0,0,0,0,0,0,1
Brogo,1,0,0,0,0,0,0,0,0,0,0,1
Broke,1,1,0,0,0,0,0,0,0,0,0,0
Bromley,1,0,0,0,0,0,0,0,0,0,0,1
Brookhill,1,0,0,0,0,0,1,0,0,0,0,0
Brooklet,1,0,0,0,0,0,0,0,1,0,0,0
Brooklyn Park,1,0,0,0,0,1,0,0,0,0,0,0
Brookton,1,0,0,0,0,0,0,0,0,0,1,0
Brookyln,1,0,0,0,0,0,0,0,0,0,1,0
Broomehill Village,1,0,1,0,0,0,0,0,0,0,0,0
Broomfield,1,0,0,0,0,1,0,0,0,0,0,0
Brownlow  Kangaroo Island,1,0,0,0,0,0,0,0,0,0,0,1
Brownlow Hill,1,0,0,0,1,0,0,0,0,0,0,0
Brownsplains,1,0,0,0,0,0,0,0,0,0,0,1
Bruce Rock,1,0,0,0,0,0,0,0,0,0,1,0
Brukunga,1,0,0,0,0,0,0,0,1,0,0,0
Brunkerville,1,0,0,0,0,1,0,0,0,0,0,0
Brunswick Head'S,1,0,0,0,0,1,0,0,0,0,0,0
Brunswick Junction,1,0,0,0,0,0,0,0,0,0,0,1
Buaraba,1,0,0,0,0,0,0,0,0,0,0,1
Bucasia;Qld,1,0,0,0,0,0,0,0,1,0,0,0
Buccarumbi,1,0,1,0,0,0,0,0,0,0,0,0
Buchan South,1,0,0,0,1,0,0,0,0,0,0,0
Buckajo,1,0,0,0,0,0,0,0,1,0,0,0
Buckinham,1,0,0,0,0,0,0,0,0,1,0,0
Buckra Bendinni,1,0,0,0,0,0,0,0,0,0,1,0
Bugaldie,1,0,0,0,1,0,0,0,0,0,0,0
Bulga,1,0,0,0,0,1,0,0,0,0,0,0
Bull Creek,1,0,0,0,0,1,0,0,0,0,0,0
Bullaharre,1,0,0,0,1,0,0,0,0,0,0,0
Bullyard,1,0,0,0,0,0,0,0,0,0,1,0
Bundaberg  South,1,0,0,0,0,0,0,0,0,0,0,1
Bundaberg Centrel,1,0,0,0,0,0,0,0,0,0,0,1
Bundaberg North.,1,0,0,0,0,0,0,0,1,0,0,0
Bundalong,1,0,0,0,0,0,0,0,0,0,0,1
Bundara Street,1,0,0,0,0,0,0,0,0,0,1,0
Bundeena,1,0,1,0,0,0,0,0,0,0,0,0
Bungalow Cairns,1,0,0,0,0,0,0,0,1,0,0,0
Bungwahl,1,0,0,0,0,0,0,0,1,0,0,0
Buninyong,1,0,0,0,1,0,0,0,0,0,0,0
Bunyah,1,0,0,0,0,0,0,0,0,0,0,1
Bunyip,1,0,0,0,0,0,0,0,0,0,0,1
Burbengary,1,0,0,0,0,0,0,0,1,0,0,0
Burgowan,1,0,0,0,0,0,0,0,1,0,0,0
Burleigh,1,0,0,0,0,0,0,0,0,0,1,0
Burleigh Town,1,0,0,0,0,0,0,0,0,0,1,0
Burliegh Heads,1,0,0,0,0,0,0,0,0,0,0,1
Burncluith,1,0,0,0,0,0,0,0,0,0,0,1
Burnette Heads,1,0,0,0,1,0,0,0,0,0,0,0
Burnley,1,0,0,0,0,0,0,0,0,0,1,0
Burnley North,1,0,0,0,0,0,0,0,1,0,0,0
Burnside Heights,1,0,0,0,0,0,0,0,0,0,0,1
Buronga,1,0,0,0,0,1,0,0,0,0,0,0
Burracoppin,1,0,0,0,0,0,0,0,0,0,1,0
Burrill Lake,1,0,0,0,0,0,0,0,0,0,1,0
Bushmead,1,0,0,0,0,0,0,0,0,0,1,0
Bute,1,0,0,0,0,0,0,0,0,0,0,1
Butler Bay,1,0,0,0,0,1,0,0,0,0,0,0
Buttaba,1,0,0,0,0,0,0,0,0,1,0,0
C/O Urunga Post Office Urunga,1,0,0,0,0,1,0,0,0,0,0,0
Cabana Blvd,1,0,0,0,0,0,0,0,0,0,1,0
Cabarita,1,0,0,0,0,0,0,0,0,0,0,1
Cabarita Beach,1,0,0,0,0,0,0,0,0,0,1,0
Caboolture (Qld),1,0,0,0,0,0,0,0,0,0,0,1
Caboolture Qld,1,0,0,0,0,0,0,0,1,0,0,0
Cabooltutre,1,0,0,0,0,1,0,0,0,0,0,0
Cabooture,1,0,0,0,0,0,0,0,1,0,0,0
Cabramatta Avenue Miller,1,0,0,0,0,1,0,0,0,0,0,0
Cabrook,1,0,0,0,0,0,0,0,1,0,0,0
Cadallic Close,1,0,0,0,0,0,0,0,0,0,0,1
Caddens,1,0,0,0,0,0,0,0,0,0,1,0
Cadell,1,0,0,0,0,1,0,0,0,0,0,0
Cadoux,1,0,0,0,0,0,0,0,0,0,1,0
Cairdbeign,1,0,0,0,0,1,0,0,0,0,0,0
California Gully Bendigo,1,0,0,0,0,0,0,0,1,0,0,0
Calingiri,1,0,0,0,0,0,0,0,0,0,1,0
Callala Beach,1,0,0,0,0,0,0,0,1,0,0,0
Calliooe,1,0,0,0,0,1,0,0,0,0,0,0
Caltowie,1,0,0,0,0,1,0,0,0,0,0,0
Cambrai,1,0,0,0,0,0,0,0,0,0,0,1
Cambrian Hill,1,0,0,0,1,0,0,0,0,0,0,0
Cambroon,1,0,0,0,0,0,0,0,0,0,1,0
Campania,1,0,0,0,0,0,0,0,1,0,0,0
Campbells Creek,1,0,0,0,1,0,0,0,0,0,0,0
Campbeltown,1,0,0,0,0,1,0,0,0,0,0,0
Camperdonw,1,0,0,0,0,0,0,0,1,0,0,0
Cams Wharf,1,0,0,0,0,0,0,0,0,0,1,0
Canico Lane Hillcrest,1,0,0,0,0,0,0,0,1,0,0,0
Canley Hieghts,1,0,0,0,0,0,0,0,0,0,0,1
Cannon Hill Brisbane,1,0,0,0,0,0,0,0,0,0,0,1
Cannonhill,1,0,0,0,1,0,0,0,0,0,0,0
Cannonvalley,1,0,0,0,0,0,0,0,1,0,0,0
Canola Street,1,0,0,0,0,0,0,0,0,0,1,0
Cape Jervis,1,0,0,0,0,0,0,0,0,0,0,1
Cape Paterson,1,0,0,0,0,0,1,0,0,0,0,0
Captains Mountain,1,0,0,0,1,0,0,0,0,0,0,0
Caramut,1,0,0,0,0,1,0,0,0,0,0,0
Carbeen,1,0,0,0,0,0,0,0,0,0,0,1
Carbine Av,1,0,0,0,0,0,0,0,0,0,0,1
Carcoar,1,0,0,0,0,0,0,0,1,0,0,0
Cardiff Heights,1,0,0,0,0,1,0,0,0,0,0,0
Cardiff South,1,0,0,0,0,0,0,0,1,0,0,0
Cardinia,1,0,0,0,0,0,0,0,1,0,0,0
Cardnell Crescent,1,0,0,0,0,0,0,0,0,0,1,0
Carey Bay,1,0,0,0,0,0,0,0,0,0,0,1
Carina Brisbane,1,0,0,0,0,1,0,0,0,0,0,0
Carina Heights Brisbane,1,0,0,0,0,0,0,0,0,0,0,1
Carisbrook,1,0,0,0,1,0,0,0,0,0,0,0
Carlingfors,1,0,0,0,0,0,0,0,0,0,0,1
Carlton River,1,0,0,0,0,0,0,0,0,0,1,0
Caroona,1,0,0,0,0,1,0,0,0,0,0,0
Carrajung Lower,1,0,0,0,0,0,0,0,0,0,0,1
Carringbah,1,0,0,0,0,0,0,0,0,0,0,1
Carrington Falls,1,0,0,0,1,0,0,0,0,0,0,0
Carrs Creek,1,0,0,0,0,0,0,0,0,0,1,0
Carrum,1,0,0,0,0,0,0,0,0,0,0,1
Carss Park,1,0,0,0,0,0,0,0,1,0,0,0
Cartwrights Hill,1,0,0,0,0,0,0,0,0,0,0,1
Caserldine,1,0,0,0,0,0,0,0,0,0,0,1
Cashmore,1,0,0,0,0,0,0,0,1,0,0,0
Casterton,1,0,0,0,0,0,0,0,1,0,0,0
Castle Town,1,0,0,0,0,0,0,0,0,0,0,1
Castle.Hill,1,0,0,0,0,0,0,0,0,0,0,1
Castlereagh,1,0,0,0,0,0,0,0,0,0,1,0
Casula Mall,1,0,0,0,0,0,0,0,0,0,1,0
Catherine Fields,1,0,0,0,0,1,0,0,0,0,0,0
Caufield South,1,0,0,0,0,0,0,0,0,1,0,0
Caufiled East,1,0,0,0,0,0,0,0,0,0,0,1
Caulfield Sth,1,0,0,0,0,0,0,0,0,0,0,1
Cecil Plains,1,1,0,0,0,0,0,0,0,0,0,0
Cedar Pocket,1,1,0,0,0,0,0,0,0,0,0,0
Ceder Creek,1,0,0,0,0,0,0,0,1,0,0,0
Central Gladstone,1,0,0,0,0,0,0,0,0,0,0,1
Central Tilba,1,0,0,0,0,0,0,0,0,0,0,1
Cessnock West,1,0,0,0,1,0,0,0,0,0,0,0
Challis Avenue,1,0,0,0,0,0,0,0,0,0,1,0
Champion Lakes,1,0,0,0,1,0,0,0,0,0,0,0
Champness Crescent,1,0,0,0,0,0,0,0,0,0,1,0
Chandler,1,0,0,0,0,0,0,0,1,0,0,0
Cherbourg,1,0,0,0,0,1,0,0,0,0,0,0
Chermside South,1,0,0,0,0,0,0,0,1,0,0,0
Cherrybrook;Nsw,1,0,0,0,0,0,0,0,0,0,0,1
Cheshunt,1,0,0,0,0,0,0,0,0,0,0,1
Chesterhill,1,0,0,0,0,0,0,0,0,0,0,1
Chichester,1,0,0,0,0,0,0,0,1,0,0,0
Chidlow,1,0,0,0,0,0,0,0,1,0,0,0
Chiltern,1,0,0,0,0,1,0,0,0,0,0,0
Chippindale,1,0,0,0,0,1,0,0,0,0,0,0
Chittering,1,0,0,0,1,0,0,0,0,0,0,0
Christie’S Beach,1,0,0,0,0,0,0,0,0,0,0,1
Chruchill,1,0,0,0,0,0,0,0,0,0,1,0
"Church Street, North Parramatta, ",1,0,0,0,0,0,0,0,1,0,0,0
Churchlands,1,0,0,0,1,0,0,0,0,0,0,0
City,1,0,0,0,0,0,0,0,1,0,0,0
Cl Gosnells,1,0,0,0,0,0,0,0,0,0,1,0
Clandulla,1,0,0,0,0,1,0,0,0,0,0,0
Clare,1,0,0,0,0,0,0,0,1,0,0,0
Clarendonvale,1,0,0,0,0,0,0,0,0,0,0,1
Claretown,1,0,0,0,1,0,0,0,0,0,0,0
Clarkson Street,1,0,0,0,0,0,0,0,0,0,1,0
Clarksonppp,1,0,0,0,0,0,0,0,0,0,0,1
Clayton Bay,1,0,0,0,1,0,0,0,0,0,0,0
Clearmont,1,0,0,0,0,0,0,0,0,0,1,0
Cleve,1,0,0,0,0,0,0,0,0,0,0,1
Clifton Road,1,0,0,0,1,0,0,0,0,0,0,0
Clinten,1,0,1,0,0,0,0,0,0,0,0,0
Clinton;Qld,1,0,0,0,0,0,0,0,1,0,0,0
Closeburn,1,0,0,0,0,0,0,0,0,0,0,1
Clovelly Park,1,0,0,0,0,0,0,0,0,0,0,1
Cluden,1,0,0,0,0,0,0,0,1,0,0,0
Clunes,1,0,0,0,1,0,0,0,0,0,0,0
Clyde   3978,1,0,0,0,0,0,0,0,0,0,0,1
Clydebank,1,1,0,0,0,0,0,0,0,0,0,0
Coal Falls,1,0,0,0,0,1,0,0,0,0,0,0
Coal Point,1,0,0,0,0,0,0,0,0,0,0,1
Coalcliff,1,0,0,0,0,0,0,0,1,0,0,0
Coaldale,1,0,0,0,0,1,0,0,0,0,0,0
Coalfalls (Qld),1,0,0,0,0,0,0,0,0,0,0,1
Cobbitty,1,0,0,0,0,0,0,0,0,0,1,0
Cobbity,1,0,0,0,0,0,0,0,0,0,0,1
Cobblebank,1,0,0,0,0,0,0,0,0,0,0,1
Cobraball,1,0,0,0,0,0,0,0,0,0,0,1
Cobram East,1,0,0,0,0,0,0,0,1,0,0,0
Coffs Harbour Jetty Nsw,1,0,0,0,0,0,0,0,0,0,1,0
Coffs Harbour.,1,0,0,0,0,0,0,0,1,0,0,0
Cohuna,1,0,0,0,0,0,0,0,1,0,0,0
College Grove,1,0,0,0,0,0,0,0,0,1,0,0
Collingwood Heights,1,0,0,0,0,0,0,0,0,0,1,0
Collingwoodpark,1,0,0,0,0,1,0,0,0,0,0,0
Collinswood,1,0,0,0,0,0,0,0,0,0,1,0
Collombatti,1,0,0,0,0,0,0,0,0,0,0,1
Colo Vale,1,0,0,0,1,0,0,0,0,0,0,0
Colonel Light Gardens,1,0,0,0,0,0,0,0,0,0,0,1
Coloongup,1,0,0,0,0,0,0,0,0,0,0,1
Colosseum,1,0,0,0,0,0,0,0,0,0,0,1
Concord West,1,0,0,0,0,0,0,0,0,0,1,0
Condell Park;Nsw,1,0,0,0,0,0,0,0,1,0,0,0
Congo,1,0,0,0,0,0,0,0,0,0,0,1
Conjola Park,1,0,0,0,1,0,0,0,0,0,0,0
Connolly,1,0,0,0,0,0,0,0,0,0,1,0
Conway,1,0,0,0,1,0,0,0,0,0,0,0
Conway Beach,1,0,0,0,0,0,0,0,0,1,0,0
Coochin,1,0,0,0,0,0,0,0,1,0,0,0
Coochin Creek,1,0,0,0,0,1,0,0,0,0,0,0
Cooee,1,0,0,0,1,0,0,0,0,0,0,0
Coogee Nsw,1,0,0,0,1,0,0,0,0,0,0,0
Cook,1,0,0,0,1,0,0,0,0,0,0,0
Cookernup,1,0,0,0,1,0,0,0,0,0,0,0
Coolaroo,1,0,0,0,0,1,0,0,0,0,0,0
Coolgardie,1,0,0,0,0,0,0,0,0,1,0,0
Coolongolook,1,0,0,0,0,1,0,0,0,0,0,0
Coolum,1,0,0,0,0,1,0,0,0,0,0,0
Coomoora,1,0,0,0,0,0,0,0,0,0,1,0
Coonalpyn,1,0,0,0,0,0,0,0,1,0,0,0
Coonamble,1,0,0,0,0,0,0,0,0,0,1,0
Coooma,1,0,0,0,0,1,0,0,0,0,0,0
Cooperabung,1,0,0,0,0,0,0,0,1,0,0,0
Coopernook,1,0,0,0,1,0,0,0,0,0,0,0
Coopersplains,1,0,0,0,0,0,0,0,0,0,1,0
"Coorparoo, Brisbane",1,0,0,0,0,1,0,0,0,0,0,0
Coowonga,1,0,0,0,0,0,0,0,0,0,1,0
Cooyal,1,0,0,0,0,0,0,0,0,0,1,0
Coppabella,1,0,1,0,0,0,0,0,0,0,0,0
Coral  Cove,1,0,0,0,0,0,0,0,0,1,0,0
Coral Bay,1,0,0,0,1,0,0,0,0,0,0,0
Corney Town,1,0,0,0,0,1,0,0,0,0,0,0
Coroit,1,0,0,0,1,0,0,0,0,0,0,0
Coromandel Valley,1,0,0,0,0,0,0,0,1,0,0,0
Corrigin,1,1,0,0,0,0,0,0,0,0,0,0
Cowan,1,0,0,0,0,0,0,0,0,0,0,1
Cowell,1,0,0,0,0,0,0,0,0,0,0,1
Coydon,1,0,0,0,1,0,0,0,0,0,0,0
Crabbes Creek,1,0,0,0,0,0,0,0,1,0,0,0
Cracow,1,0,0,0,0,0,0,0,0,0,0,1
Crafers West,1,0,0,0,0,0,0,0,1,0,0,0
Craig Burn Farm,1,0,0,0,1,0,0,0,0,0,0,0
Craigburn,1,0,0,0,0,0,0,0,0,0,0,1
Cranboune East,1,0,0,0,0,0,0,0,0,0,0,1
Crawford River,1,0,0,0,0,0,0,0,0,0,1,0
Crescent Hassall Grove,1,0,0,0,0,0,0,0,0,0,1,0
Crescent Head,1,0,1,0,0,0,0,0,0,0,0,0
Cressy,1,0,0,0,0,1,0,0,0,0,0,0
Creswick,1,0,0,0,0,0,0,0,0,0,0,1
Crib Point,1,0,0,0,0,0,0,0,0,0,1,0
Cringila,1,0,0,0,0,0,0,0,0,0,0,1
Cringlia,1,0,0,0,0,0,1,0,0,0,0,0
Crooble,1,0,0,0,0,0,0,0,0,0,0,1
Crookwell,1,0,0,0,1,0,0,0,0,0,0,0
Croom,1,0,0,0,1,0,0,0,0,0,0,0
Crosslands,1,0,0,0,0,1,0,0,0,0,0,0
Croudace Road Elermore Vale,1,0,0,0,0,1,0,0,0,0,0,0
Crowsnest,1,0,0,0,0,1,0,0,0,0,0,0
Croydon Hills,1,0,0,0,0,0,0,0,0,0,0,1
"Cruikshank Street, Port Melbourne",1,0,0,0,0,1,0,0,0,0,0,0
Cudgen,1,0,0,0,0,0,0,0,1,0,0,0
Cullen Bullen,1,0,0,0,0,0,0,0,0,0,0,1
Cunderdin,1,0,0,0,0,0,0,0,1,0,0,0
"Cunderdin, Wa",1,0,0,0,1,0,0,0,0,0,0,0
Cungulla,1,0,0,0,0,0,0,0,1,0,0,0
Curlew Crs Norlane,1,0,0,0,0,0,0,0,0,0,1,0
Curramore,1,0,0,0,0,1,0,0,0,0,0,0
Currarong,1,0,0,0,0,0,0,0,0,0,0,1
Currie,1,0,0,0,0,1,0,0,0,0,0,0
Cypress Circuit,1,0,0,0,0,1,0,0,0,0,0,0
Daglish,1,0,0,0,0,0,0,0,1,0,0,0
Daisyhill,1,0,0,0,0,0,0,0,1,0,0,0
Dalbeg,1,0,0,0,0,1,0,0,0,0,0,0
Daleys Point,1,1,0,0,0,0,0,0,0,0,0,0
Dalkeith,1,0,0,0,1,0,0,0,0,0,0,0
Dampier,1,0,0,0,0,0,0,0,1,0,0,0
Dan Hart Lane,1,0,0,0,0,0,0,0,1,0,0,0
Dangar Island,1,0,0,0,0,0,0,0,1,0,0,0
Dangore,1,0,0,0,0,0,0,0,0,0,1,0
Darcey Street,1,0,0,0,0,0,0,0,0,1,0,0
Dargo,1,0,0,0,0,0,0,0,1,0,0,0
Darkwood,1,0,0,0,0,0,0,0,0,0,0,1
Dartmoor,1,0,0,0,0,0,0,0,0,0,1,0
Daveron Park,1,0,0,0,0,0,0,0,0,0,0,1
Davidson,1,0,0,0,1,0,0,0,0,0,0,0
Dawseville,1,0,0,0,0,0,0,0,0,0,0,1
Dawsville,1,0,0,0,0,1,0,0,0,0,0,0
Deakin,1,0,0,0,1,0,0,0,0,0,0,0
Dean Park,1,0,0,0,0,0,0,0,0,0,0,1
Deception,1,0,0,0,0,0,0,0,0,0,0,1
Deep Lead,1,1,0,0,0,0,0,0,0,0,0,0
Deeragun Townsville,1,0,0,0,0,0,0,0,0,0,0,1
Degraaff St,1,0,0,0,0,0,0,0,0,0,0,1
Delacome,1,0,0,0,0,0,0,0,0,0,1,0
Delamere,1,0,0,0,1,0,0,0,0,0,0,0
Delan,1,0,0,0,0,0,0,0,0,0,1,0
Delaneys Creek,1,0,0,0,1,0,0,0,0,0,0,0
Delegate,1,0,0,0,0,0,0,0,1,0,0,0
Delmar Parade,1,0,0,0,0,0,0,0,0,1,0,0
Denham Wa,1,0,0,0,1,0,0,0,0,0,0,0
Denistone,1,0,0,0,0,0,0,0,1,0,0,0
Depohill,1,0,0,0,0,0,0,0,1,0,0,0
Derby Street,1,0,0,0,0,0,0,0,0,0,1,0
Derrymore,1,0,0,0,0,1,0,0,0,0,0,0
Derwent Park,1,0,0,0,0,0,0,0,0,0,0,1
Devenish,1,0,0,0,0,1,0,0,0,0,0,0
Devon Meadows,1,0,0,0,0,0,0,0,0,0,1,0
Devon North,1,0,0,0,0,0,0,0,0,0,0,1
Diamantina Cct Beaudesert,1,0,0,0,0,0,0,0,0,0,0,1
Dicskon,1,0,0,0,0,0,0,0,0,1,0,0
Dimboola,1,0,0,0,0,0,0,0,1,0,0,0
Dinoga,1,0,0,0,0,0,0,0,0,0,0,1
Direk,1,0,0,0,0,0,0,0,1,0,0,0
Diwan,1,0,0,0,0,0,0,0,1,0,0,0
Djugun,1,0,0,0,0,1,0,0,0,0,0,0
Dolls Point,1,0,0,0,0,0,0,0,0,0,1,0
Dolphin Point,1,0,0,0,0,0,0,0,0,0,0,1
Doomadgee,1,1,0,0,0,0,0,0,0,0,0,0
Doomben,1,0,0,0,0,0,0,0,0,0,0,1
Doonbah,1,0,0,0,0,0,0,0,1,0,0,0
Dooralong,1,0,0,0,0,0,0,0,0,0,0,1
Dorodong,1,0,0,0,0,0,0,0,0,0,0,1
Dorroughby,1,0,0,0,0,0,0,0,1,0,0,0
Douglas Park,1,0,0,0,0,0,0,0,0,0,0,1
Douglas Townsville,1,0,0,0,0,0,0,0,0,0,0,1
Dover Gardens,1,0,0,0,0,0,0,0,0,1,0,0
Dover Heights,1,0,0,0,1,0,0,0,0,0,0,0
Drake,1,0,0,0,0,0,0,0,0,0,0,1
Drive,1,0,0,0,0,0,0,0,0,0,1,0
Driver N.T,1,0,0,0,0,0,0,0,0,0,1,0
Dromedary,1,0,0,0,0,0,0,0,0,0,1,0
Drouin East,1,0,0,0,0,0,0,0,0,0,1,0
Drummond Cove,1,0,0,0,0,0,0,0,0,0,1,0
Drummoyne;Nsw,1,0,0,0,0,0,0,0,1,0,0,0
Drvonport,1,0,0,0,0,0,0,0,0,0,0,1
Duaringa,1,0,0,0,0,0,0,0,1,0,0,0
Dugandan,1,0,0,0,0,0,0,0,0,0,1,0
Dulacca,1,0,0,0,0,0,0,0,0,0,1,0
Dulong,1,0,0,0,0,0,0,0,1,0,0,0
Dulwich Hilll,1,0,0,0,0,0,0,0,1,0,0,0
Dundas Vally,1,0,0,0,0,0,0,0,0,0,0,1
Dundathu,1,0,0,0,0,0,0,0,0,0,1,0
"Dundowran, Hervey Bay ",1,0,0,0,0,0,0,0,0,0,0,1
Dundurrabin,1,0,0,0,0,1,0,0,0,0,0,0
Dungowan,1,0,0,0,1,0,0,0,0,0,0,0
Dunkeld,1,0,0,0,0,0,0,0,0,0,1,0
Dunmore,1,0,0,0,0,0,0,0,0,0,1,0
Dunoon,1,0,0,0,0,1,0,0,0,0,0,0
Dunsborough   Wa,1,0,0,0,0,0,0,0,0,0,0,1
Dunwhich North Stradbroke Island,1,0,0,0,0,0,0,0,1,0,0,0
Durras North,1,0,0,0,0,0,0,0,1,0,0,0
Eaglby,1,0,0,0,0,0,0,0,0,0,1,0
Eagle Point,1,0,0,0,1,0,0,0,0,0,0,0
Eaglwby,1,0,0,0,0,0,0,0,0,0,0,1
East Arm,1,0,0,0,0,0,0,0,0,0,0,1
East Boambee,1,0,0,0,0,0,0,0,0,0,0,1
East Bundaberg,1,0,0,0,0,1,0,0,0,0,0,0
East Carnarvon,1,0,0,0,0,1,0,0,0,0,0,0
East Dubbo,1,0,0,0,0,0,0,0,0,0,0,1
East End,1,0,0,0,0,0,0,0,0,0,1,0
East Fremantle,1,0,0,0,0,0,0,0,1,0,0,0
East Greenmount,1,0,0,0,0,1,0,0,0,0,0,0
East Hawthorn,1,0,0,0,0,0,0,0,0,0,0,1
East Kangaloon,1,0,0,0,0,0,0,0,1,0,0,0
East Kurrajong,1,0,0,0,0,0,0,0,1,0,0,0
East Launceston,1,0,0,0,0,0,0,0,0,0,1,0
East Lindfield,1,0,0,0,0,1,0,0,0,0,0,0
East Malvern,1,0,0,0,0,0,0,0,0,0,1,0
East Melbourne,1,0,0,0,0,0,0,0,0,0,1,0
East Nanango,1,0,0,0,0,1,0,0,0,0,0,0
East Palmerston,1,0,0,0,0,0,0,0,0,0,0,1
East Rockingham,1,0,0,0,1,0,0,0,0,0,0,0
East Ryde,1,0,0,0,0,1,0,0,0,0,0,0
East Trinity,1,0,0,0,0,0,0,0,0,0,1,0
East Vic Park,1,0,0,0,1,0,0,0,0,0,0,0
East Warburton,1,0,0,0,0,0,0,0,1,0,0,0
East Wardell,1,0,0,0,0,0,0,0,0,1,0,0
Ebbwvale,1,0,0,0,0,0,0,0,1,0,0,0
Ebden,1,0,0,0,0,1,0,0,0,0,0,0
Echuca West,1,1,0,0,0,0,0,0,0,0,0,0
Eden Creek,1,0,0,0,0,1,0,0,0,0,0,0
Eden Hills,1,0,0,0,0,0,0,0,0,0,1,0
Eden'S Landing,1,0,0,0,0,0,0,0,0,0,0,1
Edenhill,1,0,0,0,0,1,0,0,0,0,0,0
Edenville,1,0,0,0,0,0,0,0,0,0,0,1
Edgecombe,1,0,0,0,0,0,0,0,1,0,0,0
"Edgehill. Cairns, Australia",1,0,0,0,0,0,0,0,1,0,0,0
Edithvalw,1,0,0,0,0,0,0,0,0,1,0,0
Edmenton,1,0,0,0,0,0,0,0,0,0,0,1
Edmondson  Park,1,0,0,0,0,0,0,0,1,0,0,0
Edmonton Cairns,1,0,0,0,0,0,0,0,1,0,0,0
Edwards Terrace Baringa,1,0,0,0,0,0,0,0,0,0,1,0
Eerwah Vale,1,0,0,0,0,0,0,0,1,0,0,0
Eightmile Plains,1,0,0,0,0,0,0,0,0,1,0,0
Elamang Avenue,1,0,0,0,0,0,0,0,0,0,1,0
Elanora Heights,1,0,0,0,0,1,0,0,0,0,0,0
Elanora Hts,1,0,0,0,0,1,0,0,0,0,0,0
Eldon,1,0,0,0,0,0,0,0,1,0,0,0
Elermorevale,1,0,0,0,0,0,0,0,0,0,0,1
Elizabeth,1,0,0,0,0,0,0,0,0,1,0,0
Elizabeth Nth.,1,0,0,0,0,1,0,0,0,0,0,0
Elizabeth Town,1,0,0,0,0,0,0,0,1,0,0,0
Elizabeth Vale,1,0,0,0,0,0,0,0,0,0,0,1
Ellenborough,1,0,0,0,0,1,0,0,0,0,0,0
Ellengrove,1,0,0,0,0,1,0,0,0,0,0,0
Ellesmere,1,0,0,0,0,0,0,0,1,0,0,0
Elliot Heads,1,0,0,0,0,0,0,0,0,0,1,0
Elliott,1,0,0,0,1,0,0,0,0,0,0,0
Elliston,1,0,0,0,0,1,0,0,0,0,0,0
Elmore,1,0,0,0,0,1,0,0,0,0,0,0
Elong Elong,1,0,0,0,0,0,0,0,0,0,0,1
Elsmore,1,0,0,0,0,0,0,0,0,0,0,1
Elwood M,1,0,0,0,0,0,0,0,0,0,1,0
Embelton,1,0,0,0,0,0,0,0,1,0,0,0
Emmaville,1,0,0,0,0,0,0,0,0,0,0,1
Emperor Grove,1,0,0,0,0,0,0,0,0,0,0,1
Emungalan,1,0,0,0,0,0,0,0,1,0,0,0
Eneabba,1,0,0,0,0,0,0,0,0,0,0,1
English Street,1,0,0,0,0,0,0,0,1,0,0,0
Englorie Park,1,1,0,0,0,0,0,0,0,0,0,0
Enhance,1,0,0,0,0,0,0,0,0,0,0,1
Enouggrah,1,0,0,0,0,0,0,0,0,0,0,1
Erakala,1,0,0,0,0,0,0,0,0,0,0,1
Erowal Bay,1,0,0,0,0,0,0,0,0,0,0,1
Erowl Bay,1,0,0,0,0,0,0,0,0,0,0,1
Erskinville,1,0,0,0,0,0,0,0,0,0,0,1
Esk 4312,1,0,0,0,1,0,0,0,0,0,0,0
Essendon North,1,0,0,0,0,0,0,0,0,0,0,1
Essendon West,1,0,0,0,0,0,0,0,0,0,0,1
Ettrick,1,0,0,0,0,0,0,0,0,0,1,0
Etty Bay,1,0,0,0,0,0,0,0,0,1,0,0
Euabalong,1,0,0,0,0,0,0,0,1,0,0,0
Eubenangee,1,0,0,0,0,0,0,0,0,0,1,0
Eudlo,1,0,0,0,0,0,0,0,0,0,1,0
Eugorwa,1,0,0,0,0,1,0,0,0,0,0,0
Eugowra,1,0,0,0,0,1,0,0,0,0,0,0
Eureka Cres,1,0,0,0,0,0,0,0,0,0,0,1
Euroka,1,0,0,0,0,1,0,0,0,0,0,0
Evanshaed,1,0,0,0,0,0,0,0,1,0,0,0
Evanston Gardens,1,0,0,0,0,0,0,0,1,0,0,0
Eveleigh,1,0,0,0,0,0,0,0,0,0,1,0
Everard Park,1,0,0,0,0,0,0,0,0,0,1,0
Everton Upper,1,0,0,0,0,0,0,0,0,0,0,1
Everton. Park,1,0,0,0,0,0,0,0,0,0,0,1
Eviron,1,0,0,0,0,0,0,0,0,0,0,1
Ewart Street,1,0,0,0,0,0,0,0,0,0,1,0
Ewlyamartup,1,0,0,0,0,0,0,0,0,0,0,1
Eyre,1,0,0,0,0,0,0,0,0,0,0,1
Failford,1,0,0,0,0,0,0,0,0,0,0,1
Fairney View,1,0,0,0,1,0,0,0,0,0,0,0
Falls Creek,1,0,0,0,0,0,0,0,0,0,1,0
Falmouth,1,0,1,0,0,0,0,0,0,0,0,0
Farley,1,0,0,0,0,0,0,0,0,0,0,1
Farnsfield,1,0,0,0,0,0,0,0,0,0,0,1
"Fawkner, Vic 3060",1,0,0,0,0,0,0,0,0,0,0,1
Feeling West,1,0,0,0,0,0,0,0,0,0,0,1
Felixstow,1,0,0,0,0,0,0,0,0,0,1,0
Fernbay,1,0,0,0,0,0,0,0,0,0,0,1
Ferntree Gullu,1,0,0,0,0,0,0,0,1,0,0,0
Ferny Glen,1,0,0,0,0,0,0,0,1,0,0,0
Finch Hatton,1,0,0,0,0,0,0,0,0,0,1,0
Findon/Adelaide,1,0,0,0,0,0,0,0,0,0,0,1
Fisherman Bay,1,0,0,0,0,0,0,0,1,0,0,0
Fishery Falls,1,0,0,0,1,0,0,0,0,0,0,0
Fitrzoy North,1,0,0,0,0,0,0,0,1,0,0,0
Fivedock,1,0,0,0,0,1,0,0,0,0,0,0
Flinders Island,1,0,0,0,0,0,0,0,1,0,0,0
Flora Hill Bendigo,1,0,0,0,0,0,0,0,0,0,0,1
Floraville,1,0,0,0,0,0,0,0,0,0,1,0
Forbes River,1,0,0,0,0,0,0,0,0,0,1,0
Fordwich,1,0,0,0,0,0,0,0,0,0,0,1
Forest Glen,1,0,0,0,1,0,0,0,0,0,0,0
Forest Lakes,1,0,0,0,0,0,0,0,0,0,0,1
Forestfield,1,0,0,0,0,0,0,0,1,0,0,0
Forestlake,1,0,0,0,0,0,0,0,1,0,0,0
Forrest Beach,1,0,0,0,0,0,0,0,0,0,0,1
Forresters Bch,1,0,0,0,0,0,0,0,0,0,0,1
Forrestfeild,1,0,0,0,0,0,0,0,0,0,1,0
Forrrstfield,1,0,0,0,0,0,0,0,0,0,0,1
Forth,1,0,0,0,0,0,0,0,0,0,1,0
Fountaindale,1,0,0,0,0,1,0,0,0,0,0,0
Foxdale,1,0,0,0,0,0,0,0,0,0,1,0
Fraser,1,0,1,0,0,0,0,0,0,0,0,0
Frazers Creek,1,0,1,0,0,0,0,0,0,0,0,0
Freemantle,1,0,0,0,0,1,0,0,0,0,0,0
French Island,1,0,0,0,0,0,0,0,0,0,1,0
"French Street, Pimlico",1,0,0,0,1,0,0,0,0,0,0,0
Frenchville Rockhampton Queensland,1,0,0,0,0,0,0,0,0,0,1,0
Freshwater Point,1,0,0,0,1,0,0,0,0,0,0,0
Freshwatet,1,0,0,0,0,0,0,0,0,0,0,1
Frost,1,0,0,0,0,0,0,0,0,0,0,1
Fulham,1,0,0,0,0,0,0,0,0,0,0,1
Fullarton,1,0,0,0,0,0,0,0,0,0,0,1
Furnissedale,1,0,0,0,0,0,0,0,0,0,0,1
Fyansford,1,0,0,0,1,0,0,0,0,0,0,0
Gables,1,0,0,0,0,0,0,0,0,0,1,0
Gandu,1,0,0,0,0,0,0,0,0,0,0,1
Ganmain,1,0,0,0,0,1,0,0,0,0,0,0
Garden City,1,0,0,0,0,1,0,0,0,0,0,0
Garden Suburb,1,0,0,0,0,0,0,0,1,0,0,0
"Gardiner Rd, Holmview",1,0,0,0,0,0,0,0,1,0,0,0
Gavin,1,0,0,0,0,0,0,0,0,0,0,1
Geeveston,1,0,0,0,0,0,0,0,0,0,1,0
Geham,1,0,0,0,1,0,0,0,0,0,0,0
Geneva,1,0,0,0,0,0,0,0,0,0,0,1
George Road Middle Swan,1,0,0,0,0,0,0,0,0,0,1,0
Geradton,1,0,0,0,0,0,0,0,0,0,0,1
Gerroa,1,1,0,0,0,0,0,0,0,0,0,0
Gibson,1,0,0,0,0,0,0,0,0,0,0,1
Gidgegannup,1,0,0,0,0,0,0,0,1,0,0,0
Gilberton,1,0,0,0,0,0,0,0,0,0,1,0
Gilead,1,0,0,0,0,0,0,0,0,0,1,0
Gillen  Alice Springs,1,0,0,0,0,0,0,0,0,0,0,1
Gilmore,1,0,0,0,0,0,0,0,0,0,0,1
Girvan,1,0,0,0,0,0,0,0,1,0,0,0
Gladstone Clinton,1,0,0,0,0,0,0,0,1,0,0,0
Gladstone Park Vic  Australia,1,0,0,0,0,1,0,0,0,0,0,0
Gladstone West,1,0,0,0,0,0,0,0,0,0,0,1
Glen Cairn,1,0,0,0,0,1,0,0,0,0,0,0
Glen Eagle,1,0,0,0,0,0,0,0,0,0,0,1
Glen Forrest,1,0,0,0,0,0,0,0,0,0,1,0
Glen Huntly,1,0,0,0,0,0,0,0,0,0,0,1
Glen Huon,1,0,0,0,0,1,0,0,0,0,0,0
Glen Oak,1,0,0,0,0,0,0,0,1,0,0,0
Glen William,1,0,0,0,0,0,0,0,0,0,1,0
Glencoe,1,0,0,0,0,0,0,0,0,0,0,1
Glendalough,1,0,0,0,1,0,0,0,0,0,0,0
Glenegale,1,0,0,0,0,0,0,0,1,0,0,0
Glengarry,1,0,0,0,0,0,0,0,0,0,0,1
Glengowrie,1,0,0,0,0,0,0,0,0,0,1,0
Glenlogan,1,0,0,0,0,0,0,0,0,0,0,1
Glenlyon,1,0,0,0,0,0,0,0,0,1,0,0
Glenmore Pk,1,0,0,0,0,0,0,0,1,0,0,0
Glenorie,1,0,0,0,1,0,0,0,0,0,0,0
Glossop,1,0,0,0,0,0,0,0,0,0,0,1
Godfreys Creek,1,0,0,0,0,0,0,0,0,0,1,0
Godwinbeach,1,0,0,0,0,0,0,0,0,0,0,1
Gogango,1,0,1,0,0,0,0,0,0,0,0,0
Gol Gol,1,0,0,0,0,0,0,0,1,0,0,0
Golden Square Bendigo,1,0,0,0,0,0,0,0,0,0,0,1
Goldsborough,1,0,0,0,0,0,0,0,1,0,0,0
"Goodna, Ipswich ",1,0,0,0,0,0,0,0,0,0,0,1
Goolwa Beach,1,0,0,0,0,0,0,0,0,0,0,1
Goolwa North,1,0,0,0,0,0,0,0,0,0,1,0
Goomalling,1,0,0,0,0,0,0,0,0,0,1,0
Goombungee,1,0,0,0,0,0,0,0,0,0,1,0
Goomeri,1,0,0,0,0,0,0,0,0,0,1,0
Goonumbla,1,0,0,0,1,0,0,0,0,0,0,0
Gooseberry Hill,1,0,0,0,1,0,0,0,0,0,0,0
Gootchie,1,0,0,0,0,0,0,0,1,0,0,0
Gormandale,1,0,0,0,0,0,0,0,0,0,1,0
Goroke,1,0,0,0,0,0,0,0,1,0,0,0
Gowanbrae,1,1,0,0,0,0,0,0,0,0,0,0
Gowrie Mountain,1,0,0,0,0,0,0,0,0,0,1,0
Grand Central  Shop 22 244-252 Margaret St,1,0,0,0,0,1,0,0,0,0,0,0
Grand Prom,1,0,0,0,0,0,0,0,0,0,1,0
Grant Crescent,1,0,0,0,0,0,0,0,0,0,1,0
Granville Nsw,1,0,0,0,0,0,0,0,1,0,0,0
Grasmere,1,0,0,0,0,0,0,0,0,0,1,0
Grassy King Island,1,0,0,0,0,0,0,0,1,0,0,0
Grays Point,1,0,0,0,0,0,0,0,1,0,0,0
Great Ryrie Street,1,0,0,0,0,0,0,0,1,0,0,0
Green Head,1,0,0,0,0,0,0,0,0,0,1,0
Greenacres,1,0,0,0,0,0,0,0,0,0,0,1
Greendale,1,0,0,0,0,0,0,0,0,0,0,1
Greenethorpe,1,0,0,0,0,0,0,0,0,0,1,0
Greenhill,1,0,0,0,0,0,0,0,0,0,1,0
Greenleigh,1,0,0,0,1,0,0,0,0,0,0,0
Greens Creek,1,0,0,0,0,0,0,0,0,0,1,0
Greenview,1,0,0,0,0,0,0,0,0,0,0,1
Greta South,1,0,0,0,1,0,0,0,0,0,0,0
Griffins,1,0,0,0,0,0,0,0,0,0,0,1
Griffith Nsw,1,0,0,0,0,1,0,0,0,0,0,0
Grose Vale,1,0,0,0,0,0,0,0,0,0,0,1
Guanaba,1,0,0,0,0,0,0,0,1,0,0,0
Guerilla Bay,1,0,0,0,0,1,0,0,0,0,0,0
Gulfview Heights,1,0,0,0,0,0,0,0,0,0,0,1
Gunalda,1,0,0,0,0,0,1,0,0,0,0,0
Gundagai,1,0,0,0,0,0,1,0,0,0,0,0
Gundaroo,1,0,0,0,1,0,0,0,0,0,0,0
Gundary,1,0,0,0,0,1,0,0,0,0,0,0
Gunns Plains,1,0,0,0,0,0,0,0,0,0,1,0
Gununa,1,0,0,0,0,0,0,0,0,0,0,1
Gwyneville,1,0,0,0,0,1,0,0,0,0,0,0
Haddon,1,0,0,0,0,0,0,0,0,0,1,0
Hagley,1,0,0,1,0,0,0,0,0,0,0,0
Hahndorf,1,0,0,0,0,0,0,0,1,0,0,0
Halifax,1,0,0,0,0,0,0,0,1,0,0,0
Hall,1,0,0,0,0,0,0,0,1,0,0,0
Hallet Cove,1,0,0,0,0,1,0,0,0,0,0,0
Halls Gap,1,0,0,0,0,0,0,0,1,0,0,0
Hambledon Hill,1,0,1,0,0,0,0,0,0,0,0,0
Hamilton East,1,0,0,0,0,0,0,0,0,0,1,0
Hamilton St Bassendean,1,0,0,0,0,0,0,0,1,0,0,0
Hamilton Sth,1,0,0,0,0,1,0,0,0,0,0,0
Hamlyn Hights,1,0,0,0,0,0,0,0,0,0,0,1
Hampshire,1,0,0,0,0,0,0,0,0,0,1,0
Hamyln Terrace,1,0,0,0,0,0,0,0,0,0,0,1
Hannam Vale,1,0,0,0,0,0,0,0,0,0,1,0
Harcourt,1,0,0,0,0,1,0,0,0,0,0,0
Hardwicke Bay,1,0,1,0,0,0,0,0,0,0,0,0
Harlaxton Toowoomba,1,0,0,0,0,1,0,0,0,0,0,0
Harlin,1,0,0,0,0,0,0,0,0,0,0,1
Harridale,1,0,0,0,0,0,0,0,1,0,0,0
Harristown Toowoomba,1,0,0,0,0,1,0,0,0,0,0,0
"Harry Chan Avenue, ",1,0,0,0,0,0,0,0,0,0,1,0
Hastings Point,1,0,0,0,0,0,0,0,1,0,0,0
Hawhthon East,1,0,0,0,0,0,0,0,0,0,0,1
Hawker,1,0,1,0,0,0,0,0,0,0,0,0
Hawkins Creek,1,1,0,0,0,0,0,0,0,0,0,0
Hawthorndene,1,0,0,0,0,0,0,0,0,0,0,1
Haywards Bay,1,0,0,0,0,0,0,0,0,0,0,1
Hazeldean,1,0,0,0,0,0,0,0,0,0,0,1
Hazelwood Park,1,0,0,0,0,0,0,0,0,0,0,1
Hazelwood South,1,0,0,0,0,1,0,0,0,0,0,0
Heathmont (Vic),1,0,0,0,0,0,0,0,1,0,0,0
Hebbersham,1,0,0,0,0,0,0,0,1,0,0,0
Henley Beach South,1,0,0,0,1,0,0,0,0,0,0,0
Henley Brook,1,0,0,0,0,0,0,0,0,0,1,0
Henry Kendall St,1,0,0,0,0,0,0,0,0,0,0,1
Henry Samuel Drive,1,0,0,0,0,0,0,0,0,0,1,0
Herbert,1,0,0,0,1,0,0,0,0,0,0,0
Herberton Watsonville,1,0,0,0,0,0,0,0,0,0,1,0
Hermitage Flat,1,0,0,0,0,1,0,0,0,0,0,0
Heybridge,1,0,0,0,0,0,0,0,0,1,0,0
Heywood,1,0,0,0,0,1,0,0,0,0,0,0
High Street Melton Vic,1,0,0,0,0,0,0,0,0,0,1,0
Highgate Hill;Qld,1,0,0,0,0,0,0,0,0,0,0,1
Highvale,1,0,0,0,0,0,0,0,0,0,1,0
Highworth,1,0,0,0,0,0,0,0,0,0,0,1
Hillary’S,1,0,0,0,0,0,0,0,0,0,0,1
Hilldale,1,0,0,0,0,0,0,0,0,0,0,1
Hillgrove,1,1,0,0,0,0,0,0,0,0,0,0
Hillville,1,0,0,0,0,1,0,0,0,0,0,0
Hilvue,1,0,0,0,0,0,0,0,1,0,0,0
Hinton,1,0,0,0,0,0,0,0,0,0,0,1
Hoddles Creek,1,0,0,0,0,0,0,0,0,0,1,0
Holbrook,1,0,0,0,0,0,0,0,0,0,0,1
Holmesville,1,0,0,0,0,0,0,0,0,0,1,0
Holt Street Ashcroft,1,0,0,0,0,1,0,0,0,0,0,0
Holtze,1,0,0,0,0,0,0,0,0,0,0,1
Homebush Sydney,1,0,0,0,0,0,0,0,0,0,1,0
Homehill,1,0,0,0,0,0,0,0,0,0,1,0
Hookswood,1,0,0,0,1,0,0,0,0,0,0,0
Hopetoun Close,1,0,0,0,0,0,0,0,0,0,1,0
Hopetoun Park,1,0,0,0,0,0,0,0,1,0,0,0
Hoppers Crossinv,1,0,0,0,0,0,0,0,0,0,0,1
Horn,1,0,0,0,0,0,0,0,0,0,1,0
Horning Sea Park,1,0,0,0,0,0,0,0,0,0,1,0
Hornsby Heights,1,0,0,0,0,0,1,0,0,0,0,0
"Hornsy Park, Mildura",1,0,0,0,0,0,0,0,0,0,0,1
Horse Creek,1,0,0,0,0,0,1,0,0,0,0,0
Horseshoe Bend,1,0,0,0,0,0,0,0,0,0,1,0
Horsfield Bay,1,0,0,0,0,0,0,0,0,0,1,0
Horton,1,0,0,0,0,1,0,0,0,0,0,0
Hovea,1,0,0,0,0,0,0,0,0,0,0,1
Howes Creek,1,0,0,0,0,0,0,0,1,0,0,0
Hoya,1,0,0,0,0,0,0,0,1,0,0,0
Hudson,1,0,0,0,0,0,0,0,0,0,1,0
Hugh,1,0,0,0,1,0,0,0,0,0,0,0
Humula,1,0,0,0,0,0,0,0,0,0,1,0
Hunbug Scrub,1,0,0,0,0,0,0,0,0,0,0,1
Hunterview,1,0,0,0,0,0,0,0,1,0,0,0
Huntfeild Hights,1,0,0,0,1,0,0,0,0,0,0,0
Hurstville Bc,1,0,0,0,0,0,0,0,1,0,0,0
Huskisson,1,0,0,0,0,0,0,0,0,0,1,0
Hutchinson Street,1,0,0,0,0,0,0,0,0,0,1,0
Hyde Park Townsville,1,0,0,0,0,0,0,0,0,0,1,0
Hynam,1,1,0,0,0,0,0,0,0,0,0,0
Ilarwill,1,0,0,0,0,0,0,0,1,0,0,0
Ilbilbie,1,0,0,0,1,0,0,0,0,0,0,0
Imperial Parade Labrador,1,0,0,0,0,0,0,0,0,0,1,0
Inman Valley,1,0,0,0,0,0,0,0,0,0,0,1
Innes Park Nth,1,0,0,0,1,0,0,0,0,0,0,0
Innisfail Estate,1,0,0,0,0,0,0,0,0,0,0,1
Invermayb,1,0,0,0,0,0,0,0,0,0,1,0
Ipswhich,1,0,0,0,0,0,0,0,0,0,0,1
Iron Pot Creek,1,0,0,0,0,0,0,0,0,0,1,0
Irrewarra,1,0,1,0,0,0,0,0,0,0,0,0
Isaacs,1,0,1,0,0,0,0,0,0,0,0,0
Isisford,1,0,0,0,0,0,0,0,0,0,0,1
Ivanhoe North,1,0,0,0,0,0,0,0,0,0,1,0
Ivory Creek,1,0,0,0,0,0,0,0,0,0,0,1
Jabiru Close,1,0,0,0,0,1,0,0,0,0,0,0
Jack Ass Flat,1,0,0,0,0,0,0,0,0,0,0,1
Jaggan,1,0,0,0,0,0,0,0,0,0,0,1
Jaimisontown,1,0,0,0,0,0,0,0,0,0,1,0
James Well,1,0,0,0,0,1,0,0,0,0,0,0
Jamestown,1,0,0,0,0,0,0,0,0,0,0,1
Jane Brook,1,0,1,0,0,0,0,0,0,0,0,0
Jeffcott North,1,0,0,0,0,0,0,0,1,0,0,0
Jellicoe,1,0,0,0,0,0,0,0,0,0,0,1
Jennings,1,0,0,0,0,0,0,0,0,0,1,0
Jenolan Avenue,1,0,0,0,0,1,0,0,0,0,0,0
Jeparit,1,0,0,0,1,0,0,0,0,0,0,0
Jerrys Plains,1,0,0,0,0,0,0,0,0,0,0,1
Jervis Bay,1,0,0,0,0,0,0,0,0,0,0,1
Jervois,1,0,0,0,0,0,0,0,0,0,1,0
Jiggi,1,0,0,0,0,0,0,0,0,0,1,0
Johansen C,1,0,0,0,0,1,0,0,0,0,0,0
Johnston,1,0,0,0,0,0,0,0,0,0,0,1
Jollys Lookout,1,0,0,0,0,0,0,0,0,0,1,0
Jondaryan Mount Tyson Road,1,0,0,0,0,1,0,0,0,0,0,0
Joneshill,1,0,0,0,0,0,0,0,1,0,0,0
Jonquil Circuit Flinders View,1,0,0,0,0,0,0,0,0,0,0,1
Joondalup Wa,1,0,0,0,1,0,0,0,0,0,0,0
Jordon Springs,1,0,0,0,0,0,0,0,0,0,0,1
Josephine Street West Ulverstone,1,0,0,0,0,0,0,0,0,0,0,1
Josephville,1,0,0,0,0,0,0,0,1,0,0,0
Joskeleigh,1,0,0,0,1,0,0,0,0,0,0,0
Jubliee Pocket,1,0,0,0,0,0,0,0,0,0,0,1
Judbury,1,0,0,0,1,0,0,0,0,0,0,0
Julago,1,0,0,0,0,0,0,0,0,0,0,1
Julia Creek,1,0,0,0,0,0,0,0,0,0,0,1
Junortoun,1,0,0,0,0,0,0,0,0,0,0,1
Jurien,1,0,0,0,0,0,0,0,1,0,0,0
Kabra,1,0,0,0,0,1,0,0,0,0,0,0
Kains Flat,1,0,0,0,0,0,0,0,0,0,0,1
Kalangoor,1,0,0,0,0,0,0,0,0,0,1,0
Kalaru,1,0,0,0,0,1,0,0,0,0,0,0
Kalimna West,1,0,0,0,0,0,0,0,0,0,1,0
Kalinga,1,0,0,0,0,0,0,0,0,0,0,1
Kallista,1,0,0,0,0,0,0,0,1,0,0,0
Kalpowar,1,0,0,0,0,0,0,0,0,0,0,1
Kamerunga,1,0,0,0,0,0,0,0,0,0,0,1
Kandanga Creek,1,0,0,0,0,0,0,0,0,0,1,0
Kangaloon,1,0,0,0,0,0,0,0,0,0,0,1
Kangaroo Point Brisbane,1,0,0,0,0,0,0,0,1,0,0,0
Kaniva,1,0,0,0,0,1,0,0,0,0,0,0
Kaoota,1,1,0,0,0,0,0,0,0,0,0,0
Kapunda,1,0,0,0,0,0,0,0,0,0,0,1
Karaba,1,0,0,0,0,0,0,0,0,0,0,1
Kareela Ave,1,0,0,0,0,0,0,0,0,0,1,0
Kariah,1,0,0,0,0,0,0,0,0,0,0,1
Karoonda,1,0,0,0,0,0,0,0,0,0,0,1
Karrabin,1,0,0,0,0,0,0,0,1,0,0,0
Karragarra Island,1,0,0,0,0,1,0,0,0,0,0,0
Karratha Industrial Estate,1,0,0,0,0,0,0,0,0,0,1,0
Karridale,1,0,0,0,0,0,0,0,0,0,0,1
Karriynup,1,0,0,0,0,0,0,0,0,0,1,0
Katandra West,1,0,1,0,0,0,0,0,0,0,0,0
Kawangan,1,0,0,0,0,0,0,0,0,0,0,1
Kawl Kawl,1,0,0,0,0,0,0,0,0,0,0,1
Kealba,1,0,0,0,0,0,0,0,0,0,1,0
Kearney Springs,1,0,0,0,0,0,0,0,0,0,0,1
Keilor,1,1,0,0,0,0,0,0,0,0,0,0
Keith,1,0,0,0,0,0,0,0,1,0,0,0
Kellyville Ridge,1,0,0,0,0,0,0,0,0,0,1,0
Kelos,1,0,0,0,0,0,0,0,0,0,0,1
"Kelso Qld, Australia",1,0,0,0,0,0,0,0,1,0,0,0
Kendenup,1,0,0,0,0,0,0,0,0,0,0,1
Kensington  Gardens,1,0,0,0,0,0,0,0,0,0,0,1
Kensington Gardens,1,1,0,0,0,0,0,0,0,0,0,0
Kensington Park,1,0,0,0,1,0,0,0,0,0,0,0
Kentville,1,0,0,0,0,0,0,0,0,0,1,0
Keppel Sands,1,0,0,0,1,0,0,0,0,0,0,0
Kersbrook,1,0,0,0,0,0,0,0,1,0,0,0
Kesington,1,0,0,0,0,0,0,0,0,0,0,1
Keswick,1,0,0,0,0,0,0,0,0,0,0,1
Khancoban,1,0,0,0,0,1,0,0,0,0,0,0
Kia Ora,1,0,0,0,0,0,0,0,0,0,1,0
Kiama Downs,1,0,0,0,0,0,0,0,0,1,0,0
"Kidman Park, Sa, 5025",1,0,0,0,0,0,0,0,1,0,0,0
Kiewa,1,0,0,0,0,0,0,0,0,0,1,0
Kilaben Bay,1,1,0,0,0,0,0,0,0,0,0,0
Kilcummin,1,1,0,0,0,0,0,0,0,0,0,0
Killcare Heights,1,0,0,0,0,0,0,0,1,0,0,0
Kilsyth South,1,0,0,0,0,0,0,0,0,0,0,1
Kin Kin.,1,0,0,0,0,0,0,0,0,0,0,1
Kinchant Dam,1,1,0,0,0,0,0,0,0,0,0,0
Kincumber South,1,0,0,0,0,1,0,0,0,0,0,0
Kindee,1,0,0,0,0,0,0,0,0,1,0,0
King River,1,0,0,0,0,1,0,0,0,0,0,0
King Valley,1,0,0,1,0,0,0,0,0,0,0,0
King'S Bch,1,0,0,0,0,0,0,0,0,0,0,1
King'S Park,1,0,0,0,0,1,0,0,0,0,0,0
Kinghorne  St Nowra,1,0,0,0,0,0,0,0,0,0,1,0
Kinglake Central,1,0,0,0,0,0,0,0,1,0,0,0
Kings Forrest,1,0,0,0,0,0,0,0,1,0,0,0
Kings Road Paralowie,1,0,0,0,0,0,0,0,1,0,0,0
Kingsholme,1,0,0,0,0,0,0,0,0,0,1,0
Kingston Park,1,0,0,0,0,0,0,0,0,0,0,1
Kinka,1,0,0,0,0,0,0,0,1,0,0,0
Kinka Beach,1,0,0,0,0,0,0,0,1,0,0,0
Kippa- Ring,1,0,0,0,0,0,0,0,0,0,0,1
Kirribilli Sydney,1,0,0,0,0,0,0,0,0,0,1,0
Knockrow,1,0,0,0,0,0,0,0,0,0,1,0
Knorrit Flat,1,0,0,0,1,0,0,0,0,0,0,0
Koala Road,1,0,0,0,0,0,0,0,0,0,1,0
Kograh,1,0,0,0,0,0,0,0,0,0,0,1
Kokoda St,1,0,0,0,0,0,0,0,0,0,1,0
Kolora,1,0,0,0,0,0,0,0,0,0,0,1
Koonaworra,1,0,0,0,0,0,0,0,0,0,0,1
Koongamia,1,0,0,0,0,0,0,0,0,0,0,1
Koonwarra,1,0,0,0,0,0,0,0,0,0,0,1
Koonya,1,0,0,0,0,0,0,0,1,0,0,0
Koorainghat,1,0,0,0,0,1,0,0,0,0,0,0
Koorda,1,0,0,0,0,0,0,0,0,0,1,0
Kooweerup,1,0,0,0,0,1,0,0,0,0,0,0
Kooyong,1,0,1,0,0,0,0,0,0,0,0,0
Kordabup,1,0,0,0,0,0,0,0,0,0,0,1
Kowanyama,1,0,0,0,0,0,0,0,0,0,1,0
Kremnos,1,0,0,0,0,0,0,0,0,0,1,0
Kulgun Circuit Inala,1,0,0,0,0,0,0,0,0,0,1,0
Kulnura,1,0,0,0,0,0,0,0,0,0,1,0
Kunghur,1,0,0,0,0,1,0,0,0,0,0,0
Kuranjang,1,0,0,0,0,0,0,0,0,0,0,1
Kureelpa,1,0,0,0,0,0,0,0,0,0,0,1
Kurrowah,1,0,0,0,0,0,0,0,0,0,0,1
Kwinana Town Centre,1,0,0,0,0,0,0,0,1,0,0,0
Kybong,1,0,0,0,0,0,0,0,1,0,0,0
La Perouse,1,0,0,0,0,0,0,0,0,0,0,1
Lagoon Pocket,1,0,0,0,0,0,0,0,0,0,1,0
Lah,1,0,0,0,1,0,0,0,0,0,0,0
Lake Boga,1,0,0,0,0,1,0,0,0,0,0,0
Lake Clifton,1,0,0,0,0,1,0,0,0,0,0,0
Lake Macdonald,1,0,0,0,1,0,0,0,0,0,0,0
Lake Mary,1,0,0,0,1,0,0,0,0,0,0,0
Lake Wendouree,1,0,0,0,0,0,0,0,0,0,1,0
Lakeland,1,0,0,0,0,0,0,0,1,0,0,0
Lalor City,1,0,0,0,0,0,0,0,0,0,0,1
Lamb Island,1,0,0,0,0,0,0,0,0,0,0,1
Lambells Lagoon,1,0,0,0,0,1,0,0,0,0,0,0
Lambs Valley,1,0,0,0,0,0,0,0,0,0,1,0
Lameroo,1,0,0,0,0,0,0,0,1,0,0,0
Lamington,1,0,0,0,0,0,0,0,1,0,0,0
Lancaster,1,0,0,0,0,0,0,0,1,0,0,0
Lancefield,1,0,0,0,0,1,0,0,0,0,0,0
Lang Lang,1,0,0,0,0,0,0,0,0,0,0,1
Lange,1,1,0,0,0,0,0,0,0,0,0,0
Lanskey,1,0,0,0,0,1,0,0,0,0,0,0
Lansvale,1,0,0,0,0,0,0,0,0,0,0,1
Larrekeyah,1,0,0,0,0,0,0,0,0,0,0,1
Lavender Bay,1,0,0,0,0,0,0,0,1,0,0,0
Leabrook,1,0,0,0,0,0,0,0,1,0,0,0
Leathbrige Park,1,0,0,0,0,0,0,0,0,0,0,1
Legana,1,0,0,0,0,0,0,0,0,0,0,1
Legume,1,0,0,0,0,0,0,0,1,0,0,0
Leichhardt Ipswich,1,0,0,0,0,1,0,0,0,0,0,0
Lemontree Passage,1,0,0,0,1,0,0,0,0,0,0,0
Leonay,1,0,0,0,0,0,1,0,0,0,0,0
Leopopd,1,0,0,0,0,0,0,0,1,0,0,0
Leslie Vale,1,0,0,0,0,1,0,0,0,0,0,0
Level,1,0,0,0,0,0,0,0,0,0,1,0
Liberty Grove,1,0,0,0,0,0,0,0,0,0,0,1
Lietinna,1,0,0,0,0,0,0,0,1,0,0,0
Lightening Ridge,1,0,0,0,0,0,0,0,0,0,0,1
Lighting Ridge,1,0,0,0,0,0,0,0,0,1,0,0
Lightning Riidge,1,0,0,0,1,0,0,0,0,0,0,0
Lilydalle,1,0,0,0,0,0,0,0,1,0,0,0
Limmen,1,0,0,0,0,0,0,0,1,0,0,0
Lindenow South,1,0,0,0,0,1,0,0,0,0,0,0
Lindesay,1,0,0,0,0,0,0,0,0,0,0,1
Lindisfarne,1,0,0,0,0,0,0,0,1,0,0,0
Linville,1,0,0,0,1,0,0,0,0,0,0,0
Littleton,1,0,0,0,0,0,0,0,0,0,1,0
Liverpool 2170,1,0,0,0,0,0,0,0,0,0,0,1
Loch,1,0,0,0,1,0,0,0,0,0,0,0
Lochiel,1,0,0,0,0,0,0,0,0,0,0,1
Lochinvar,1,0,0,0,0,1,0,0,0,0,0,0
Lockhart Riber,1,0,0,0,0,0,0,0,0,0,0,1
Lockhart River,1,0,0,0,0,0,0,0,0,0,1,0
Lockridge Perth,1,0,0,0,0,0,0,0,0,0,0,1
Lockwood,1,0,0,0,0,0,0,0,0,0,0,1
Lockyer,1,0,0,0,0,0,0,0,0,0,0,1
Loftville,1,0,0,0,0,0,0,0,1,0,0,0
Logan Centrel,1,0,0,0,0,0,0,0,0,0,1,0
Logan Lea,1,0,0,0,0,0,0,0,0,0,1,0
"Loganholme Qld, Australia",1,0,0,0,1,0,0,0,0,0,0,0
Logonholme,1,0,0,0,0,1,0,0,0,0,0,0
Londonderry,1,0,0,0,0,0,0,0,0,0,0,1
Longley,1,0,0,0,0,1,0,0,0,0,0,0
Longreach Qld,1,0,0,0,0,0,0,0,0,0,1,0
Longridge,1,0,0,0,0,1,0,0,0,0,0,0
Longwarry Road Drouin,1,0,0,0,0,0,0,0,0,1,0,0
Longwood,1,0,0,0,0,0,0,0,0,0,1,0
Longwood East,1,0,0,0,1,0,0,0,0,0,0,0
Lord Howe Island,1,0,0,0,0,1,0,0,0,0,0,0
Lostock,1,0,0,0,1,0,0,0,0,0,0,0
Louth Bay,1,0,1,0,0,0,0,0,0,0,0,0
Lovely Banks,1,0,0,0,0,0,0,0,1,0,0,0
Lower Boro,1,0,0,0,0,0,0,0,0,0,1,0
Lower Freshwater Water Rd,1,0,0,0,0,0,0,0,0,0,1,0
Lower Longley,1,0,0,0,0,0,0,0,1,0,0,0
Lower Portland,1,0,0,0,0,0,0,0,0,0,0,1
Lower Wonga,1,0,0,0,1,0,0,0,0,0,0,0
Loxton,1,0,0,0,1,0,0,0,0,0,0,0
Lucinda,1,0,0,0,0,0,0,0,1,0,0,0
Ludmilla,1,0,0,0,0,1,0,0,0,0,0,0
Luscombe,1,0,0,0,0,0,0,0,1,0,0,0
Lutana 7009,1,0,0,0,0,0,0,0,0,0,0,1
Lynton,1,0,0,0,0,0,0,0,1,0,0,0
Maaroom,1,0,0,0,0,0,1,0,0,0,0,0
Mackay Crescent,1,0,0,0,0,0,0,0,0,0,1,0
Mackay Harbour,1,0,0,0,1,0,0,0,0,0,0,0
Mackay North,1,0,0,0,0,0,0,0,0,0,1,0
Mackay South,1,0,0,0,0,0,0,0,0,0,0,1
Mackenzie,1,0,0,0,0,0,0,0,1,0,0,0
Maclaey Island,1,0,0,0,0,0,0,0,1,0,0,0
Macrosson Street. Port Douglas,1,0,0,0,0,0,0,0,0,0,0,1
Magnetic Island,1,0,0,0,0,0,0,0,0,0,0,1
Magpie,1,0,0,0,0,0,0,0,0,0,0,1
Mahogany Creek,1,0,0,0,0,0,0,0,1,0,0,0
Mahomet Flats,1,0,0,0,0,0,0,0,0,0,0,1
Maidenwell,1,0,0,0,0,0,0,0,1,0,0,0
Mailors Flat,1,0,0,0,0,0,0,0,0,0,0,1
Main Creek,1,0,0,0,0,0,0,0,1,0,0,0
Majors Creek,1,0,0,0,0,0,0,0,1,0,0,0
Mandurah North,1,0,0,0,0,0,0,0,0,0,1,0
Mangohill,1,0,0,0,0,0,0,0,0,0,0,1
Mangoplah,1,0,0,0,0,0,0,0,0,0,1,0
Mann St,1,0,0,0,0,0,0,0,0,0,1,0
Mannerim,1,0,0,0,1,0,0,0,0,0,0,0
Manning Point,1,0,0,0,0,0,0,0,0,0,1,0
Manor Lakes,1,0,1,0,0,0,0,0,0,0,0,0
Mansfield Park,1,0,0,0,0,1,0,0,0,0,0,0
Marble Bar,1,0,0,0,0,0,0,0,0,0,1,0
Mardella,1,0,0,0,0,0,0,0,0,0,0,1
Margate Beach,1,0,0,0,0,0,0,0,0,0,0,1
Maria Creeks,1,0,0,0,0,0,0,0,1,0,0,0
Maribryong,1,0,0,0,0,0,0,0,1,0,0,0
Maribynong,1,0,0,0,0,0,0,0,0,0,0,1
Mariginiup,1,0,0,0,1,0,0,0,0,0,0,0
Marine Parade,1,0,0,0,0,0,0,0,0,0,1,0
Marino,1,0,0,0,0,0,0,0,1,0,0,0
Marion,1,0,0,0,0,0,0,0,1,0,0,0
Marks Pt,1,0,0,0,0,1,0,0,0,0,0,0
Marlo Merrican,1,0,0,0,0,1,0,0,0,0,0,0
Marmion,1,0,0,0,0,0,0,0,0,0,1,0
Marmor,1,0,0,0,1,0,0,0,0,0,0,0
Marong,1,0,0,0,0,0,0,0,0,0,0,1
Maroochy River 4561,1,0,0,0,0,0,0,0,0,0,0,1
Maroochydor,1,0,0,0,0,0,0,0,0,0,1,0
Maroondan,1,0,0,0,1,0,0,0,0,0,0,0
Maroota,1,0,0,0,0,1,0,0,0,0,0,0
Maroubra Junction,1,0,0,0,0,0,0,0,0,0,0,1
"Marrickville, Sydney ",1,0,0,0,0,0,0,0,0,0,0,1
Marsden (Qld),1,0,0,0,0,0,0,0,0,0,0,1
Martin Cres Benarkin North,1,0,0,0,0,0,0,0,0,0,1,0
Maruya,1,0,0,0,1,0,0,0,0,0,0,0
Marvel Loch,1,0,0,0,1,0,0,0,0,0,0,0
"Maryborough, Queensland, 4650, Au",1,0,0,0,0,0,0,0,0,0,0,1
Maryvale,1,0,0,0,0,0,0,0,0,0,1,0
Mataranka,1,0,0,0,0,0,0,0,0,0,0,1
Matcham,1,0,0,0,1,0,0,0,0,0,0,0
Matong,1,0,0,0,0,0,0,0,1,0,0,0
Mattei Court,1,0,0,0,0,0,0,0,0,1,0,0
Matthew Flinders Ave,1,0,0,0,0,0,0,0,0,0,1,0
Mattravile,1,0,0,0,0,0,0,0,0,0,0,1
Maybush Way,1,0,0,0,0,1,0,0,0,0,0,0
Mayfield Avenue Woolwich,1,0,0,0,0,0,0,0,0,1,0,0
Mccool Street Warilla,1,0,0,0,0,1,0,0,0,0,0,0
Mcilwraith,1,0,0,0,0,1,0,0,0,0,0,0
Mcintyre,1,0,0,0,1,0,0,0,0,0,0,0
Mckaren Vale,1,0,0,0,0,1,0,0,0,0,0,0
Mclaren Vale,1,0,0,0,1,0,0,0,0,0,0,0
Mcleods Shoot,1,0,0,0,0,0,0,0,0,0,0,1
Mcmillans,1,0,0,0,0,0,0,0,0,0,0,1
Mcminns Lagoon,1,0,0,0,0,0,0,0,0,0,0,1
Meade Street,1,0,0,0,0,1,0,0,0,0,0,0
Meadows.,1,0,0,0,0,0,0,0,0,0,1,0
Meander,1,0,0,0,0,0,0,0,1,0,0,0
Medindie Gardens,1,0,0,0,1,0,0,0,0,0,0,0
Medlow Bath,1,0,0,0,0,0,0,0,0,0,1,0
Mella,1,0,0,0,0,0,0,0,0,0,1,0
Melonba,1,0,0,0,0,0,0,0,0,0,1,0
Melville,1,0,0,0,1,0,0,0,0,0,0,0
Menah,1,0,0,0,0,0,0,0,0,0,0,1
Mendooran,1,0,0,0,1,0,0,0,0,0,0,0
Menia,1,0,0,0,0,0,0,0,0,0,0,1
Meninde,1,0,0,0,0,0,1,0,0,0,0,0
Meningie,1,0,0,0,1,0,0,0,0,0,0,0
Menzies,1,0,0,0,0,0,0,0,1,0,0,0
Menzies Creek,1,0,0,0,1,0,0,0,0,0,0,0
Mer Island,1,0,0,0,0,0,0,0,0,0,0,1
Meredith,1,0,0,0,1,0,0,0,0,0,0,0
Merewether Heights,1,0,0,0,0,0,0,0,1,0,0,0
Meridan Plans,1,0,0,0,0,0,0,0,0,0,0,1
Meroo Meadow,1,0,0,0,0,1,0,0,0,0,0,0
Merridan Plains,1,0,0,0,1,0,0,0,0,0,0,0
Merrigum,1,0,0,0,0,1,0,0,0,0,0,0
Merton,1,0,0,0,0,0,0,0,1,0,0,0
Merungle Hill,1,1,0,0,0,0,0,0,0,0,0,0
Metricup,1,0,0,0,1,0,0,0,0,0,0,0
Mickelham,1,0,0,0,0,0,0,0,0,0,1,0
Middle Boambee,1,0,0,0,1,0,0,0,0,0,0,0
Middle Cove,1,0,0,0,0,0,0,0,0,0,0,1
Middleswan,1,0,0,0,0,0,0,0,0,0,0,1
Midge Point,1,0,0,0,0,0,0,0,1,0,0,0
Midge Point Qld 4799,1,0,0,0,0,0,0,0,0,0,0,1
Midway Point,1,0,0,0,0,0,0,0,1,0,0,0
Miepoll,1,0,0,0,0,0,0,0,1,0,0,0
Miles End,1,0,0,0,0,0,0,0,0,0,0,1
Milikapiti,1,0,0,0,0,0,0,0,0,0,1,0
Military,1,0,0,0,0,1,0,0,0,0,0,0
Mill Street,1,0,0,0,0,0,0,0,0,0,1,0
Millaa Millaa,1,0,0,0,0,1,0,0,0,0,0,0
Millars Well,1,0,0,0,1,0,0,0,0,0,0,0
Millbamk,1,0,0,0,0,0,0,0,0,0,1,0
Miller'S Forest,1,0,0,0,0,1,0,0,0,0,0,0
Millfield,1,0,0,0,0,1,0,0,0,0,0,0
Millgrove,1,1,0,0,0,0,0,0,0,0,0,0
Millicent,1,0,0,0,0,0,0,0,0,1,0,0
Millingandi,1,0,0,0,0,0,0,0,0,0,1,0
Millmerran Woods,1,0,1,0,0,0,0,0,0,0,0,0
Millpark,1,0,0,0,0,0,0,0,0,0,0,1
Millthorpe,1,0,0,0,0,0,0,0,0,0,1,0
Milpara Albany,1,0,0,0,0,0,1,0,0,0,0,0
Miners Rest,1,0,0,0,0,1,0,0,0,0,0,0
Minimbah,1,0,0,0,0,0,0,0,1,0,0,0
Minmi,1,0,0,0,0,0,0,0,0,0,1,0
Minnamurra,1,0,0,0,1,0,0,0,0,0,0,0
Minnie Water,1,0,0,0,0,0,1,0,0,0,0,0
Minnivale,1,0,0,0,0,0,0,0,0,0,1,0
Minto Heights,1,0,0,0,0,0,0,0,0,0,1,0
Mirador,1,0,0,0,0,1,0,0,0,0,0,0
Mirboo,1,0,0,0,1,0,0,0,0,0,0,0
Mirrabooker,1,0,0,0,0,0,0,0,1,0,0,0
Mirriwinni,1,0,0,0,0,0,0,0,0,0,1,0
Mitchells Island,1,0,0,0,1,0,0,0,0,0,0,0
Mitchellville,1,0,0,0,0,1,0,0,0,0,0,0
Mitiamo,1,0,0,0,0,0,0,0,0,0,1,0
Moana,1,0,0,0,0,0,0,0,1,0,0,0
Moaryfeild,1,0,0,0,0,0,0,0,0,0,0,1
Modbury Hts,1,0,0,0,0,0,0,0,0,0,1,0
Moffatdale,1,0,0,0,1,0,0,0,0,0,0,0
Moggill;Qld,1,0,0,0,0,0,0,0,0,0,0,1
Mole Creek,1,0,0,0,0,0,0,0,0,0,1,0
Molindiner,1,0,0,0,0,0,0,0,1,0,0,0
Mollymook,1,0,0,0,0,0,0,0,1,0,0,0
Mollymook Beach,1,0,0,0,0,0,0,0,1,0,0,0
Molong,1,0,0,0,0,0,0,0,0,0,0,1
Moncreiff,1,0,0,0,0,0,0,0,0,0,0,1
Mons,1,0,0,0,0,0,0,0,0,0,0,1
Montagu Bay,1,0,0,0,0,0,0,0,0,0,1,0
Montville,1,0,0,0,0,0,0,0,0,0,0,1
Mooloolah,1,0,0,0,0,0,0,0,0,0,0,1
Moona Rd,1,0,0,0,0,0,0,0,0,0,0,1
Moonambel,1,0,0,0,0,0,0,0,0,0,1,0
Moonan Flat,1,0,0,0,0,1,0,0,0,0,0,0
Moonbi,1,0,0,0,0,1,0,0,0,0,0,0
Moone Ponds,1,0,0,0,0,0,0,0,0,0,1,0
Moonee Beach,1,0,0,0,0,0,0,0,1,0,0,0
"Moonee Ponds, Melbourne",1,0,0,0,0,0,1,0,0,0,0,0
Mooney Mooney,1,0,0,0,0,0,0,0,0,0,0,1
Moonta,1,0,0,0,0,0,0,0,0,0,0,1
Moonyoonooka,1,0,0,0,0,0,0,0,1,0,0,0
Moore,1,0,0,0,0,0,1,0,0,0,0,0
Moorecreek,1,0,0,0,0,0,0,0,0,0,0,1
Moranbah;Qld,1,0,0,0,0,0,0,0,1,0,0,0
Moranbaha,1,0,0,0,0,0,0,0,0,0,0,1
Morganville,1,0,0,0,0,1,0,0,0,0,0,0
Morisset Nsw,1,0,0,0,0,1,0,0,0,0,0,0
Morisset Park,1,0,0,0,1,0,0,0,0,0,0,0
Mornington Peninsula,1,0,0,0,0,1,0,0,0,0,0,0
Morohett Vale,1,0,0,0,0,1,0,0,0,0,0,0
Morphettvale,1,0,0,0,0,0,0,0,0,0,0,1
Mossvale,1,0,0,0,0,1,0,0,0,0,0,0
Mothar Mountain,1,0,0,0,0,0,0,0,1,0,0,0
Moulamein,1,0,0,0,0,1,0,0,0,0,0,0
Mount Alford,1,0,0,0,0,1,0,0,0,0,0,0
Mount Alma,1,0,0,0,0,1,0,0,0,0,0,0
Mount Barker Springs,1,0,0,0,0,0,0,0,0,0,1,0
Mount Beauty,1,0,0,0,0,0,0,0,1,0,0,0
Mount Best,1,0,0,0,0,0,0,0,1,0,0,0
Mount Binga,1,0,0,0,0,1,0,0,0,0,0,0
Mount Claremont,1,0,0,0,0,0,0,0,1,0,0,0
Mount Clear,1,0,0,0,0,1,0,0,0,0,0,0
Mount Compass,1,0,0,0,0,0,0,0,0,0,1,0
Mount Forbes,1,0,0,0,0,0,0,0,1,0,0,0
Mount Garnet,1,0,0,0,0,0,0,0,0,0,0,1
Mount Hallen,1,0,0,0,0,0,0,0,0,0,0,1
Mount Hardey,1,0,0,0,0,1,0,0,0,0,0,0
Mount Hawthorn M,1,0,0,0,1,0,0,0,0,0,0,0
Mount Isa City,1,0,0,0,0,0,0,0,0,0,1,0
Mount Larcom,1,0,0,0,0,0,0,0,0,0,1,0
Mount Lewis,1,0,0,0,0,0,0,0,0,0,0,1
Mount Magnet,1,0,0,0,0,1,0,0,0,0,0,0
Mount Mee,1,0,0,0,0,0,0,0,0,0,1,0
Mount Mercer,1,0,0,0,0,0,0,0,1,0,0,0
Mount Molloy,1,0,0,0,0,0,0,0,1,0,0,0
Mount Nebo,1,0,0,0,0,0,0,0,0,0,1,0
Mount Nelson,1,0,0,0,1,0,0,0,0,0,0,0
Mount Ommaney,1,0,0,0,0,0,0,0,1,0,0,0
Mount Peter,1,0,0,0,0,0,0,0,0,1,0,0
Mount Pleasant Mackay,1,0,0,0,0,1,0,0,0,0,0,0
Mount St John,1,0,0,0,0,0,0,0,0,0,0,1
Mount Tarampa,1,0,0,0,0,0,0,0,0,0,0,1
Mount White,1,0,0,0,0,0,0,0,0,0,0,1
Mount Wilson,1,0,0,0,0,0,0,0,0,0,1,0
Mountain View,1,0,0,0,0,0,0,0,0,0,1,0
Mourilyan,1,0,0,0,0,0,0,0,0,0,0,1
Mowbray Heights,1,0,0,0,0,0,0,0,0,0,0,1
Mowbray Rd  Lane Cove West,1,0,0,0,0,0,1,0,0,0,0,0
"Mowbray, Launceston ",1,0,0,0,0,0,0,0,1,0,0,0
Mt Annan,1,0,0,0,0,0,0,0,1,0,0,0
Mt Archer,1,0,0,0,0,0,0,0,0,0,0,1
Mt Austin,1,0,0,0,1,0,0,0,0,0,0,0
Mt Barker,1,0,0,0,0,0,0,0,0,0,0,1
Mt Claremont  Perth,1,0,0,0,0,0,0,0,1,0,0,0
Mt Clarence,1,0,0,0,0,0,0,0,0,0,0,1
Mt Colah,1,0,0,0,0,0,0,0,1,0,0,0
Mt Coolum,1,0,0,0,0,0,0,0,0,0,0,1
Mt Cotton,1,0,0,0,1,0,0,0,0,0,0,0
Mt Duneed,1,0,0,0,0,0,0,0,1,0,0,0
Mt Evelyn,1,0,0,0,0,0,0,0,0,0,0,1
Mt Gravatt,1,0,0,0,0,0,0,0,1,0,0,0
Mt Hallen,1,0,0,0,0,0,0,0,1,0,0,0
Mt Hutton,1,0,0,0,0,0,0,0,0,0,0,1
Mt Isa,1,0,0,0,0,0,0,0,0,0,0,1
Mt Johns,1,0,0,0,0,0,0,0,0,0,0,1
Mt Larcom,1,0,0,0,0,0,0,0,0,0,1,0
Mt Lawley,1,0,0,0,0,0,0,0,0,0,0,1
Mt Melville,1,0,0,0,0,0,0,0,0,0,1,0
Mt Nathan,1,0,0,0,0,1,0,0,0,0,0,0
Mt Ommaney,1,0,0,0,0,0,0,0,0,1,0,0
Mt Pkeasant,1,0,0,0,0,1,0,0,0,0,0,0
Mt Sheridan,1,0,1,0,0,0,0,0,0,0,0,0
Mt Sheriden,1,0,0,0,0,0,0,0,0,0,0,1
Mt Tarampa,1,0,0,0,0,0,0,0,0,0,0,1
Mt Torrens,1,0,0,0,1,0,0,0,0,0,0,0
Mt Tyson,1,0,0,0,1,0,0,0,0,0,0,0
Mt Victoria,1,0,0,0,0,0,0,0,0,0,0,1
Mt Warren Park,1,0,0,0,0,0,0,0,0,0,1,0
Mt Warrigal,1,0,0,0,0,0,0,0,0,0,0,1
Mt. Lawley,1,0,0,0,0,0,0,0,1,0,0,0
Mt. Louisa Z,1,0,0,0,0,0,0,0,0,1,0,0
Mt. Waverley,1,0,0,0,0,0,0,0,1,0,0,0
Mt.Barker,1,0,0,0,0,0,0,0,0,0,0,1
Mtgravatt,1,0,0,0,0,1,0,0,0,0,0,0
Muchea,1,0,0,0,0,0,0,0,0,0,1,0
Mulbring,1,0,0,0,0,0,0,0,1,0,0,0
Mulgoa,1,0,0,0,1,0,0,0,0,0,0,0
Mullalyup,1,0,0,0,1,0,0,0,0,0,0,0
Mullaway,1,0,0,0,0,0,0,0,1,0,0,0
Mullewa,1,0,0,0,0,0,0,0,0,0,0,1
Mulloon,1,0,0,0,0,0,0,0,0,0,0,1
Munbilla,1,0,0,0,0,0,0,0,0,0,1,0
Mundijong,1,0,0,0,0,0,0,0,0,0,0,1
Mungalli,1,0,0,0,0,1,0,0,0,0,0,0
Munro,1,0,0,0,0,0,0,0,0,0,1,0
Munster,1,0,0,0,0,1,0,0,0,0,0,0
Murchison,1,0,0,0,0,0,0,0,1,0,0,0
Murdunna,1,0,0,0,0,0,0,0,0,1,0,0
Murrarie,1,0,0,0,0,0,0,0,0,0,0,1
Murrarrie,1,0,0,0,1,0,0,0,0,0,0,0
Murray Upper,1,0,0,0,1,0,0,0,0,0,0,0
Murwillumbah South,1,0,0,0,0,0,0,0,0,1,0,0
Murwillumbah;Nsw,1,0,0,0,0,0,0,0,0,1,0,0
Murwillumbha,1,0,0,0,0,0,0,0,0,0,0,1
Muswellbrook Nsw,1,0,0,0,0,0,0,0,0,0,0,1
Mutarnee,1,0,0,0,1,0,0,0,0,0,0,0
My Eliza,1,0,0,0,0,0,0,0,0,0,0,1
My Gravatt,1,0,0,0,0,0,0,0,1,0,0,0
Myres Flat,1,0,0,0,0,1,0,0,0,0,0,0
Myrtle Bank,1,0,0,0,1,0,0,0,0,0,0,0
Nagle,1,0,0,0,0,0,0,0,0,0,1,0
Nairne  5252,1,0,0,0,1,0,0,0,0,0,0,0
Nandaly,1,0,0,0,0,0,0,0,0,0,1,0
Nangus,1,0,0,0,0,0,0,0,0,0,1,0
Nangwarry,1,0,0,0,0,0,0,0,1,0,0,0
Nankin,1,0,0,0,1,0,0,0,0,0,0,0
Narembeen,1,0,0,0,0,0,0,0,0,0,0,1
Naremburn,1,0,0,0,0,0,0,0,1,0,0,0
Narre Wareen,1,0,0,0,0,0,0,0,0,0,0,1
Narre Warren Nth,1,0,0,0,1,0,0,0,0,0,0,0
Narrung,1,0,0,0,0,1,0,0,0,0,0,0
Nashdale,1,0,0,0,0,1,0,0,0,0,0,0
Nathan,1,0,0,0,0,0,0,0,0,0,1,0
Neath,1,0,0,0,0,1,0,0,0,0,0,0
Neautral Bay,1,0,0,0,0,0,0,0,0,0,1,0
Nerrina,1,0,0,0,0,0,0,0,1,0,0,0
Netherby,1,0,0,0,0,1,0,0,0,0,0,0
Netley,1,0,0,0,0,0,0,0,1,0,0,0
"New Auckland , Gladstone",1,0,0,0,0,1,0,0,0,0,0,0
New Auckland Gladstone,1,0,0,0,0,0,1,0,0,0,0,0
New Berrima,1,0,0,0,1,0,0,0,0,0,0,0
"New Farm,",1,0,0,0,0,0,0,0,0,0,0,1
New Gisborne,1,0,0,0,1,0,0,0,0,0,0,0
New Mapoon,1,0,0,0,0,0,0,0,1,0,0,0
Newee Creek,1,0,0,0,0,0,0,0,1,0,0,0
Newham,1,0,0,0,0,0,0,0,0,0,0,1
Newhaven,1,0,0,0,0,0,0,0,0,0,1,0
Newhnam,1,0,0,0,0,0,0,0,0,0,0,1
Newlands Arm,1,0,0,0,0,0,0,0,1,0,0,0
Newnhan,1,0,0,0,0,0,0,0,0,0,0,1
Newnorfolk,1,0,0,0,0,0,0,0,1,0,0,0
"Newport Beach, Newport",1,0,0,0,0,0,0,0,1,0,0,0
Newport Beach;Nsw,1,0,0,0,0,0,0,0,0,0,0,1
Newrybar,1,0,0,0,0,0,0,0,0,0,0,1
Newtown;Vic,1,0,0,0,0,0,0,0,1,0,0,0
Niangala,1,0,0,0,0,0,0,0,0,0,0,1
Nikenbah,1,0,0,0,0,0,0,0,0,1,0,0
Nillup,1,0,0,0,0,0,0,0,0,0,0,1
Nimmtabell,1,0,0,0,0,1,0,0,0,0,0,0
No Fixed Address,1,0,0,0,0,0,0,0,0,0,0,1
Nodding,1,0,0,0,0,0,0,0,0,0,0,1
Noradjuha,1,0,0,0,0,1,0,0,0,0,0,0
Norah Head,1,0,1,0,0,0,0,0,0,0,0,0
Noranda (Wa),1,0,0,0,0,0,0,0,0,0,0,1
Norlane West,1,0,0,0,0,0,0,0,0,0,0,1
Normamhurst,1,0,0,0,0,0,0,0,0,0,0,1
Norseman,1,0,0,0,0,0,0,0,0,0,0,1
North Aramara,1,0,0,0,0,0,0,0,0,0,1,0
North Booval Ipswich,1,0,0,0,0,0,0,0,1,0,0,0
North Braddon,1,0,0,0,0,0,0,0,1,0,0,0
North Brighton,1,0,0,0,0,0,0,0,1,0,0,0
North Casino,1,0,0,0,0,0,0,0,1,0,0,0
North Caulfield,1,0,0,0,0,0,0,0,1,0,0,0
North Coogee,1,0,0,0,0,0,0,0,1,0,0,0
North Deep Creek,1,0,0,0,1,0,0,0,0,0,0,0
North Epping,1,0,0,0,1,0,0,0,0,0,0,0
North Hobart,1,0,0,0,0,0,0,0,0,0,1,0
North Lampton,1,0,0,0,0,0,0,0,0,0,0,1
North Lismore,1,0,0,0,1,0,0,0,0,0,0,0
North Meclean,1,0,0,0,0,0,0,0,1,0,0,0
North Narooma,1,0,0,0,0,0,0,0,1,0,0,0
North Rockhampton,1,0,0,0,0,1,0,0,0,0,0,0
North Shields,1,0,0,0,0,0,0,0,0,0,0,1
North St Mary’S,1,0,0,0,0,0,0,0,0,0,0,1
North St. Marys,1,0,0,0,0,0,0,0,0,0,0,1
North Star,1,0,0,0,0,0,0,0,0,0,1,0
North Stmarrys,1,0,0,0,0,0,0,0,0,0,0,1
North Stmarys,1,0,0,0,0,0,0,0,0,0,0,1
North Stradbroke Island,1,0,0,0,0,0,0,0,0,0,1,0
North Tamborine,1,0,0,0,0,0,0,0,0,0,0,1
North Wagga Wagg,1,0,0,0,0,0,0,0,1,0,0,0
North Wagga Wagga,1,0,0,0,0,0,0,0,1,0,0,0
North Ward Townsville,1,0,0,0,0,0,0,0,0,0,0,1
North Warrandyte,1,0,0,0,0,0,0,0,1,0,0,0
North Willoughby,1,0,0,0,1,0,0,0,0,0,0,0
Northdown,1,0,0,0,0,0,1,0,0,0,0,0
Northlands,1,0,0,0,0,0,0,0,1,0,0,0
Norwell,1,0,0,0,0,0,0,0,0,0,0,1
Notlane,1,0,0,0,0,0,0,0,0,1,0,0
Novar Gardens,1,0,0,0,0,0,0,0,0,0,0,1
Nowra Hill,1,0,0,0,0,0,0,0,0,0,0,1
Nsw Sydney,1,0,0,0,0,1,0,0,0,0,0,0
Nth. Albury,1,0,0,0,0,0,0,0,1,0,0,0
Nullagine,1,0,0,0,0,0,0,0,0,0,1,0
Numbucca Heads,1,0,0,0,0,0,0,0,0,0,0,1
Nungarin,1,0,0,0,0,0,0,0,1,0,0,0
Nyah,1,0,0,0,0,0,0,0,0,0,0,1
Nymboida,1,0,0,0,0,0,0,0,0,0,0,1
O'Connell,1,0,0,0,0,0,0,0,0,0,0,1
O’Connell,1,0,0,0,0,0,0,0,0,0,0,1
"O’Connell, Gladstone ",1,0,0,0,0,0,0,0,1,0,0,0
O'Connor,1,0,0,0,1,0,0,0,0,0,0,0
O’Halloran Hill,1,0,0,0,0,0,0,0,1,0,0,0
O’Sullivan Beach,1,0,0,0,0,0,0,0,0,0,0,1
Oakdowns,1,0,0,0,0,1,0,0,0,0,0,0
Oakenden,1,0,0,0,0,0,0,0,0,0,0,1
Oakey Park,1,0,0,0,0,1,0,0,0,0,0,0
Oakflats,1,0,0,0,0,0,0,0,0,0,0,1
Oakford,1,0,0,0,0,0,0,0,0,0,0,1
Oakhampton,1,0,0,0,0,0,0,0,0,0,1,0
Oakhurst Gardens Maryborough,1,0,0,0,0,0,1,0,0,0,0,0
Oaklands Junction,1,0,0,0,0,0,0,0,1,0,0,0
Oaklands Park,1,0,0,0,0,0,0,0,0,0,1,0
Oakleigh,1,0,1,0,0,0,0,0,0,0,0,0
Ob Flat,1,0,0,0,0,0,0,0,0,0,0,1
Obriens Road  Port Macquarie,1,0,0,0,0,1,0,0,0,0,0,0
Ocean View,1,0,0,1,0,0,0,0,0,0,0,0
Oconner,1,0,0,0,0,0,0,0,0,0,1,0
Ogilvie Avenue,1,0,0,0,0,0,0,0,0,0,0,1
Old Erowal Bay,1,0,0,0,0,1,0,0,0,0,0,0
Old Grevillia,1,0,0,0,1,0,0,0,0,0,0,0
Old Reynella,1,0,0,0,0,0,0,0,0,0,0,1
Old Toongabbie,1,0,0,0,0,0,0,0,0,0,0,1
Omeo,1,0,0,0,0,0,0,0,1,0,0,0
Oonoonaba,1,0,0,0,0,1,0,0,0,0,0,0
Ooralea Mackay,1,0,0,0,0,0,0,0,1,0,0,0
Ophir,1,0,0,0,0,0,0,0,1,0,0,0
Orana,1,0,0,0,0,1,0,0,0,0,0,0
Orford,1,0,0,0,0,0,0,0,0,0,0,1
Ormuea,1,0,0,0,0,0,0,0,0,0,0,1
Osbourne Park,1,0,0,0,0,0,0,0,1,0,0,0
Ovingham,1,0,0,0,0,1,0,0,0,0,0,0
Owanyilla,1,0,0,0,0,0,0,0,0,0,0,1
Oyster Cove,1,0,0,0,1,0,0,0,0,0,0,0
Pacific Pine,1,0,0,0,0,0,0,0,1,0,0,0
Pacific Pinea,1,0,0,0,0,0,0,0,0,0,0,1
Page,1,0,0,0,0,0,0,0,0,0,0,1
Pakenham Upper,1,0,0,0,0,0,0,0,0,0,0,1
Palana,1,0,0,0,0,1,0,0,0,0,0,0
Palm Grove,1,0,0,0,0,0,0,0,0,0,1,0
Palmbeach,1,0,0,0,0,0,0,0,0,0,0,1
Palmerston City,1,0,0,0,0,0,0,0,0,0,1,0
Paluma Way East,1,0,0,0,0,1,0,0,0,0,0,0
Panton Hill,1,0,0,0,0,0,0,0,0,0,0,1
Parahills,1,0,0,0,0,0,0,0,0,0,0,1
Paridise Point,1,0,0,0,1,0,0,0,0,0,0,0
Paringa,1,0,0,0,0,0,0,0,0,0,1,0
Park Aveune,1,0,0,0,0,0,0,0,0,0,0,1
Park Grove,1,0,0,0,0,0,0,0,0,0,1,0
Parklea,1,0,0,0,0,0,0,0,0,0,0,1
Parkurst,1,0,0,0,0,0,0,0,0,0,0,1
Parra Hills West,1,0,0,0,0,0,0,0,0,0,0,1
Parrakie,1,0,0,0,0,0,0,0,0,0,1,0
Parryville,1,0,0,0,1,0,0,0,0,0,0,0
Pasadena,1,0,0,0,1,0,0,0,0,0,0,0
Paton Street Woy Woy,1,0,0,0,0,0,0,0,0,0,1,0
Payneham,1,0,0,0,0,0,0,0,1,0,0,0
Payneham South,1,0,0,0,0,0,0,0,1,0,0,0
Peak Crossing,1,0,0,0,0,1,0,0,0,0,0,0
Pegs Creek/Karratha,1,0,0,0,0,0,0,0,1,0,0,0
Pejar,1,0,0,0,0,1,0,0,0,0,0,0
Pelican Point,1,0,0,0,0,0,0,0,1,0,0,0
Pemulway,1,0,0,0,0,0,0,0,1,0,0,0
Pemulwuy,1,0,0,0,0,0,0,0,0,0,0,1
Pemuwluy,1,0,0,0,0,0,0,0,0,0,0,1
Penrith Bc,1,0,0,0,0,0,0,0,1,0,0,0
Peppermint Grove,1,0,0,0,0,0,0,0,1,0,0,0
Peranga,1,0,0,0,0,0,0,0,0,0,0,1
Perup,1,0,0,0,0,0,0,0,0,0,1,0
Pettertree St,1,0,0,0,0,0,0,0,0,1,0,0
Philip,1,0,0,0,1,0,0,0,0,0,0,0
Pialba/Hervey Bay,1,0,0,0,0,0,0,0,0,0,1,0
Pie Creek,1,0,0,0,0,0,0,0,0,0,0,1
Pilliga,1,0,0,0,0,0,0,0,0,0,0,1
Pimpam,1,0,0,0,0,0,1,0,0,0,0,0
Pimpima,1,0,0,0,0,0,1,0,0,0,0,0
Pindimar,1,0,0,0,0,0,0,0,1,0,0,0
Pine Forest Rd,1,0,0,0,0,1,0,0,0,0,0,0
Pinelands,1,0,0,0,0,0,0,0,1,0,0,0
Pipers River,1,0,0,0,0,0,0,0,1,0,0,0
Pirrama,1,0,0,0,0,0,0,0,0,0,0,1
Pirron Yallock,1,0,0,0,0,0,0,0,1,0,0,0
Placid Hills,1,0,0,0,0,0,0,0,0,0,1,0
Plant Street,1,0,0,0,0,1,0,0,0,0,0,0
Pleasure Point,1,0,1,0,0,0,0,0,0,0,0,0
Plenty,1,0,0,0,0,0,0,0,1,0,0,0
Po Box 691,1,0,0,0,0,1,0,0,0,0,0,0
Point Lonsdale,1,0,0,0,0,0,0,0,0,0,1,0
Point Piper,1,0,0,0,0,0,0,0,1,0,0,0
Point Samson,1,0,0,0,0,1,0,0,0,0,0,0
Pointcook,1,0,0,0,0,0,0,0,0,0,0,1
Popanyinning,1,0,0,0,0,0,0,0,0,0,0,1
Port,1,0,0,0,0,0,0,0,0,0,0,1
Port Campbell,1,0,0,0,0,1,0,0,0,0,0,0
Port Kenny,1,0,0,0,0,0,0,0,0,0,0,1
Port Macdonnell,1,0,0,0,0,0,0,0,0,0,0,1
Port Macquarie Bc,1,0,0,0,0,0,0,0,0,0,0,1
Port Macquarie;Nsw,1,0,0,0,0,0,0,0,0,0,0,1
Port Noarlunga South,1,0,0,0,0,0,0,0,0,0,0,1
Port Sorrel,1,0,0,0,1,0,0,0,0,0,0,0
Port Stephens,1,0,0,0,0,0,0,0,1,0,0,0
Portland North,1,0,0,0,0,0,0,0,0,0,1,0
Portmacquarie,1,0,0,0,0,0,0,0,0,0,0,1
Postmans Ridge,1,0,1,0,0,0,0,0,0,0,0,0
Pottery Estate Lithgow,1,0,0,0,0,0,0,0,0,0,1,0
Potts Point 1335,1,0,0,0,1,0,0,0,0,0,0,0
Ppon Saan Rd. Po. Box 293,1,0,0,0,0,1,0,0,0,0,0,0
Prahan,1,0,0,0,0,0,0,0,0,0,0,1
Preolenna,1,0,0,0,0,0,0,0,0,0,1,0
Preston Beach,1,0,0,0,0,1,0,0,0,0,0,0
Preston Boundary Rd,1,0,0,0,0,1,0,0,0,0,0,0
Primbee,1,0,0,0,0,0,1,0,0,0,0,0
Primrose Sands,1,0,0,0,0,0,0,0,0,0,0,1
Prince Henry Heights,1,0,0,0,0,1,0,0,0,0,0,0
Princes Hill,1,0,0,0,0,0,0,0,0,1,0,0
Prospect Valetas,1,0,0,0,0,0,0,0,0,0,1,0
Prosserpine,1,0,0,0,0,0,0,0,0,0,0,1
Pt Augusta,1,0,0,0,0,1,0,0,0,0,0,0
Pyramid Hill,1,0,0,0,0,0,0,0,1,0,0,0
Pyrmont.,1,0,0,0,1,0,0,0,0,0,0,0
Quairading,1,0,0,0,0,0,0,0,0,0,1,0
Quakershill,1,0,0,0,0,0,0,0,0,0,0,1
Quambatook,1,0,0,0,0,0,0,0,0,0,0,1
Quambone,1,0,0,0,0,1,0,0,0,0,0,0
Quarry Hill,1,0,0,0,0,0,0,0,0,0,0,1
Queanbeyan West,1,0,0,0,0,1,0,0,0,0,0,0
Queensland,1,0,0,0,0,0,0,0,1,0,0,0
Quilpie,1,0,0,0,0,0,0,0,0,0,1,0
Quindalup,1,0,0,0,1,0,0,0,0,0,0,0
Quinn’S,1,0,0,0,0,0,0,0,0,0,0,1
Quipolly,1,0,0,0,0,0,0,0,0,0,0,1
Quoiba,1,0,0,0,0,0,0,0,1,0,0,0
Radan,1,0,0,0,0,0,0,0,0,0,0,1
Railton,1,0,0,0,0,0,1,0,0,0,0,0
Rainbowflat,1,0,0,0,0,0,0,0,0,0,0,1
Ranelagh,1,0,0,0,0,0,0,0,0,0,1,0
Ranford,1,0,0,0,0,0,0,0,0,1,0,0
Rangewood,1,0,0,0,0,1,0,0,0,0,0,0
Rankin'S Springs,1,0,0,0,0,0,0,0,0,0,0,1
Ransome,1,0,0,0,0,0,0,0,0,0,1,0
Rappville,1,0,0,0,0,0,0,0,1,0,0,0
Rasmussan,1,0,0,0,0,1,0,0,0,0,0,0
Rathmimes,1,0,0,0,0,0,0,0,0,0,1,0
Raworth,1,0,0,0,0,0,0,0,1,0,0,0
Raymond Avenue,1,0,0,0,0,0,0,0,0,0,0,1
Raywood,1,0,0,0,0,0,0,0,0,0,1,0
Rdfernvale,1,0,0,0,1,0,0,0,0,0,0,0
Red Bank Plains,1,0,0,0,0,0,0,0,1,0,0,0
Red Head,1,0,1,0,0,0,0,0,0,0,0,0
Redan,1,0,0,0,0,0,0,0,0,1,0,0
Redbank Creek,1,0,0,0,0,0,0,0,0,0,0,1
Redbankplains,1,0,0,0,0,0,0,0,0,0,0,1
Redcliff,1,0,0,0,1,0,0,0,0,0,0,0
Reddestone,1,0,0,0,0,0,0,0,1,0,0,0
Reesville,1,0,0,0,0,0,0,0,0,0,0,1
Regency Downs 4341,1,0,0,0,0,1,0,0,0,0,0,0
Regents Park Browns Plains,1,0,0,0,0,1,0,0,0,0,0,0
Regentville,1,0,0,0,0,0,0,0,0,0,1,0
Renown Park,1,0,0,0,0,0,0,0,0,0,0,1
Repentance Creek,1,0,0,0,0,0,0,0,0,0,0,1
Reservior,1,0,0,0,0,0,0,0,0,0,0,1
Resevoir,1,0,0,0,0,0,0,0,0,0,0,1
Revsby,1,0,0,0,0,0,0,0,0,0,0,1
"Richmond, Nsw, 2753",1,0,0,0,0,0,0,0,1,0,0,0
Ried,1,0,0,0,0,0,0,0,0,0,0,1
Rifle Range,1,0,0,0,0,0,0,0,0,0,0,1
Rigney Rd Tanilba Bay,1,0,0,0,0,0,0,0,0,1,0,0
Risdon Park,1,0,0,0,0,1,0,0,0,0,0,0
Risk Road Humpty Doo,1,0,0,0,1,0,0,0,0,0,0,0
Riverheads,1,0,0,0,0,0,0,0,0,0,0,1
Riverside Launceston,1,0,0,0,0,0,0,0,0,0,0,1
Roberts Street,1,0,0,0,0,0,0,0,0,0,1,0
Robinson,1,0,0,0,0,0,0,0,0,0,0,1
Robinvale,1,0,0,0,0,0,0,0,0,0,0,1
Rochedale  South,1,0,0,0,0,0,0,0,1,0,0,0
Rochedale Sou7Th,1,0,0,0,0,0,0,0,0,0,0,1
Rock Valley,1,0,0,0,0,1,0,0,0,0,0,0
"Rockhampton, Frenchville",1,0,0,0,0,0,0,0,0,0,0,1
Rockleigh,1,0,0,0,0,0,0,0,1,0,0,0
Rockypoint,1,0,0,0,0,0,0,0,0,0,0,1
Rockyview,1,0,0,0,0,0,0,0,1,0,0,0
Rodeo Drive Green Valley,1,0,0,0,0,0,0,0,0,0,1,0
Roebourne,1,0,0,0,0,0,0,0,0,0,1,0
Romaine,1,0,0,0,0,0,1,0,0,0,0,0
Rosa Brook,1,0,0,0,0,0,0,0,0,0,0,1
Rose Park,1,1,0,0,0,0,0,0,0,0,0,0
Rosebrook,1,0,0,0,1,0,0,0,0,0,0,0
Rosegarland,1,0,0,0,0,0,0,0,1,0,0,0
Rosemedow,1,0,0,0,0,0,0,0,0,1,0,0
Rosetta,1,0,0,0,1,0,0,0,0,0,0,0
Rosney,1,0,0,0,0,0,0,0,0,0,0,1
Ross Creek,1,0,0,0,1,0,0,0,0,0,0,0
Rossmore,1,0,0,0,0,0,0,0,0,1,0,0
Rossmoyne,1,0,0,0,0,0,0,0,0,0,1,0
Rossville,1,0,0,0,0,1,0,0,0,0,0,0
Rottnest Island,1,0,0,0,0,0,0,0,0,0,0,1
Rowlands St  Beacon Wa,1,0,0,0,0,0,0,0,0,0,1,0
Rowvilke,1,0,0,0,0,0,0,0,0,0,1,0
Roxby Downs,1,0,0,0,0,0,0,0,0,0,0,1
Royston,1,0,0,0,0,0,1,0,0,0,0,0
Rujruj,1,0,0,0,0,0,0,0,0,0,0,1
Rules Beach,1,0,0,0,1,0,0,0,0,0,0,0
Rules Beach - Qld,1,0,0,0,0,0,1,0,0,0,0,0
Runaway Bay Gold Coast,1,0,0,0,0,0,0,0,1,0,0,0
Rundle Mall Adelaide,1,0,0,0,0,0,0,0,0,0,1,0
Running Stream,1,0,0,0,0,0,0,0,0,0,0,1
Runnymede,1,0,0,0,0,0,0,0,0,0,0,1
Rushworth,1,0,0,0,0,0,1,0,0,0,0,0
Russel Island,1,0,0,0,0,0,0,0,0,1,0,0
Russell Vale,1,0,0,0,0,0,0,0,0,1,0,0
Rutherglen,1,0,0,0,1,0,0,0,0,0,0,0
Rye Park,1,0,0,0,0,0,0,0,0,0,1,0
S,1,0,0,0,0,0,0,0,0,0,0,1
Sadadean  Alice Springs,1,0,0,0,0,0,0,0,0,0,0,1
Sadliers Crossing,1,0,0,0,0,0,0,0,0,0,0,1
Saftey Bay,1,0,0,0,0,0,0,0,0,0,0,1
Sailors Hill,1,0,0,0,0,0,0,0,0,0,0,1
Saint Arnaud,1,0,0,0,0,0,0,0,0,0,1,0
Saint Arnaud East,1,0,0,0,0,1,0,0,0,0,0,0
Saint George,1,0,0,0,0,0,0,0,0,0,1,0
Saint Kilda,1,0,0,0,0,0,0,0,1,0,0,0
Saint Mary’S,1,0,0,0,0,0,0,0,0,0,0,1
Salt Ash,1,0,0,0,0,1,0,0,0,0,0,0
Saltwater River,1,0,0,0,0,0,1,0,0,0,0,0
Samford,1,0,0,0,0,0,0,0,1,0,0,0
Samford Valley,1,0,0,0,1,0,0,0,0,0,0,0
Samsonvale,1,0,0,0,0,0,0,0,0,1,0,0
Sandover,1,0,0,0,0,0,0,0,0,0,1,0
Sandstones Point,1,0,1,0,0,0,0,0,0,0,0,0
Sandy Crossing,1,0,0,0,0,0,0,0,0,0,0,1
Sandy Hollow,1,0,0,0,0,0,0,0,0,0,1,0
Sandybeach,1,0,0,0,0,0,0,0,0,1,0,0
Sanremo,1,0,0,0,0,0,0,0,0,0,0,1
Sapphire,1,0,0,0,1,0,0,0,0,0,0,0
Saratoga,1,0,0,0,0,0,0,0,1,0,0,0
"Sarina Post Office, Sarina",1,0,0,0,1,0,0,0,0,0,0,0
Sarsfield,1,0,0,0,0,0,0,0,0,0,1,0
Saville Grove,1,0,0,0,0,0,0,0,0,0,0,1
Sawmill Settlement,1,0,0,0,0,0,0,0,0,0,1,0
Sawyers Gully,1,0,0,0,0,0,0,0,0,0,1,0
Sawyers Valley,1,0,0,0,0,0,0,0,0,0,0,1
Scamander,1,0,0,0,0,0,0,0,0,0,1,0
Scofields,1,0,0,0,0,0,0,0,1,0,0,0
Scottsdale,1,0,0,0,0,0,0,0,0,0,1,0
Seaholme,1,0,0,0,0,0,0,0,0,0,0,1
Sealake,1,0,0,0,0,0,0,0,0,0,0,1
Seaveiw Downs,1,0,0,0,0,0,0,0,1,0,0,0
Seelands,1,0,0,0,0,0,0,0,1,0,0,0
Sellicks Beach,1,0,0,0,0,0,0,0,0,0,0,1
Seppings,1,0,0,0,0,0,0,0,0,0,1,0
Serpentine,1,0,0,0,0,0,0,0,1,0,0,0
Seventeen Mile Rocks,1,0,0,0,0,0,0,0,0,1,0,0
Seventeen Seventy,1,0,0,0,0,0,0,0,1,0,0,0
Severnlea,1,0,0,0,0,0,0,0,0,0,1,0
Seville Grove Wa  Australia,1,0,0,0,0,1,0,0,0,0,0,0
Shanes Park,1,0,0,0,0,0,0,0,0,0,0,1
Sharon,1,0,0,0,0,0,0,0,0,0,0,1
Sheahan Av Guildford,1,0,0,0,0,0,0,0,0,0,1,0
Shelford,1,0,0,0,0,1,0,0,0,0,0,0
Shellcove,1,0,0,0,0,0,0,0,1,0,0,0
Shellharbour City Centre,1,0,0,0,0,0,0,0,0,0,0,1
Shelly Beach,1,0,0,0,1,0,0,0,0,0,0,0
Shenton Park,1,0,0,0,0,0,0,0,0,0,0,1
Shepparton East,1,0,0,0,0,0,0,0,0,0,1,0
Sheppaton,1,0,0,0,0,0,0,0,1,0,0,0
Shoal Bay,1,0,0,0,0,0,0,0,0,0,0,1
Short,1,0,0,0,0,0,0,0,0,0,0,1
Shute Harbour,1,0,0,0,0,0,0,0,0,0,0,1
Silkwood,1,0,0,0,0,0,0,0,0,0,1,0
Silvan,1,0,0,0,0,1,0,0,0,0,0,0
Silverash Street Upper Caboolture,1,0,0,0,0,1,0,0,0,0,0,0
Silversands,1,0,0,0,0,0,0,0,0,0,1,0
Silversands Mandurah,1,0,0,0,0,0,0,0,0,0,1,0
Sinagra,1,0,0,0,0,0,0,0,1,0,0,0
Skillion Flat,1,0,0,0,0,1,0,0,0,0,0,0
Slacks Creek 4127,1,0,0,0,0,0,0,0,0,0,0,1
Slacks Creel,1,0,0,0,0,0,0,0,0,0,0,1
Slade Point Mackay,1,0,0,0,1,0,0,0,0,0,0,0
"Slade Point, Mackay",1,0,0,0,0,0,0,0,1,0,0,0
Sladevale,1,0,0,0,0,0,0,0,1,0,0,0
Smeaton Grange,1,0,0,0,0,0,0,0,0,0,1,0
Smith'S Creek,1,0,0,0,0,0,0,0,0,0,0,1
Smithfield 2164,1,0,0,0,0,0,0,0,0,1,0,0
Smithfield Plans,1,0,0,0,0,0,0,0,1,0,0,0
Smithfield West,1,0,0,0,0,0,0,0,0,0,1,0
Smiths Beach,1,0,0,0,0,1,0,0,0,0,0,0
Smiths Creek,1,0,0,0,0,1,0,0,0,0,0,0
Smithtown,1,0,0,0,0,0,0,0,0,0,1,0
Snowy Plains,1,0,0,0,0,0,0,0,1,0,0,0
Sofala,1,0,0,0,1,0,0,0,0,0,0,0
Somersby,1,0,0,0,0,0,0,0,0,0,1,0
Somerset Dam,1,0,0,0,0,1,0,0,0,0,0,0
"Somerville, Kalgoorlie",1,0,0,0,0,0,0,0,0,0,1,0
Sorell Creek,1,0,0,0,0,0,0,0,0,0,0,1
Sorrento,1,0,0,0,0,0,0,0,1,0,0,0
South  Mackay,1,0,0,0,0,0,0,0,0,0,0,1
South Albury,1,1,0,0,0,0,0,0,0,0,0,0
South Boulder,1,0,0,0,0,0,0,0,0,1,0,0
South Bowenfels,1,0,1,0,0,0,0,0,0,0,0,0
South Bundaberg,1,0,0,0,0,0,0,0,1,0,0,0
South Cranbourne,1,0,0,0,0,0,0,0,0,0,0,1
South Dudley,1,0,0,0,0,0,0,0,0,0,1,0
South Golden Beach,1,0,0,0,0,0,0,0,0,0,0,1
South Gundurimba,1,0,0,0,0,0,0,0,0,0,0,1
South Hedla,1,0,0,0,0,0,0,0,1,0,0,0
South Hurstville,1,0,0,0,1,0,0,0,0,0,0,0
South Innisfail,1,0,0,0,0,0,0,0,1,0,0,0
South Kolan,1,0,0,0,0,0,0,0,1,0,0,0
South Lake Perth,1,0,0,0,0,0,0,0,1,0,0,0
South Littleton,1,0,0,0,0,0,0,0,0,0,0,1
South Mackay Paget,1,0,0,0,0,0,0,0,0,0,1,0
South St,1,0,0,0,0,0,0,0,0,0,1,0
South Toowwoomba,1,0,0,0,0,0,0,0,0,0,0,1
South Turramurra,1,0,0,0,0,0,0,0,0,0,1,0
South West Rocks;Nsw,1,0,0,0,0,0,0,0,0,0,0,1
Southlakes,1,0,0,0,0,0,0,0,1,0,0,0
Southmackay,1,0,0,0,1,0,0,0,0,0,0,0
Southperth,1,0,0,0,0,0,0,0,0,0,1,0
Southport Bc,1,0,0,0,0,0,0,0,1,0,0,0
Southside;Qld,1,0,0,0,0,1,0,0,0,0,0,0
Speerspoint,1,0,0,0,0,0,0,0,0,1,0,0
Spencer,1,0,0,0,0,0,0,0,0,0,0,1
Sprayton,1,0,0,0,0,0,0,0,1,0,0,0
Spreyton,1,0,0,0,0,1,0,0,0,0,0,0
"Spring Mountain, Brisbane",1,0,0,0,0,0,0,0,1,0,0,0
Springfarm,1,0,0,0,0,0,0,0,1,0,0,0
Springfield Central,1,0,0,0,0,1,0,0,0,0,0,0
Springhill Brisbane,1,0,0,0,0,0,0,0,0,1,0,0
Springside,1,0,0,0,0,0,0,0,1,0,0,0
Springton,1,1,0,0,0,0,0,0,0,0,0,0
Springvale South,1,0,0,0,0,0,0,0,1,0,0,0
St Albans Park,1,0,0,0,0,0,0,0,0,0,0,1
St Clair Nsw,1,0,0,0,0,0,0,0,0,1,0,0
St Eglinton,1,0,0,0,1,0,0,0,0,0,0,0
St George St Mungindi,1,0,0,0,0,0,0,0,0,0,1,0
St Georges Basin,1,0,0,0,0,0,0,0,1,0,0,0
St Germains,1,0,0,0,0,0,0,0,1,0,0,0
St Helen Park,1,0,0,0,0,0,1,0,0,0,0,0
St Huberts Island,1,0,0,0,0,0,0,0,0,0,0,1
St Johns Park,1,0,0,0,0,0,0,0,0,0,0,1
St Kilda (Vic),1,0,0,0,0,0,0,0,0,0,0,1
St Kilda Eat,1,0,0,0,0,0,0,0,0,0,1,0
St Lucia South,1,0,0,0,0,0,0,0,0,0,0,1
St Mary,1,0,0,0,0,0,0,0,0,0,0,1
St Morris,1,0,0,0,0,1,0,0,0,0,0,0
St.Albans,1,0,0,0,0,0,0,0,0,0,0,1
St.Leonards,1,0,0,0,0,0,0,0,0,0,0,1
Stafford Hts,1,0,0,0,0,1,0,0,0,0,0,0
Stake Hill,1,0,0,0,1,0,0,0,0,0,0,0
Stanhill Drive Surfers Paradise,1,0,0,0,0,0,0,0,0,0,1,0
Stanhope,1,0,0,0,0,0,0,0,0,0,0,1
Stanley,1,0,0,0,0,0,0,0,1,0,0,0
Stanthorpe Qld,1,0,0,0,1,0,0,0,0,0,0,0
Stanwell,1,0,0,0,0,0,0,0,0,0,0,1
Stanwell Park,1,0,0,0,0,0,0,0,1,0,0,0
Stokers Siding,1,0,0,0,0,0,0,0,0,0,1,0
Strahan,1,0,0,0,0,1,0,0,0,0,0,0
Straphpine,1,0,0,0,0,0,0,0,1,0,0,0
Strathaird  Boulevard Smithfield,1,0,0,0,0,1,0,0,0,0,0,0
Strathbogie,1,0,0,0,0,0,1,0,0,0,0,0
Strathcedar,1,0,0,0,0,1,0,0,0,0,0,0
Strathdale,1,0,0,0,0,0,0,0,0,0,1,0
Strathnairn,1,0,0,0,0,0,0,0,1,0,0,0
Streaky Bay,1,0,0,0,0,0,0,0,0,0,0,1
Streaky Bay Sa 5680,1,0,0,0,0,0,0,0,1,0,0,0
Stuart,1,0,0,0,1,0,0,0,0,0,0,0
Stuart Town,1,0,0,0,0,0,0,0,0,0,0,1
Suffers Paradise,1,0,0,0,0,0,0,0,1,0,0,0
Sumner,1,0,0,0,0,0,0,0,0,0,0,1
Sunderland Bay,1,0,0,0,0,0,0,0,1,0,0,0
Sunny Nook,1,0,0,0,1,0,0,0,0,0,0,0
Sunnycliffs,1,0,0,0,0,0,0,0,0,0,1,0
Sunset,1,0,0,0,0,1,0,0,0,0,0,0
Sunset Strip,1,0,0,0,0,1,0,0,0,0,0,0
Sunshine Beach,1,0,0,0,0,1,0,0,0,0,0,0
Sunshine West;Vic,1,0,0,0,1,0,0,0,0,0,0,0
Sunvalley Gladstone,1,0,0,0,0,0,0,0,0,0,1,0
Surface Paradise,1,0,0,0,0,0,0,0,1,0,0,0
Susan River,1,0,0,0,0,0,0,0,0,0,1,0
Sutton,1,0,0,0,0,0,0,0,1,0,0,0
Sutton Grange,1,0,0,0,0,0,0,0,0,0,0,1
Swan Point,1,0,0,0,0,0,0,0,0,0,1,0
Swan Reach,1,0,0,0,0,0,0,0,1,0,0,0
Swifts Creek,1,0,0,0,1,0,0,0,0,0,0,0
Sycamore St Killarney,1,0,0,0,0,1,0,0,0,0,0,0
Sydney Cbd,1,0,0,0,0,0,0,0,0,0,0,1
Sydney Markets,1,0,0,0,1,0,0,0,0,0,0,0
"Sydney Nsw, St Ives 2075",1,0,0,0,0,0,0,0,0,0,0,1
Sylvania Waters,1,0,0,0,0,0,0,0,1,0,0,0
Symonston,1,0,0,0,0,0,0,0,0,0,0,1
Talbingo,1,0,0,0,0,0,0,0,0,0,1,0
Talebudgera,1,0,0,0,1,0,0,0,0,0,0,0
Talegalla Weir,1,0,0,0,0,1,0,0,0,0,0,0
Tallangatta Valley,1,0,0,0,0,0,0,0,1,0,0,0
Tallebugera,1,0,0,0,0,0,0,0,1,0,0,0
Tallwoods Village,1,0,0,0,0,1,0,0,0,0,0,0
Tallyho Road,1,0,0,0,0,0,0,0,1,0,0,0
Taloumbi,1,0,0,0,0,0,0,0,0,0,1,0
Tambo,1,0,0,0,0,0,0,0,1,0,0,0
Tambourine,1,0,0,0,0,0,0,0,0,0,0,1
Tammin,1,0,0,0,0,0,0,0,0,0,0,1
Tamworth South,1,0,0,0,0,0,0,0,0,0,0,1
Tanah Manah,1,0,0,0,0,0,0,0,0,0,0,1
Tanby,1,0,0,0,0,1,0,0,0,0,0,0
Tanilba Bay,1,0,0,0,0,0,0,0,1,0,0,0
Tannam Sands,1,0,0,0,0,1,0,0,0,0,0,0
Tannymorel,1,0,0,0,0,0,0,0,0,1,0,0
Tanwaha,1,0,0,0,0,0,0,0,0,0,0,1
Taplan,1,0,0,0,0,0,0,0,0,0,0,1
Taradale,1,0,0,0,0,1,0,0,0,0,0,0
Tarampa,1,0,0,0,0,0,0,0,0,0,0,1
Taranna,1,1,0,0,0,0,0,0,0,0,0,0
Tarata Road,1,0,0,0,0,0,0,0,0,1,0,0
Tarcoola Beach Geraldton,1,0,0,0,0,0,0,0,0,0,1,0
Tarleton,1,0,0,0,1,0,0,0,0,0,0,0
Tarong,1,0,0,0,0,0,0,0,0,1,0,0
Taroom,1,0,0,0,0,0,0,0,0,0,0,1
Taroomball,1,0,0,0,0,1,0,0,0,0,0,0
Tarra Valley,1,0,0,0,0,0,0,0,0,0,1,0
Tarzali,1,0,0,0,0,0,0,0,0,0,1,0
Tasmania,1,0,0,0,0,0,0,0,0,0,1,0
Tawonga,1,0,0,0,0,1,0,0,0,0,0,0
Teesdale,1,0,0,0,0,0,0,0,0,0,1,0
Tennant Creek,1,0,0,0,1,0,0,0,0,0,0,0
Terip Terip,1,0,0,0,0,0,0,0,0,0,0,1
Terowie,1,0,0,0,0,0,0,0,0,0,0,1
"Terrigal, ",1,0,0,0,0,0,0,0,1,0,0,0
Terry Street,1,0,0,0,0,0,0,0,0,0,1,0
Tewantin (Qld),1,0,0,0,0,0,0,0,1,0,0,0
The Caves,1,0,0,0,0,0,0,0,0,0,0,1
The Channon,1,0,0,0,0,0,0,0,0,0,1,0
The Dawn,1,0,0,0,0,0,0,0,0,0,0,1
"The Gap, Mount Isa",1,0,0,0,0,1,0,0,0,0,0,0
The Gardens,1,0,0,0,0,0,0,0,1,0,0,0
The Gemfields,1,0,0,0,0,0,0,0,0,1,0,0
The Gums,1,0,0,0,0,0,0,0,0,0,1,0
The North Entrance,1,0,0,0,0,0,0,0,0,0,0,1
The Pinnacles,1,0,0,0,0,0,0,0,0,0,0,1
The Promenade Sans Souci Nsw,1,0,0,0,1,0,0,0,0,0,0,0
The Summit,1,0,0,0,0,1,0,0,0,0,0,0
The Vines,1,0,0,0,0,0,0,0,1,0,0,0
The Vines/Ellenbrook,1,0,0,0,1,0,0,0,0,0,0,0
Therry Street,1,0,0,0,0,0,0,0,0,0,0,1
Thevenard,1,0,0,0,0,0,0,0,0,0,0,1
Thornhill Rd,1,0,0,0,0,1,0,0,0,0,0,0
Thredbo,1,0,0,0,0,0,0,0,0,0,0,1
Three Springs,1,0,0,0,0,1,0,0,0,0,0,0
Threesprings,1,0,0,0,0,0,0,0,1,0,0,0
Thulimbah,1,0,0,0,0,0,0,0,0,0,1,0
Thuringowa Central,1,0,0,0,0,0,0,0,0,0,0,1
Timboon,1,0,0,0,1,0,0,0,0,0,0,0
Tinana South,1,0,0,0,0,0,0,0,1,0,0,0
Tinbeerwah,1,0,0,0,0,0,0,0,0,0,1,0
Tindal,1,0,0,0,0,0,0,0,0,0,1,0
Tingoora,1,0,0,0,0,0,0,0,1,0,0,0
Tinnanbar,1,0,0,0,0,1,0,0,0,0,0,0
Tintenbar,1,0,1,0,0,0,0,0,0,0,0,0
Tivendale,1,0,0,0,0,0,0,0,0,0,0,1
Tocumwal Nsw,1,0,0,0,1,0,0,0,0,0,0,0
Tom Price,1,0,0,0,0,0,0,0,0,0,1,0
Tongio,1,0,0,0,1,0,0,0,0,0,0,0
Tonsley,1,0,0,0,0,0,0,0,1,0,0,0
Toodyay Post Office,1,0,0,0,0,0,0,0,0,0,1,0
Toogong,1,0,0,0,0,1,0,0,0,0,0,0
Toolamba,1,0,0,0,0,0,0,0,0,0,1,0
Toolooa - Qld,1,0,0,0,0,0,0,0,1,0,0,0
Toora,1,0,0,0,0,0,0,0,1,0,0,0
Tooradin,1,1,0,0,0,0,0,0,0,0,0,0
Toowoomba North,1,0,0,0,0,0,0,0,0,0,0,1
Torbay,1,0,0,0,0,0,0,0,0,0,0,1
Torrens,1,0,0,0,0,0,0,0,1,0,0,0
Towen Mountain,1,0,0,0,1,0,0,0,0,0,0,0
Townsendale,1,0,0,0,0,0,0,0,0,0,1,0
Tralagon,1,0,0,0,0,0,0,0,0,0,0,1
Travancore,1,0,0,0,0,0,0,0,0,1,0,0
Travellers Rest,1,0,0,0,0,1,0,0,0,0,0,0
Tregeagle,1,0,0,0,1,0,0,0,0,0,0,0
Troy Tce,1,0,0,0,0,0,0,0,0,0,0,1
Tucabia,1,0,1,0,0,0,0,0,0,0,0,0
Tuerong,1,0,0,0,0,0,0,0,1,0,0,0
Tuggerah,1,0,0,0,0,0,0,0,0,0,0,1
Tumbulum,1,0,0,0,0,0,0,0,0,0,1,0
Tumoulin,1,0,0,0,0,0,0,0,1,0,0,0
Tunbridge,1,0,0,0,0,0,0,0,0,0,0,1
Turlinjah,1,0,0,0,0,0,0,0,0,0,1,0
Turvey Park Wagga Wagga,1,0,0,0,1,0,0,0,0,0,0,0
Tweed Head South,1,0,0,0,0,0,0,0,1,0,0,0
Tweed Heads Nsw,1,0,0,0,0,0,0,0,0,0,0,1
Tweedheads,1,0,0,0,0,1,0,0,0,0,0,0
Twin Waters,1,0,0,0,1,0,0,0,0,0,0,0
Two Mile,1,0,0,0,0,0,0,0,1,0,0,0
Tyagarah,1,0,0,0,0,0,0,0,0,0,1,0
Tyers,1,0,0,0,1,0,0,0,0,0,0,0
Tylden,1,0,0,0,0,0,0,0,0,1,0,0
Tyndale,1,0,0,0,0,0,0,0,0,0,0,1
Ulamambri,1,0,0,0,0,0,0,0,0,1,0,0
Uligandi Street,1,0,0,0,0,1,0,0,0,0,0,0
Ultima,1,0,0,0,1,0,0,0,0,0,0,0
Ultimo,1,0,0,0,0,0,1,0,0,0,0,0
Ungarie,1,0,0,0,0,1,0,0,0,0,0,0
Unit 4,1,0,0,0,0,1,0,0,0,0,0,0
Unit 602/50 Marine Parade Southport Qld,1,0,0,0,0,1,0,0,0,0,0,0
Upper Ferntree Gully,1,0,0,0,0,0,0,0,1,0,0,0
Upper Mt Gravatt,1,0,0,0,0,0,0,0,0,0,0,1
Upper Orara,1,0,0,0,0,0,0,0,0,0,0,1
Upper Pilton,1,0,0,0,0,0,0,0,0,0,0,1
Upper Taylors Arm,1,0,0,0,0,1,0,0,0,0,0,0
Upper Tenthill,1,0,0,0,0,0,0,0,1,0,0,0
Uragan Street Torquay,1,0,0,0,0,0,0,0,0,1,0,0
Uraidla,1,0,0,0,0,0,0,0,0,0,1,0
Uralba,1,0,0,0,0,0,0,0,0,0,0,1
Urana,1,0,0,0,0,0,0,0,0,0,1,0
Urrbrae,1,0,0,0,0,0,0,0,1,0,0,0
Urunga;Nsw,1,0,0,0,0,0,0,0,0,0,0,1
Usf,1,0,0,0,0,0,0,0,0,0,0,1
Usher Bunbury,1,0,0,0,0,0,0,0,0,0,0,1
Uttakurra,1,0,0,0,0,0,0,0,0,0,0,1
Valdora,1,0,0,0,0,0,0,0,0,0,0,1
Vale View,1,0,0,0,0,0,0,0,1,0,0,0
Valla,1,0,0,0,1,0,0,0,0,0,0,0
Valley,1,0,0,0,0,1,0,0,0,0,0,0
Verginia,1,0,0,0,0,0,0,0,0,0,0,1
Vermont South,1,0,0,0,0,0,0,0,1,0,0,0
Veteran,1,0,0,0,0,0,0,0,0,0,0,1
Vic,1,0,0,0,0,0,0,0,0,0,1,0
Victoria,1,0,0,0,0,0,0,0,1,0,0,0
Victoria Point.,1,0,0,0,0,1,0,0,0,0,0,0
Viewbank,1,0,0,0,0,1,0,0,0,0,0,0
"Vincent, Townsville",1,0,0,0,0,0,0,0,0,0,1,0
Viveash,1,0,0,0,0,0,0,0,1,0,0,0
Voyager Point,1,0,0,0,0,0,1,0,0,0,0,0
Wadye,1,0,0,0,0,0,0,0,0,0,0,1
Wagait Beach,1,0,0,0,0,1,0,0,0,0,0,0
Wagin,1,0,0,0,0,1,0,0,0,0,0,0
Wakefield,1,0,0,0,0,0,0,0,0,0,1,0
Wakool,1,0,0,0,0,0,0,0,1,0,0,0
Walkaway,1,0,0,0,0,1,0,0,0,0,0,0
Walkervale Bundaberg,1,0,0,0,0,0,0,0,0,0,0,1
Walkeston,1,0,0,0,0,0,0,0,0,0,0,1
Wallacedale,1,0,0,0,0,0,0,0,0,0,1,0
Wallaces Creek,1,0,0,0,0,0,0,0,0,0,0,1
Wallagoot,1,0,0,0,1,0,0,0,0,0,0,0
Wallalong,1,0,0,0,0,0,0,0,0,0,1,0
Wallanbah,1,0,0,0,1,0,0,0,0,0,0,0
Wallarobba,1,0,0,0,0,0,0,0,1,0,0,0
Wallerawang,1,0,0,0,0,0,0,0,1,0,0,0
Walligan,1,0,0,0,0,0,0,0,0,0,1,0
Walmsley,1,0,0,0,0,0,0,0,0,0,0,1
Walpole,1,0,0,0,0,0,0,0,0,0,0,1
Walsall,1,0,0,0,1,0,0,0,0,0,0,0
Walter Hall,1,0,0,0,0,0,0,0,0,0,0,1
Walter Hall Mt Morgan,1,0,0,0,0,0,0,0,0,0,0,1
Wand,1,0,0,0,0,0,0,0,0,0,0,1
Wandal Rockhampton,1,0,0,0,0,0,0,0,0,0,1,0
Wandana,1,0,0,0,0,0,0,0,0,1,0,0
Wandana Heights,1,0,0,0,0,1,0,0,0,0,0,0
Wandella,1,0,0,0,1,0,0,0,0,0,0,0
Wandin North,1,0,0,0,0,1,0,0,0,0,0,0
Wangan,1,1,0,0,0,0,0,0,0,0,0,0
Warburton,1,0,0,0,1,0,0,0,0,0,0,0
Wardsriver,1,0,0,0,0,1,0,0,0,0,0,0
Warnbro Western Australia,1,0,0,0,0,1,0,0,0,0,0,0
Warneet,1,0,0,0,0,0,1,0,0,0,0,0
Warnervale,1,0,0,0,0,0,0,0,1,0,0,0
Waroons,1,0,0,0,0,0,0,0,0,0,1,0
Warra,1,0,0,0,0,0,0,0,0,0,0,1
Warranwood,1,1,0,0,0,0,0,0,0,0,0,0
Warrawee,1,0,0,0,0,0,0,0,0,0,0,1
Warrawong. (Australia),1,0,0,0,0,0,0,0,0,0,0,1
Warren,1,0,0,0,0,0,0,0,0,0,1,0
Warrnambool Vic,1,0,0,0,0,1,0,0,0,0,0,0
Warroo,1,0,0,0,0,0,0,0,0,0,1,0
Warwickfarm,1,0,0,0,0,0,0,0,0,1,0,0
Watanobbol,1,0,0,0,0,1,0,0,0,0,0,0
Watchem,1,0,0,0,0,1,0,0,0,0,0,0
Waterbank,1,0,0,0,0,0,0,0,0,0,1,0
Watercourse Road Moree,1,0,0,0,0,0,0,0,0,0,1,0
Waterfall Gully,1,0,0,0,0,0,0,0,0,0,1,0
"Waterfront Precinct, Darwin",1,0,0,0,1,0,0,0,0,0,0,0
Waterview Heights,1,0,0,0,0,0,0,0,1,0,0,0
Waterways 3195,1,0,0,0,0,0,0,0,0,0,0,1
Watsonia Nth,1,0,0,0,0,0,0,0,1,0,0,0
Watsons Bay,1,0,0,0,0,0,0,0,0,0,1,0
Wattamondara,1,0,0,0,0,0,0,0,1,0,0,0
Wattle Flat,1,0,0,0,0,1,0,0,0,0,0,0
Wattle Hill,1,0,0,0,1,0,0,0,0,0,0,0
Wattle Park,1,0,0,0,0,0,0,0,1,0,0,0
Wattle Ponds,1,0,0,0,1,0,0,0,0,0,0,0
Wattleup,1,0,0,0,1,0,0,0,0,0,0,0
Waukivory,1,0,0,0,0,0,0,0,0,0,1,0
Wavell Heights North,1,0,0,0,0,0,0,0,1,0,0,0
Waverly,1,0,0,0,0,0,0,0,0,0,1,0
Wayville,1,0,0,0,0,0,0,0,1,0,0,0
Wedderburn - Vic,1,0,0,0,0,0,0,0,1,0,0,0
Weegena,1,0,0,0,1,0,0,0,0,0,0,0
Weetangara,1,0,0,0,0,0,0,0,1,0,0,0
Wellington Mill,1,0,0,0,0,0,0,0,0,0,1,0
Welshpool,1,0,0,0,0,0,0,0,1,0,0,0
Wembley Down Perth,1,0,0,0,0,0,0,0,1,0,0,0
Wembley Downs,1,0,0,0,1,0,0,0,0,0,0,0
Weranga,1,0,0,0,0,0,0,0,0,0,0,1
Werombi,1,0,0,0,0,0,0,0,1,0,0,0
"Werrington County, Nsw, 2747",1,0,0,0,0,0,0,0,0,0,0,1
Werrington Downs,1,0,0,0,1,0,0,0,0,0,0,0
Wesley Vale,1,0,0,0,0,0,0,0,0,0,1,0
West Ballidu,1,0,0,0,0,0,0,0,1,0,0,0
West Brunswick,1,0,0,0,0,0,0,0,1,0,0,0
West Coraki,1,0,0,0,0,0,0,0,0,0,0,1
West Dubbo,1,0,0,0,0,0,0,0,1,0,0,0
West End / Townsville,1,0,0,0,1,0,0,0,0,0,0,0
West Haven,1,0,1,0,0,0,0,0,0,0,0,0
West Mackey,1,0,0,0,0,0,0,0,1,0,0,0
West Melton,1,0,0,0,0,0,0,0,1,0,0,0
West Mooreville,1,0,0,0,0,0,0,0,0,0,0,1
West Range,1,0,0,0,0,0,0,0,1,0,0,0
West Richmond,1,0,0,0,0,0,0,0,1,0,0,0
West Sunshine,1,0,0,0,0,0,0,0,1,0,0,0
West Tweed,1,0,0,0,0,0,0,0,0,0,0,1
West Wiangaree,1,0,0,0,0,0,0,0,0,0,0,1
Westbury,1,0,0,0,0,0,0,0,0,0,1,0
Westwood,1,0,0,0,0,0,0,0,0,0,0,1
Whanregarwen,1,0,0,0,0,0,1,0,0,0,0,0
Wheatsheaf,1,0,0,0,0,0,0,0,0,0,0,1
Wheatvale,1,0,0,0,0,0,0,0,1,0,0,0
Wheeny Creek,1,0,0,0,0,0,0,0,0,0,0,1
Wherrol Flat,1,0,0,0,0,0,0,0,0,0,1,0
Whian Whian,1,0,0,0,0,1,0,0,0,0,0,0
Whitby,1,0,0,0,0,0,0,0,0,0,0,1
Whitby St,1,0,0,0,0,0,0,0,0,0,0,1
White Hills Vic,1,0,0,0,0,0,0,0,0,0,1,0
White Patch,1,0,0,0,0,0,0,0,0,0,0,1
White Peak,1,0,0,0,1,0,0,0,0,0,0,0
White Sands,1,0,0,0,0,0,0,0,0,0,1,0
Whitefoord,1,0,0,0,0,0,0,0,1,0,0,0
Whiteman Creek,1,0,0,0,0,0,0,0,1,0,0,0
Whiterock,1,0,0,0,1,0,0,0,0,0,0,0
Whittesea,1,0,0,0,0,0,0,0,0,1,0,0
Whittingham,1,0,0,0,0,0,0,0,1,0,0,0
Whittion,1,0,0,0,0,1,0,0,0,0,0,0
Whorouly Victoria,1,0,0,0,0,0,0,0,0,0,0,1
Whyalla Dc,1,0,0,0,0,0,0,0,1,0,0,0
Wiamea Plc,1,0,0,0,0,1,0,0,0,0,0,0
Widgee,1,0,0,0,0,0,0,0,1,0,0,0
Widgeewidgee,1,0,0,0,0,0,0,0,0,0,1,0
Wieambilla,1,0,0,0,0,0,0,0,1,0,0,0
Wilberforce,1,0,0,0,0,1,0,0,0,0,0,0
Wilburville,1,0,0,0,1,0,0,0,0,0,0,0
Wiletton,1,0,0,0,0,0,0,0,0,0,1,0
Wilismere Way,1,0,0,0,0,0,0,0,1,0,0,0
Willawong,1,0,0,0,0,0,0,0,0,0,0,1
Willbriggie,1,0,0,0,0,1,0,0,0,0,0,0
Williams,1,0,0,0,0,0,0,0,0,0,1,0
Williamstown Nth,1,0,0,0,0,0,0,0,0,0,1,0
Williamtown,1,0,0,0,0,0,0,0,0,0,0,1
Willunga South,1,0,0,0,0,0,0,0,0,0,1,0
Wilson Beach,1,0,0,0,0,0,0,0,1,0,0,0
Wilsons Pocket,1,0,0,0,0,0,0,0,0,0,0,1
Wilsonton Hights,1,0,0,0,0,0,0,0,1,0,0,0
Wilton,1,0,0,0,0,0,0,0,0,0,1,0
Wimbledon Heights,1,0,0,0,0,0,0,0,1,0,0,0
Windaroo,1,0,0,0,0,1,0,0,0,0,0,0
Windella,1,0,0,0,0,0,0,0,1,0,0,0
Windellama,1,0,0,0,0,0,0,0,0,0,1,0
Windermere Park,1,0,0,0,1,0,0,0,0,0,0,0
Windradyne,1,0,0,0,0,0,0,0,1,0,0,0
Winnellie,1,0,1,0,0,0,0,0,0,0,0,0
Winsdor,1,0,0,0,0,0,0,0,1,0,0,0
Winslow,1,0,0,0,0,1,0,0,0,0,0,0
Winston,1,0,0,0,0,1,0,0,0,0,0,0
Wiseman’S Ferry,1,0,0,0,1,0,0,0,0,0,0,0
Wisemans Ferry,1,0,0,0,0,1,0,0,0,0,0,0
Witchcliffe,1,0,0,0,0,0,0,0,0,0,1,0
Witheren,1,0,0,0,0,0,0,0,1,0,0,0
Woden,1,0,0,0,0,0,0,0,0,0,1,0
Wodroff,1,0,0,0,0,1,0,0,0,0,0,0
Wollombi,1,0,0,0,0,0,0,0,0,0,0,1
Wolumla,1,0,0,0,0,0,0,0,1,0,0,0
Wonbah,1,0,0,0,0,0,0,0,0,0,0,1
Wongabel,1,0,0,0,0,0,0,0,0,0,0,1
Wongaling Beach,1,0,0,0,0,0,0,0,0,0,1,0
Wongawollan,1,0,0,0,0,0,0,0,0,0,1,0
Wonoona,1,0,0,0,0,0,0,0,0,0,1,0
Wood Berry,1,0,0,0,0,0,0,0,0,0,0,1
Woodanilling,1,0,1,0,0,0,0,0,0,0,0,0
Woodbury,1,0,1,0,0,0,0,0,0,0,0,0
Woodenbong,1,0,0,0,0,0,0,0,0,0,1,0
Woodford Island,1,0,0,0,0,0,0,0,1,0,0,0
Woodforde,1,0,0,0,0,0,0,0,0,0,0,1
Woodridge (Qld),1,0,0,0,0,0,0,0,0,0,0,1
"Woodridge, Logan City",1,0,0,0,0,1,0,0,0,0,0,0
Woodstock,1,0,0,0,0,0,1,0,0,0,0,0
Woodstock Giru Road,1,0,0,0,0,0,0,0,0,0,1,0
Woodville North,1,0,0,0,0,1,0,0,0,0,0,0
Woodville South,1,0,0,0,0,0,0,0,0,0,0,1
Woollamia,1,0,0,0,0,1,0,0,0,0,0,0
Woollomooloo,1,0,0,0,0,0,0,0,1,0,0,0
Woolongong,1,0,0,0,0,1,0,0,0,0,0,0
Wooloongabba,1,0,0,0,0,0,0,0,0,0,0,1
Woolooware Nsw,1,0,0,0,0,0,0,0,1,0,0,0
Woongarra,1,0,0,0,0,1,0,0,0,0,0,0
Woongoolba,1,0,0,0,0,0,0,0,0,0,1,0
Wooree,1,0,0,0,0,0,0,0,0,0,0,1
Woorinen South,1,0,0,0,0,0,0,0,1,0,0,0
Wootton,1,0,0,0,0,0,0,0,0,0,0,1
Woowoonga,1,0,0,0,0,0,0,0,0,0,1,0
Worrgiee,1,0,0,0,0,0,0,0,0,0,0,1
Woywoy,1,0,0,0,1,0,0,0,0,0,0,0
Wright,1,0,0,0,0,0,0,0,0,0,1,0
Wudinna,1,0,0,0,0,0,0,0,0,0,0,1
Wuk Wuk,1,0,0,0,1,0,0,0,0,0,0,0
Wurtulla ,1,0,0,0,0,0,0,0,1,0,0,0
Wutunugurra,1,0,0,0,0,0,0,0,0,0,0,1
Wyandra,1,0,0,0,0,0,0,0,1,0,0,0
Wyee Point,1,0,0,0,0,0,0,0,0,0,0,1
Wyn,1,0,0,0,0,1,0,0,0,0,0,0
Wyndahmvale,1,0,0,0,0,0,0,0,0,0,0,1
Wynnum Weat,1,0,0,0,0,0,0,0,0,0,0,1
Wyomg,1,0,0,0,0,1,0,0,0,0,0,0
Wyunnm,1,0,0,0,0,0,0,0,0,0,0,1
Yaamba Road,1,0,0,0,0,0,0,0,1,0,0,0
Yabberup,1,0,0,0,0,0,0,0,0,0,0,1
Yacka,1,0,0,0,0,0,0,0,0,0,0,1
Yackandandah,1,0,0,0,0,0,0,0,0,0,0,1
Yallambie,1,0,0,0,0,0,0,0,1,0,0,0
Yallingup,1,0,0,0,1,0,0,0,0,0,0,0
Yandina Creek,1,0,0,0,0,1,0,0,0,0,0,0
Yangan,1,0,0,0,0,0,0,0,0,0,1,0
Yarra,1,0,0,0,1,0,0,0,0,0,0,0
Yarra Glen,1,0,0,0,1,0,0,0,0,0,0,0
Yarrabillba,1,0,0,0,0,0,0,0,0,0,0,1
Yarragon,1,0,0,0,1,0,0,0,0,0,0,0
Yarragon South,1,0,0,0,0,0,0,0,0,0,0,1
Yarranbella,1,0,0,0,0,0,0,0,0,0,1,0
Yarwun,1,0,0,0,0,0,0,0,0,0,0,1
Yass Rd Queanbeyan  East,1,0,0,0,0,0,0,0,0,0,1,0
Yea,1,0,0,0,1,0,0,0,0,0,0,0
Yeah,1,0,0,0,0,0,0,0,0,0,1,0
Yellow Pinch,1,0,0,0,0,1,0,0,0,0,0,0
Yennora,1,0,0,0,0,1,0,0,0,0,0,0
Yerong Creek,1,0,0,0,1,0,0,0,0,0,0,0
Yerrinbool,1,0,0,0,0,1,0,0,0,0,0,0
Yinnar South,1,0,0,0,0,0,0,0,0,0,0,1
Yolla,1,0,0,0,0,0,0,0,1,0,0,0
Yorketown,1,0,0,0,0,1,0,0,0,0,0,0
Yuendumu,1,0,0,0,0,0,0,0,0,0,1,0
Yuleba,1,0,0,0,0,0,0,0,0,0,0,1
Zeerust,1,0,0,0,0,0,0,0,1,0,0,0
"Zetland, 2017, Nsw",1,0,0,0,0,0,0,0,1,0,0,0
Ziegler Avenue,1,0,0,0,0,0,0,0,0,0,1,0
Zillimere,1,0,0,0,0,0,0,0,0,0,0,1