Keyword,Position,Previous position,Search Volume,Keyword Difficulty,CPC,URL,Traffic,Traffic (%),Traffic Cost,Competition,Number of Results,Trends,Timestamp,SERP Features by Keyword,Keyword Intents,Position Type
candor,1,1,9900,61,2.42,https://www.candormedical.com/,7920,62.42,19166,0.25,11700000,"66, 66, 66, 66, 100, 81, 81, 81, 66, 44, 54, 54",2026-04-28 21:53:26,"Sitelinks, Video, People also ask, Related searches",navigational,Organic
candor medical,1,1,3600,42,1.78,https://www.candormedical.com/,2880,22.7,5126,0.51,4580000,"43, 43, 28, 66, 100, 81, 81, 66, 43, 43, 28, 28",2026-04-29 04:21:32,"Knowledge panel, Sitelinks, Video, Image, Ads bottom, People also ask, Related searches",navigational,Organic
candor login,1,1,590,16,0.16,https://app.candormedical.com/,472,3.72,75,0.02,5090000,"54, 44, 67, 81, 81, 67, 67, 67, 54, 54, 44, 54",2026-03-29 16:58:59,"Sitelinks, Related searches","navigational, transactional",Organic
candir,1,1,260,60,2.42,https://www.candormedical.com/,208,1.63,503,0.25,10900000,"66, 54, 35, 29, 29, 8, 100, 66, 81, 66, 81, 54",2026-03-27 23:07:18,"Sitelinks, Video, Related searches",navigational,Organic
candor sign in,1,1,140,17,0.51,https://app.candormedical.com/,112,0.88,57,0.08,100,"34, 53, 34, 53, 43, 53, 65, 43, 43, 28, 12, 12",2026-03-26 11:33:05,"Sitelinks, Related searches","navigational, transactional",Organic
candor app,1,1,110,28,0.61,https://app.candormedical.com/,88,0.69,53,0.21,142,"42, 52, 52, 66, 66, 66, 80, 66, 52, 33, 19, 33",2026-03-29 14:31:36,"Sitelinks, Related searches","navigational, transactional",Organic
candor medical contact number,1,1,110,27,1.72,https://www.candormedical.com/,88,0.69,151,0.33,0,"9, 9, 23, 52, 100, 100, 100, 80, 33, 33, 23, 19",2026-03-18 07:46:16,"Knowledge panel, Sitelinks, Video, Related searches",navigational,Organic
candor medical australia,1,1,110,28,2.97,https://www.candormedical.com/,88,0.69,261,0.68,552000,"34, 34, 53, 100, 43, 34, 34, 28, 15, 15, 15, 15",2026-04-27 12:02:26,"Sitelinks, Video, People also ask, Related searches",navigational,Organic
candormedical,1,1,110,46,1.63,https://www.candormedical.com/,88,0.69,143,0.58,7110000,"26, 26, 34, 34, 53, 42, 42, 53, 19, 100, 19, 26",2026-03-24 19:51:36,"Knowledge panel, Sitelinks, Image, Related searches",navigational,Organic
candor australia,1,1,90,18,3.73,https://www.candormedical.com/,72,0.56,268,0.63,2500000,"100, 100, 100, 81, 100, 63, 63, 45, 45, 63, 45, 63",2026-03-09 19:01:15,"Sitelinks, Video, Image, Related searches",navigational,Organic
condor medical,1,1,70,28,3.86,https://www.candormedical.com/,56,0.44,216,0.63,0,"78, 50, 64, 78, 78, 78, 50, 50, 50, 21, 21, 14",2026-03-19 06:50:16,"Knowledge panel, Sitelinks, Related searches",navigational,Organic
csndor,1,1,70,56,2.42,https://www.candormedical.com/,56,0.44,135,0.25,11400000,"1, 1, 0, 0, 1, 0, 0, 0, 1, 100, 0, 0",2026-04-01 04:27:36,"Sitelinks, Video, Video Carousel, Related searches",navigational,Organic
candor medical login,1,1,70,20,0.62,https://app.candormedical.com/,56,0.44,34,0.09,3640000,"41, 52, 41, 41, 41, 41, 64, 17, 11, 100, 52, 41",2026-04-26 16:53:28,"Sitelinks, Video, People also ask, Related searches","navigational, transactional",Organic
candoor,1,0,70,18,1.12,https://www.candormedical.com/,56,0.44,62,0.06,7,"100, 100, 77, 100, 77, 55, 77, 77, 55, 77, 55, 77",2026-04-22 07:58:38,"Image pack, Sitelinks, People also ask, Related searches",navigational,Organic
candor contact number,1,1,50,12,1.71,https://www.candormedical.com/contact,40,0.31,68,0.23,3090000,"11, 11, 11, 11, 100, 64, 41, 52, 11, 11, 11, 11",2026-04-28 04:59:57,"Ads bottom, People also ask, Related searches",informational,Organic
candor catalogue,1,1,50,18,2.69,https://www.candormedical.com/,40,0.31,107,0.52,319000,"29, 29, 100, 82, 29, 41, 17, 23, 11, 17, 11, 11",2026-03-24 18:54:03,"Image pack, Sitelinks, People also ask, Related searches","informational, transactional",Organic
candor medical phone number,1,1,50,17,1.65,https://www.candormedical.com/contact,40,0.31,66,0.2,2800000,"18, 18, 27, 63, 100, 100, 63, 63, 18, 18, 18, 18",2026-04-28 05:49:08,"Knowledge panel, Video, People also ask, Related searches",navigational,Organic
candor medical weed,1,0,40,,5.41,https://www.candormedical.com/,32,0.25,173,0.76,183000,"18, 18, 18, 18, 18, 18, 63, 63, 18, 27, 100, 63",2026-04-15 07:51:36,"Sitelinks, People also ask, Related searches",navigational,Organic
cnador,1,0,40,52,2.42,https://www.candormedical.com/,32,0.25,77,0.25,11700000,"2, 0, 2, 0, 0, 0, 0, 0, 0, 0, 100, 0",2026-04-15 17:20:13,"Sitelinks, Video, People also ask, Related searches",navigational,Organic
candour,7,0,2400,40,0,https://app.candormedical.com/,21,0.16,0,0,89400000,"65, 65, 82, 82, 82, 82, 82, 100, 65, 82, 82, 55",2026-04-29 03:53:44,"Video, Image, Video Carousel, People also ask, Related searches, AI overview",informational,Organic
candor login,2,2,590,16,0.16,https://www.candormedical.com/,15,0.11,2,0.02,5090000,"54, 44, 67, 81, 81, 67, 67, 67, 54, 54, 44, 54",2026-03-29 16:58:59,"Sitelinks, Related searches","navigational, transactional",Organic
candor candor,1,0,70,49,0,https://www.candormedical.com/,13,0.1,0,0,11700000,"0, 0, 0, 0, 0, 0, 0, 100, 66, 4, 0, 2",2026-04-11 23:27:22,"Instant answer, Sitelinks, Video, Image, Related searches, AI overview",informational,AI overview
online medical marijuanas,6,4,390,50,74.47,https://www.candormedical.com/,11,0.08,819,0.06,222,"66, 54, 44, 66, 100, 81, 54, 44, 54, 36, 36, 29",2026-04-05 04:00:34,"Video, Related searches, AI overview",informational,Organic
online cannabis prescription australia,7,7,480,51,0,https://www.candormedical.com/,11,0.08,0,0,4760000,"81, 81, 81, 81, 81, 66, 100, 81, 100, 81, 66, 54",2026-03-24 00:00:47,"Video, Related searches, AI overview",informational,Organic
candor login,3,3,590,16,0.16,https://www.candormedical.com/pricing-guide,10,0.07,1,0.02,5090000,"54, 44, 67, 81, 81, 67, 67, 67, 54, 54, 44, 54",2026-03-29 16:58:59,"Sitelinks, Related searches","navigational, transactional",Organic
telehealth alternative medicine,1,0,70,48,0,https://www.candormedical.com/,9,0.07,0,0,41900000,"55, 100",2026-04-14 21:34:56,"Video, People also ask, Related searches, AI overview",informational,Organic
camdor,1,1,40,35,2.42,https://www.candormedical.com/,9,0.07,21,0.25,0,"7, 100, 3, 3, 3, 0, 53, 3, 7, 3, 3, 0",2026-03-14 09:34:21,"Video, Video Carousel, Related searches, See results about","informational, transactional",Organic
alt med,1,0,320,74,66.82,https://www.candormedical.com/,7,0.05,467,0.41,503000000,"66, 100, 15, 9, 36, 19, 23, 23, 54, 81, 36, 44",2026-04-08 15:52:58,"Sitelinks, Related searches, AI overview","informational, navigational",AI overview
medical cannabis online,6,6,320,49,0,https://www.candormedical.com/,7,0.05,0,0,113000000,"17, 11, 17, 17, 17, 17, 39, 39, 48, 48, 59, 26",2026-04-22 09:18:48,"Video, Related searches, Discussions and forums",commercial,Organic
medical cannabis consultation,6,6,210,53,0,https://www.candormedical.com/,7,0.05,0,0,152,"23, 17, 28, 28, 17, 12, 66, 66, 82, 100, 100, 43",2026-03-27 12:39:15,"Knowledge panel, Related searches",informational,Organic
condor dr,3,0,90,16,0,https://www.candormedical.com/,7,0.05,0,0.04,16700000,"52, 41, 41, 52, 52, 52, 41, 52, 41, 64, 52, 100",2026-04-20 00:01:10,"Video, Related searches",informational,Organic
c a n d o u r,7,0,1000,56,0,https://app.candormedical.com/,6,0.04,0,0,121000000,"55, 65, 0, 0, 0, 0, 0, 0, 100, 65, 82, 55",2026-04-17 15:00:02,"Instant answer, Sitelinks, Video, Image, Related searches, AI overview",informational,Organic
medicalmarijuana.org,15,8,1000,70,0,https://www.candormedical.com/,5,0.03,0,0,18000000,"82, 100, 0, 0, 0, 0, 0, 0, 100, 82, 82, 0",2026-04-02 07:33:03,,informational,Organic
candor medical reviews,3,3,170,36,3.26,https://www.candormedical.com/,5,0.03,16,0.32,1530000,"53, 43, 43, 21, 100, 65, 81, 65, 43, 43, 53, 21",2026-03-11 18:10:12,"Knowledge panel, Related searches, Discussions and forums, AI overview","commercial, informational",Organic
candor medical reviews,10,10,170,36,3.26,http://www.candormedical.com/,5,0.03,16,0.32,1530000,"53, 43, 43, 21, 100, 65, 81, 65, 43, 43, 53, 21",2026-03-11 18:10:12,"Knowledge panel, Related searches, Discussions and forums, AI overview","commercial, informational",Knowledge panel
medical cannabis consult,4,4,90,39,0,https://www.candormedical.com/,5,0.03,0,0,0,"63, 63, 100, 100, 63, 63, 45, 81, 100, 63, 63, 63",2026-03-07 13:19:11,"Video, Related searches, Discussions and forums",commercial,Organic
camdor,2,2,40,35,2.42,https://app.candormedical.com/,5,0.03,12,0.25,0,"7, 100, 3, 3, 3, 0, 53, 3, 7, 3, 3, 0",2026-03-14 09:34:21,"Video, Video Carousel, Related searches, See results about","informational, transactional",Organic
weed prescription online,6,6,210,44,0,https://www.candormedical.com/,5,0.03,0,0,31800000,"28, 65, 34, 81, 81, 65, 65, 100, 81, 81, 100, 100",2026-04-06 03:50:57,"Video, Related searches, Discussions and forums",commercial,Organic
candor login,5,5,590,16,0.16,https://www.candormedical.com/contact,5,0.03,0,0.02,5090000,"54, 44, 67, 81, 81, 67, 67, 67, 54, 54, 44, 54",2026-03-29 16:58:59,"Sitelinks, Related searches","navigational, transactional",Organic
cander,12,4,590,16,2.42,https://www.candormedical.com/,4,0.03,9,0.25,1610000,"72, 48, 59, 48, 72, 88, 59, 59, 59, 48, 48, 72",2026-04-18 22:45:22,"Sitelinks, Image, Related searches, AI overview",informational,Organic
candor medical reviews,5,5,170,36,3.26,https://www.candormedical.com/faq,4,0.03,13,0.32,1530000,"53, 43, 43, 21, 100, 65, 81, 65, 43, 43, 53, 21",2026-03-11 18:10:12,"Knowledge panel, Related searches, Discussions and forums, AI overview","commercial, informational",Organic
medical marijuana online,7,6,140,50,0,https://www.candormedical.com/,4,0.03,0,0,226,"19, 19, 26, 26, 42, 26, 100, 100, 80, 65, 65, 42",2026-04-05 16:40:30,Video,commercial,Organic
candor medical review,10,10,70,28,3.26,http://www.candormedical.com/,3,0.02,9,0.32,0,"3, 12, 6, 6, 34, 15, 43, 65, 12, 12, 12, 6",2026-03-14 09:40:15,"Knowledge panel, Related searches","commercial, informational",Knowledge panel
online cbd prescription,6,6,90,50,20.86,https://www.candormedical.com/,3,0.02,62,0.88,0,"64, 50, 50, 50, 50, 64, 78, 64, 64, 78, 100, 64",2026-03-18 14:03:38,"Video, Related searches",commercial,Organic
candor sign in,2,2,140,17,0.51,https://www.candormedical.com/,3,0.02,1,0.08,100,"34, 53, 34, 53, 43, 53, 65, 43, 43, 28, 12, 12",2026-03-26 11:33:05,"Sitelinks, Related searches","navigational, transactional",Organic
candor medical contact number,10,10,110,27,1.72,http://www.candormedical.com/,3,0.02,5,0.33,0,"9, 9, 23, 52, 100, 100, 100, 80, 33, 33, 23, 19",2026-03-18 07:46:16,"Knowledge panel, Sitelinks, Video, Related searches",navigational,Knowledge panel
medical weed doctor near me,6,6,110,34,89.03,https://www.candormedical.com/,3,0.02,267,0.08,132,"78, 100, 0, 100, 100, 100, 78, 78, 78, 78, 64, 100",2026-03-06 19:46:32,"Video, Related searches, AI overview",transactional,Organic
candormedical,10,10,110,46,1.63,http://www.candormedical.com/,3,0.02,4,0.58,7110000,"26, 26, 34, 34, 53, 42, 42, 53, 19, 100, 19, 26",2026-03-24 19:51:36,"Knowledge panel, Sitelinks, Image, Related searches",navigational,Knowledge panel
condor medical,10,10,70,28,3.86,http://www.candormedical.com/,2,0.01,7,0.63,0,"78, 50, 64, 78, 78, 78, 50, 50, 50, 21, 21, 14",2026-03-19 06:50:16,"Knowledge panel, Sitelinks, Related searches",navigational,Knowledge panel
how to skip your period on the pill,7,7,140,41,0,https://www.candormedical.com/education/how-to-skip-your-period,2,0.01,0,0.01,56800000,"29, 35, 35, 35, 22, 22, 22, 22, 29, 29, 29, 29",2026-03-20 21:20:27,"Sitelinks, Video, Image, Related searches, Discussions and forums, AI overview",informational,Organic
candors,1,1,70,60,2.42,https://www.candormedical.com/,2,0.01,4,0.25,15400000,"0, 0, 0, 0, 0, 0, 0, 0, 0, 100, 0, 0",2026-04-01 04:40:52,"Instant answer, Image pack, Video, Image, Video Carousel, People also ask, Related searches",informational,Organic
candor medical review,6,6,70,28,3.26,https://www.candormedical.com/contact,2,0.01,6,0.32,0,"3, 12, 6, 6, 34, 15, 43, 65, 12, 12, 12, 6",2026-03-14 09:40:15,"Knowledge panel, Related searches","commercial, informational",Organic
how do you skip your period on the pill,6,11,110,45,0,https://www.candormedical.com/education/how-to-skip-your-period,2,0.01,0,0.01,182000000,"66, 66, 66, 66, 42, 42, 33, 42, 52, 52, 52, 66",2026-04-24 09:46:09,"Sitelinks, Video, Image, People also ask, Related searches, Discussions and forums, AI overview",informational,Organic
candor review,3,3,140,28,3.88,https://www.candormedical.com/,2,0.01,7,0.34,7380000,"42, 42, 42, 52, 100, 100, 100, 100, 52, 33, 33, 23",2026-03-13 20:15:05,"Sitelinks, Video, Related searches, Discussions and forums, AI overview",commercial,Organic
australani,5,5,50,17,0.14,https://www.candormedical.com/,2,0.01,0,0.08,0,"14, 33, 52, 19, 14, 19, 23, 33, 19, 80, 4, 4",2026-03-18 01:59:17,"Video, Image, Related searches",informational,Organic
medical cannabis telehealth,5,5,70,33,0,https://www.candormedical.com/,2,0.01,0,0.33,0,"100, 27, 18, 27, 100, 18, 18, 18, 100, 45, 100, 81",2026-03-08 22:46:34,"Video, Related searches, AI overview",informational,Organic
how to skip your period with the pill,6,26,110,35,0,https://www.candormedical.com/education/how-to-skip-your-period,2,0.01,0,0.01,180000000,"64, 82, 64, 82, 52, 64, 41, 52, 82, 64, 64, 82",2026-04-24 22:55:04,"Sitelinks, Video, Image, People also ask, Related searches, Discussions and forums, AI overview",informational,Organic
medical marijuanas online,6,6,70,43,74.47,https://www.candormedical.com/,2,0.01,148,0.06,0,"15, 3, 21, 9, 6, 12, 21, 21, 21, 100, 21, 21",2026-03-19 04:04:07,Video,commercial,Organic
medical cannabis online australia,10,10,110,47,0,https://www.candormedical.com/,2,0.01,0,0,0,"33, 23, 33, 42, 33, 33, 80, 80, 80, 80, 100, 66",2026-03-19 05:54:15,"Video, Related searches",informational,Organic
candor sign in,3,3,140,17,0.51,https://www.candormedical.com/pricing-guide,2,0.01,1,0.08,100,"34, 53, 34, 53, 43, 53, 65, 43, 43, 28, 12, 12",2026-03-26 11:33:05,"Sitelinks, Related searches","navigational, transactional",Organic
medical weed online,6,6,70,49,0,https://www.candormedical.com/,2,0.01,0,0,225,"36, 27, 45, 45, 81, 81, 100, 100, 100, 81, 81, 45",2026-03-21 17:51:31,"Video, Related searches",commercial,Organic
medical cannabis australia online,1,1,390,48,0,https://www.candormedical.com/,2,0.01,0,0,23600000,"81, 54, 66, 54, 54, 44, 66, 81, 66, 81, 100, 66",2026-03-20 22:55:48,"Related searches, Discussions and forums, AI overview",informational,AI overview
candor app,2,2,110,28,0.61,https://www.candormedical.com/,2,0.01,1,0.21,142,"42, 52, 52, 66, 66, 66, 80, 66, 52, 33, 19, 33",2026-03-29 14:31:36,"Sitelinks, Related searches","navigational, transactional",Organic
candor promo code,5,5,50,7,4.45,https://www.candormedical.com/,2,0.01,8,0.18,53500,"33, 23, 42, 33, 33, 33, 19, 19, 9, 14, 9, 14",2026-04-18 10:43:33,"Sitelinks, Video, Related searches",transactional,Organic
telehealth alternative medicine,1,0,70,48,0,https://www.candormedical.com/,2,0.01,0,0,41900000,"55, 100",2026-04-14 21:34:56,"Video, People also ask, Related searches, AI overview",informational,AI overview
medical cannabis online consultation,5,0,50,46,0,https://www.candormedical.com/,2,0.01,0,0,10600000,"11, 11, 11, 22, 22, 22, 100, 100, 100, 77, 55, 77",2026-04-29 14:54:39,"Video, Image, Related searches",informational,Organic
dr deep bhangoo,8,8,70,13,2.7,https://www.candormedical.com/,1,0,2,0.16,12500,"9, 9, 9, 80, 52, 52, 9, 9, 9, 9, 100, 9",2026-03-09 21:15:34,"Image pack, Sitelinks, Related searches",informational,Organic
alt med,7,70,320,74,66.82,https://www.candormedical.com/,1,0,66,0.41,503000000,"66, 100, 15, 9, 36, 19, 23, 23, 54, 81, 36, 44",2026-04-08 15:52:58,"Sitelinks, Related searches, AI overview","informational, navigational",Organic
candor catalogue,2,2,50,18,2.69,https://app.candormedical.com/,1,0,2,0.52,319000,"29, 29, 100, 82, 29, 41, 17, 23, 11, 17, 11, 11",2026-03-24 18:54:03,"Image pack, Sitelinks, People also ask, Related searches","informational, transactional",Organic
how to get medical marijuanas card qld,24,25,720,45,47.77,https://www.candormedical.com/,1,0,47,0.81,121000,"66, 36, 54, 54, 41, 41, 7, 30, 5, 4, 20, 24",2026-04-08 05:12:42,"Video, People also ask, Related searches, Discussions and forums, AI overview",informational,Organic
online weed prescription,6,5,70,50,80.06,https://www.candormedical.com/,1,0,80,0.85,30400000,"100, 35, 50, 35, 50, 50, 64, 64, 64, 35, 35, 28",2026-04-08 23:38:55,"Video, Related searches, Discussions and forums, AI overview",informational,Organic
online medical marijuana australia,7,0,70,47,0,https://www.candormedical.com/,1,0,0,0,9390000,"5, 5, 5, 5, 5, 11, 82, 100, 82, 52, 52, 41",2026-04-12 06:41:45,"Video, Related searches, AI overview",commercial,Organic
medical marijuanas nsw online,17,0,590,39,0,https://www.candormedical.com/,1,0,0,0,483000,"76, 36, 45, 55, 67, 67, 67, 55, 36, 36, 30, 24",2026-04-24 21:44:16,"Video, People also ask, Related searches, Ads middle, AI overview",informational,Organic
candor medical phone number,10,10,50,17,1.65,http://www.candormedical.com/,1,0,1,0.2,2800000,"18, 18, 27, 63, 100, 100, 63, 63, 18, 18, 18, 18",2026-04-28 05:49:08,"Knowledge panel, Video, People also ask, Related searches",navigational,Knowledge panel
medical marijuana prescription online,10,0,50,,0,https://www.candormedical.com/,1,0,0,0,207,"7, 7, 14, 7, 14, 14, 100, 100, 64, 35, 50, 14",2026-04-14 07:34:57,"Video, People also ask, Related searches",commercial,Organic
candor sign in,4,4,140,17,0.51,https://www.candormedical.com/contact,1,0,0,0.08,100,"34, 53, 34, 53, 43, 53, 65, 43, 43, 28, 12, 12",2026-03-26 11:33:05,"Sitelinks, Related searches","navigational, transactional",Organic
candor sign in,5,5,140,17,0.51,https://www.candormedical.com/treatments/alternative-therapy,1,0,0,0.08,100,"34, 53, 34, 53, 43, 53, 65, 43, 43, 28, 12, 12",2026-03-26 11:33:05,"Sitelinks, Related searches","navigational, transactional",Organic
candor sign in,7,7,140,17,0.51,https://www.candormedical.com/faq,1,0,0,0.08,100,"34, 53, 34, 53, 43, 53, 65, 43, 43, 28, 12, 12",2026-03-26 11:33:05,"Sitelinks, Related searches","navigational, transactional",Organic
canna telehealth,8,8,70,4,5.62,https://www.candormedical.com/,1,0,5,0.41,0,"36, 27, 100, 100, 100, 27, 63, 27, 81, 63, 63, 100",2026-03-09 18:52:00,"Video, Related searches",navigational,Organic
medical cannabis australia online,10,10,390,48,0,https://www.candormedical.com/,1,0,0,0,23600000,"81, 54, 66, 54, 54, 44, 66, 81, 66, 81, 100, 66",2026-03-20 22:55:48,"Related searches, Discussions and forums, AI overview",informational,Organic
candor app,5,5,110,28,0.61,https://www.candormedical.com/pricing-guide,1,0,0,0.21,142,"42, 52, 52, 66, 66, 66, 80, 66, 52, 33, 19, 33",2026-03-29 14:31:36,"Sitelinks, Related searches","navigational, transactional",Organic
medical weed,30,16,1600,71,0,https://www.candormedical.com/,1,0,0,0,79600000,"55, 44, 34, 34, 82, 65, 44, 44, 34, 100, 34, 34",2026-04-16 19:31:38,"Video, Related searches, Discussions and forums, Ads middle, AI overview",informational,Organic
marijuana clinics,6,6,50,46,0,https://www.candormedical.com/,1,0,0,0,137,"2, 0, 0, 29, 29, 29, 29, 2, 0, 0, 0, 0",2026-03-11 19:54:27,"Video, Image, Related searches, AI overview",informational,Organic
cda clinic,3,14,90,29,4.48,https://www.candormedical.com/,1,0,4,0.22,5800000,"7, 5, 5, 5, 4, 3, 3, 2, 2, 2, 2, 1",2026-04-06 17:19:57,"Knowledge panel, Sitelinks, Video, Related searches",navigational,Organic
candor candor,1,0,70,49,0,https://www.candormedical.com/,1,0,0,0,11700000,"0, 0, 0, 0, 0, 0, 0, 100, 66, 4, 0, 2",2026-04-11 23:27:22,"Instant answer, Sitelinks, Video, Image, Related searches, AI overview",informational,Organic
candor promo code,9,7,50,7,4.45,https://www.candormedical.com/faq,1,0,4,0.18,53500,"33, 23, 42, 33, 33, 33, 19, 19, 9, 14, 9, 14",2026-04-18 10:43:33,"Sitelinks, Video, Related searches",transactional,Organic
online medical marijuanas doctor near me,6,6,50,55,0,https://www.candormedical.com/,1,0,0,0,0,"77, 44, 77, 44, 77, 11, 55, 77, 55, 55, 77, 77",2026-03-08 04:54:36,"Local pack, Video, Related searches","informational, transactional",Organic
online medical cannabis,8,0,50,47,0,https://www.candormedical.com/,1,0,0,0,113000000,"33, 44, 44, 11, 33, 33, 55, 100, 77, 100, 100, 100",2026-04-15 03:53:00,"Video, Related searches, Discussions and forums",commercial,Organic
candor medical australia,1,0,110,28,2.97,https://www.candormedical.com/faq,1,0,2,0.68,552000,"34, 34, 53, 100, 43, 34, 34, 28, 15, 15, 15, 15",2026-04-27 12:02:26,"Sitelinks, Video, People also ask, Related searches",navigational,People also ask
camdor,4,4,40,35,2.42,https://www.candormedical.com/terms-and-conditions,1,0,2,0.25,0,"7, 100, 3, 3, 3, 0, 53, 3, 7, 3, 3, 0",2026-03-14 09:34:21,"Video, Video Carousel, Related searches, See results about","informational, transactional",Organic
candor medical login,2,2,70,20,0.62,https://www.candormedical.com/,1,0,0,0.09,3640000,"41, 52, 41, 41, 41, 41, 64, 17, 11, 100, 52, 41",2026-04-26 16:53:28,"Sitelinks, Video, People also ask, Related searches","navigational, transactional",Organic
doctors weed,4,6,40,42,7.08,https://www.candormedical.com/,1,0,7,0.14,130,"18, 18, 18, 18, 18, 18, 100, 18, 18, 100, 18, 18",2026-04-19 11:50:06,"Video, Video Carousel, People also ask, Related searches, AI overview",informational,Organic
medicinal cannabis telehealth,6,9,50,36,0,https://www.candormedical.com/,1,0,0,0.33,150,"100, 36, 18, 18, 100, 18, 36, 27, 100, 18, 100, 27",2026-04-01 09:16:40,"Video, Related searches, AI overview",informational,Organic
medical marijuanas qld online,12,12,210,41,0,https://www.candormedical.com/,1,0,0,0,187000,"67, 16, 13, 8, 3, 6, 13, 16, 13, 13, 16, 6",2026-03-29 10:18:49,"Video, Related searches, AI overview",informational,Organic
online medical marijuana,6,0,50,47,0,https://www.candormedical.com/,1,0,0,0,66800000,"33, 33, 33, 33, 33, 22, 55, 55, 100, 100, 100, 100",2026-04-14 12:41:11,"Video, Related searches, AI overview",commercial,Organic
buy marijuana online australia,20,20,110,28,0,https://www.candormedical.com/,0,0,0,0,0,"23, 23, 23, 23, 23, 23, 80, 66, 52, 66, 100, 66",2026-03-11 22:19:18,"Related searches, AI overview",informational,Organic
medical weed qld,14,14,210,54,51.89,https://www.candormedical.com/,0,0,0,0.84,481000,"100, 81, 81, 65, 65, 43, 53, 81, 81, 43, 28, 34",2026-03-07 16:32:06,"Sitelinks, Video, Image, Ads top, Related searches, Discussions and forums, Ads middle, AI overview",informational,Organic
medical weed qld,40,14,210,54,51.89,https://www.candormedical.com/,0,0,0,0.84,481000,"100, 81, 81, 65, 65, 43, 53, 81, 81, 43, 28, 34",2026-03-07 16:32:06,"Sitelinks, Video, Image, Ads top, Related searches, Discussions and forums, Ads middle, AI overview",informational,Organic
health pot,73,37,90,19,0.55,https://www.candormedical.com/,0,0,0,1,1030000000,"52, 33, 33, 33, 33, 52, 52, 66, 42, 52, 42, 66",2026-04-02 03:04:39,"Image pack, Sitelinks, Video, Image, Video Carousel, Related searches",informational,Organic
online weight loss prescription australia,42,42,260,7,11.27,https://www.candormedical.com/,0,0,0,0.99,28700000,"43, 54, 54, 8, 22, 6, 35, 81, 66, 81, 100, 81",2026-03-09 12:10:27,"Video, Related searches, Discussions and forums, AI overview",informational,Organic
online contraception,79,79,50,9,2.72,https://www.candormedical.com/treatments/contraceptive-pill,0,0,0,0.88,133,"42, 0, 100, 57, 71, 71, 100, 71, 100, 100, 100, 57",2026-03-17 02:48:45,"Sitelinks, Video, Image, Related searches","commercial, informational",Organic
medical cannabis oil,43,41,140,40,0,https://www.candormedical.com/,0,0,0,0,417000000,"35, 35, 35, 35, 35, 35, 35, 28, 35, 35, 35, 35",2026-04-02 03:46:01,"Local pack, Sitelinks, Video, People also ask, Related searches, Discussions and forums, AI overview",informational,Organic
get the pill online,74,0,50,4,0,https://www.candormedical.com/treatments/contraceptive-pill,0,0,0,0,129,"50, 35, 35, 35, 21, 35, 50, 35, 28, 28, 35, 21",2026-04-03 23:12:33,"Sitelinks, Video, Related searches",transactional,Organic
dr.cbd,63,0,40,27,6.29,https://www.candormedical.com/,0,0,0,0.44,91400000,"63, 63, 0, 0, 0, 0, 0, 0, 100, 63, 63, 63",2026-04-15 16:23:48,"Video, Video Carousel","informational, transactional",Organic
dr.cbd,90,0,40,27,6.29,https://www.candormedical.com/,0,0,0,0.44,91400000,"63, 63, 0, 0, 0, 0, 0, 0, 100, 63, 63, 63",2026-04-15 16:23:48,"Video, Video Carousel","informational, transactional",Organic
medical marijuana consultation,4,0,50,49,0,https://www.candormedical.com/,0,0,0,0,11100000,"27, 18, 18, 18, 18, 36, 45, 63, 100, 81, 63, 81",2026-04-14 22:12:40,"Knowledge panel, Video, People also ask, Related searches",informational,People also ask
medical marijuana consultation,10,0,50,49,0,https://www.candormedical.com/,0,0,0,0,11100000,"27, 18, 18, 18, 18, 36, 45, 63, 100, 81, 63, 81",2026-04-14 22:12:40,"Knowledge panel, Video, People also ask, Related searches",informational,Organic
medical marijuana consultation,14,0,50,49,0,https://www.candormedical.com/,0,0,0,0,11100000,"27, 18, 18, 18, 18, 36, 45, 63, 100, 81, 63, 81",2026-04-14 22:12:40,"Knowledge panel, Video, People also ask, Related searches",informational,Organic
how do you skip a period on birth control pills,42,0,110,49,0,https://www.candormedical.com/education/how-to-skip-your-period,0,0,0,0.01,137,"11, 5, 11, 5, 82, 82, 64, 82, 100, 82, 64, 100",2026-04-24 09:23:40,"Sitelinks, Video, People also ask, Related searches, Discussions and forums, AI overview",informational,Organic
how to skip a period on the pill,68,0,110,41,0,https://www.candormedical.com/education/how-to-skip-your-period,0,0,0,0.01,162000000,"15, 28, 21, 28, 43, 43, 43, 43, 34, 28, 34, 53",2026-04-26 01:48:16,"Sitelinks, Video, Image, People also ask, Related searches, Discussions and forums, AI overview",informational,Organic
cda clinics,12,0,590,27,4.6,https://www.candormedical.com/,0,0,0,0.41,94,"22, 20, 22, 29, 20, 16, 10, 10, 5, 4, 3, 2",2026-04-07 20:57:49,"Knowledge panel, Sitelinks, Video, Related searches",navigational,Organic
medical cannabis aus,61,0,50,57,0,https://www.candormedical.com/,0,0,0,0,43700000,"5, 1, 0, 1, 1, 8, 18, 15, 18, 18, 15, 15",2026-04-14 21:35:07,"Local pack, Video, Related searches, Discussions and forums, AI overview",informational,Organic
how much does the combined pill cost,11,11,70,15,1.04,https://www.candormedical.com/treatments/contraceptive-pill,0,0,0,0.04,0,"29, 29, 64, 5, 11, 64, 64, 52, 52, 64, 100, 23",2026-03-08 01:52:28,"Sitelinks, Image, Related searches, AI overview",informational,Organic
marijuana prescription victoria,64,0,50,33,0,https://www.candormedical.com/,0,0,0,0,1180000,"0, 0, 2, 6, 9, 6, 9, 6, 5, 9, 9, 6",2026-04-29 12:49:56,"Video, Image, People also ask, Related searches, Discussions and forums, AI overview",informational,Organic
medicinal marijuanas melbourne,86,86,90,40,0,https://www.candormedical.com/,0,0,0,0,0,"11, 6, 15, 1, 3, 5, 28, 28, 28, 15, 15, 35",2026-03-16 19:57:37,"Local pack, Video, Related searches",commercial,Organic
cbd prescription,50,0,90,60,16.02,https://www.candormedical.com/,0,0,0,0.81,169000000,"64, 41, 41, 41, 64, 52, 52, 41, 41, 41, 41, 41",2026-04-24 06:52:54,"Video, People also ask, Related searches, Discussions and forums, AI overview","commercial, informational",Organic
dispensary brisbane,28,28,170,44,72.49,https://www.candormedical.com/,0,0,0,0.53,321000,"100, 80, 80, 80, 100, 66, 80, 66, 66, 80, 80, 66",2026-03-30 14:04:53,"Local pack, Sitelinks, Video, Image, Related searches",commercial,Organic
dispensary brisbane,30,28,170,44,72.49,https://www.candormedical.com/,0,0,0,0.53,321000,"100, 80, 80, 80, 100, 66, 80, 66, 66, 80, 80, 66",2026-03-30 14:04:53,"Local pack, Sitelinks, Video, Image, Related searches",commercial,Organic
candors,12,0,70,60,2.42,https://app.candormedical.com/,0,0,0,0.25,15400000,"0, 0, 0, 0, 0, 0, 0, 0, 0, 100, 0, 0",2026-04-01 04:40:52,"Instant answer, Image pack, Video, Image, Video Carousel, People also ask, Related searches",informational,Organic
alternative therapy medicine,48,0,390,81,66.82,https://www.candormedical.com/,0,0,0,0.41,858000000,"66, 54, 36, 19, 81, 81, 19, 81, 23, 19, 66, 54",2026-03-31 23:20:57,"Local pack, Sitelinks, Image, Related searches, AI overview",informational,Organic
medicinal cannabinoids qld,13,13,170,51,0,https://www.candormedical.com/,0,0,0,0,0,"65, 65, 53, 81, 81, 43, 34, 53, 65, 53, 53, 43",2026-03-09 19:08:47,"Local pack, Video, Related searches, Discussions and forums, AI overview",informational,Organic
online cannabis prescription,89,89,210,47,0,https://www.candormedical.com/,0,0,0,0,0,"65, 81, 53, 65, 65, 53, 65, 34, 53, 43, 65, 100",2026-03-07 21:04:40,"Video, Related searches, AI overview",commercial,Organic
candor medical review,14,14,70,28,3.26,https://www.candormedical.com/treatments/weight-loss,0,0,0,0.32,0,"3, 12, 6, 6, 34, 15, 43, 65, 12, 12, 12, 6",2026-03-14 09:40:15,"Knowledge panel, Related searches","commercial, informational",Organic
candor medical review,16,16,70,28,3.26,https://www.candormedical.com/treatments/hair-loss,0,0,0,0.32,0,"3, 12, 6, 6, 34, 15, 43, 65, 12, 12, 12, 6",2026-03-14 09:40:15,"Knowledge panel, Related searches","commercial, informational",Organic
candor medical review,17,17,70,28,3.26,https://www.candormedical.com/treatments/erectile-dysfunction,0,0,0,0.32,0,"3, 12, 6, 6, 34, 15, 43, 65, 12, 12, 12, 6",2026-03-14 09:40:15,"Knowledge panel, Related searches","commercial, informational",Organic
candor medical review,43,43,70,28,3.26,https://www.candormedical.com/treatments/anti-ageing,0,0,0,0.32,0,"3, 12, 6, 6, 34, 15, 43, 65, 12, 12, 12, 6",2026-03-14 09:40:15,"Knowledge panel, Related searches","commercial, informational",Organic
candor medical review,47,47,70,28,3.26,https://www.candormedical.com/treatments/cold-sores,0,0,0,0.32,0,"3, 12, 6, 6, 34, 15, 43, 65, 12, 12, 12, 6",2026-03-14 09:40:15,"Knowledge panel, Related searches","commercial, informational",Organic
candor medical review,51,47,70,28,3.26,https://www.candormedical.com/treatments/cold-sores,0,0,0,0.32,0,"3, 12, 6, 6, 34, 15, 43, 65, 12, 12, 12, 6",2026-03-14 09:40:15,"Knowledge panel, Related searches","commercial, informational",Organic
candor medical review,64,64,70,28,3.26,https://www.candormedical.com/treatments/acne,0,0,0,0.32,0,"3, 12, 6, 6, 34, 15, 43, 65, 12, 12, 12, 6",2026-03-14 09:40:15,"Knowledge panel, Related searches","commercial, informational",Organic
candor medical review,68,68,70,28,3.26,https://www.candormedical.com/terms-and-conditions,0,0,0,0.32,0,"3, 12, 6, 6, 34, 15, 43, 65, 12, 12, 12, 6",2026-03-14 09:40:15,"Knowledge panel, Related searches","commercial, informational",Organic
candle app,37,0,110,37,0.06,https://app.candormedical.com/,0,0,0,0.01,583000000,"9, 9, 52, 52, 9, 52, 52, 100, 66, 80, 66, 80",2026-04-10 16:03:37,"Image pack, Sitelinks, Video, Related searches",informational,Organic
medical cannabidiol,38,0,110,62,12.64,https://www.candormedical.com/,0,0,0,0.2,6360000,"43, 14, 22, 18, 29, 14, 14, 18, 22, 22, 10, 18",2026-04-01 16:45:12,"Local pack, Sitelinks, Video, People also ask, Related searches, AI overview",informational,Organic
candle application,52,0,110,30,0.06,https://www.candormedical.com/,0,0,0,0.01,602000000,"11, 11, 64, 64, 11, 64, 64, 100, 100, 100, 64, 100",2026-04-01 11:17:15,"Sitelinks, Video, Video Carousel, People also ask, Related searches",informational,Organic
candle application,88,0,110,30,0.06,https://www.candormedical.com/,0,0,0,0.01,602000000,"11, 11, 64, 64, 11, 64, 64, 100, 100, 100, 64, 100",2026-04-01 11:17:15,"Sitelinks, Video, Video Carousel, People also ask, Related searches",informational,Organic
weed online australia,16,0,70,49,0,https://www.candormedical.com/,0,0,0,0,16700000,"21, 7, 28, 14, 21, 21, 50, 64, 64, 100, 100, 78",2026-04-15 11:43:53,"Video, Related searches, Discussions and forums",commercial,Organic
weed online australia,28,0,70,49,0,https://www.candormedical.com/,0,0,0,0,16700000,"21, 7, 28, 14, 21, 21, 50, 64, 64, 100, 100, 78",2026-04-15 11:43:53,"Video, Related searches, Discussions and forums",commercial,Organic
cbd gummies brisbane,1,1,50,17,0,https://www.candormedical.com/,0,0,0,0,86700,"81, 63, 45, 45, 45, 63, 63, 18, 9, 18, 18, 18",2026-03-13 07:54:38,"Local pack, Sitelinks, Video, Related searches, AI overview",informational,AI overview
doctors who can prescribe cbd oil gold coast,40,0,70,6,0,https://www.candormedical.com/,0,0,0,0,75300,"77, 55, 55, 77, 100, 55, 77, 77, 77, 100, 55, 55",2026-04-30 01:38:09,"Local pack, Video, People also ask, Related searches, Discussions and forums",commercial,Organic
medical marijuanas clinic near me,29,0,40,31,88.29,https://www.candormedical.com/,0,0,0,0.05,80500000,"0, 0, 0, 0, 0, 0, 63, 81, 63, 100, 63, 81",2026-04-15 16:54:40,"Local pack, Video, Related searches","informational, transactional",Organic
medicinal cannabis consultant,53,47,110,14,0,https://www.candormedical.com/,0,0,0,0,131,"100, 100, 100, 100, 100, 100, 7, 78, 100, 100, 7, 28",2026-04-26 00:01:57,"Knowledge panel, Video, Related searches, Discussions and forums",informational,Organic
edibles australia legal online,80,0,170,,1.95,https://www.candormedical.com/,0,0,0,0.45,765000,"42, 42, 80, 53, 100, 65, 80, 80, 80, 80, 65, 80",2026-04-01 09:02:24,"Sitelinks, Video, Related searches, Discussions and forums, AI overview",informational,Organic
south australia medical cannabis,44,44,210,49,31.22,https://www.candormedical.com/,0,0,0,0.61,14400000,"53, 53, 43, 66, 100, 66, 66, 43, 35, 43, 53, 53",2026-03-30 08:13:58,"Video, Video Carousel, People also ask, Related searches, Discussions and forums, AI overview",informational,Organic
south australia medical cannabis,54,44,210,49,31.22,https://www.candormedical.com/,0,0,0,0.61,14400000,"53, 53, 43, 66, 100, 66, 66, 43, 35, 43, 53, 53",2026-03-30 08:13:58,"Video, Video Carousel, People also ask, Related searches, Discussions and forums, AI overview",informational,Organic
dubbo skin clinic,66,0,70,21,0.98,https://www.candormedical.com/,0,0,0,0.07,133000,"64, 64, 64, 17, 23, 29, 41, 41, 29, 29, 29, 29",2026-04-01 07:02:05,"Local pack, Video, Image, Related searches",commercial,Organic
medical marijuana brisbane,48,48,210,46,0,https://www.candormedical.com/,0,0,0,0,145,"59, 9, 11, 11, 11, 9, 26, 26, 21, 26, 32, 26",2026-03-19 05:07:09,"Video, Related searches, Discussions and forums, AI overview",informational,Organic
varsity lakes gp,37,37,170,32,1.52,https://www.candormedical.com/,0,0,0,0.09,284000,"80, 80, 80, 65, 53, 80, 100, 65, 34, 53, 53, 53",2026-03-30 15:09:42,"Local pack, Image, Related searches",commercial,Organic
what do i do if i missed a pill,11,11,70,25,0,https://www.candormedical.com/education/what-do-i-do-if-i-miss-a-pill,0,0,0,0.01,0,"63, 63, 63, 81, 36, 63, 63, 81, 63, 63, 81, 63",2026-03-11 02:19:32,"Video, Image, Related searches, AI overview",informational,Organic
how to get prescription weed,87,0,40,63,44.78,https://www.candormedical.com/,0,0,0,0.58,135,"100, 55, 22, 77, 33, 22, 22, 22, 44, 44, 22, 33",2026-04-15 23:13:50,"Video, People also ask, Related searches, Discussions and forums, AI overview",informational,Organic
buying medical weed online,19,14,40,39,41.92,https://www.candormedical.com/,0,0,0,0.23,71100000,"81, 63, 18, 45, 81, 81, 18, 18, 18, 18, 18, 18",2026-04-19 20:31:22,"Video, Related searches, Discussions and forums",informational,Organic
buying medical weed online,30,14,40,39,41.92,https://www.candormedical.com/,0,0,0,0.23,71100000,"81, 63, 18, 45, 81, 81, 18, 18, 18, 18, 18, 18",2026-04-19 20:31:22,"Video, Related searches, Discussions and forums",informational,Organic
edibles sydney,45,45,140,,0,https://www.candormedical.com/,0,0,0,0,103,"29, 19, 23, 23, 23, 19, 19, 6, 12, 15, 15, 15",2026-03-06 23:42:19,"Knowledge panel, Related searches",commercial,Organic
edibles sydney,54,45,140,,0,https://www.candormedical.com/,0,0,0,0,103,"29, 19, 23, 23, 23, 19, 19, 6, 12, 15, 15, 15",2026-03-06 23:42:19,"Knowledge panel, Related searches",commercial,Organic
cannabis website,100,0,50,57,0,https://www.candormedical.com/,0,0,0,0,107000000,"0, 0, 2, 2, 0, 2, 2, 2, 29, 29, 29, 29",2026-04-26 18:36:53,"Video, People also ask, Related searches, AI overview",informational,Organic
medicine alternative,91,0,40,,66.82,https://www.candormedical.com/,0,0,0,0.41,1190000000,"21, 0, 0, 0, 0, 0, 0, 0, 0, 0, 100, 0",2026-04-15 08:11:28,"Video, Image, Video Carousel, Related searches, AI overview",informational,Organic
candor review,3,3,140,28,3.88,https://www.candormedical.com/faq,0,0,0,0.34,7380000,"42, 42, 42, 52, 100, 100, 100, 100, 52, 33, 33, 23",2026-03-13 20:15:05,"Sitelinks, Video, Related searches, Discussions and forums, AI overview",commercial,AI overview
candor review,7,7,140,28,3.88,https://www.candormedical.com/treatments/weight-loss,0,0,0,0.34,7380000,"42, 42, 42, 52, 100, 100, 100, 100, 52, 33, 33, 23",2026-03-13 20:15:05,"Sitelinks, Video, Related searches, Discussions and forums, AI overview",commercial,Organic
candor review,11,11,140,28,3.88,https://www.candormedical.com/treatments/contraceptive-pill,0,0,0,0.34,7380000,"42, 42, 42, 52, 100, 100, 100, 100, 52, 33, 33, 23",2026-03-13 20:15:05,"Sitelinks, Video, Related searches, Discussions and forums, AI overview",commercial,Organic
birth control prices,67,96,70,19,1.09,https://www.candormedical.com/treatments/contraceptive-pill,0,0,0,0.05,215000000,"45, 63, 45, 63, 63, 63, 81, 81, 81, 45, 81, 45",2026-04-27 11:59:42,"Sitelinks, Video, Image, People also ask, Related searches, AI overview",informational,Organic
online telehealth doctors,65,65,40,56,5.09,https://www.candormedical.com/,0,0,0,0.87,148,"18, 18, 18, 18, 18, 18, 36, 100, 36, 100, 36, 36",2026-03-09 22:10:31,"Video, Related searches, AI overview",informational,Organic
medicinal cannabis prescription,42,0,390,52,0,https://www.candormedical.com/,0,0,0,0,153,"29, 36, 100, 54, 54, 44, 44, 44, 29, 19, 54, 54",2026-04-01 05:05:56,"Local pack, Video, Related searches, Discussions and forums, AI overview",informational,Organic
alternative medicine australia,10,7,110,49,44.75,https://www.candormedical.com/,0,0,0,0.79,403000000,"29, 64, 41, 52, 41, 52, 64, 82, 64, 64, 100, 64",2026-04-09 00:13:57,"Video, Image, Video Carousel, Related searches, AI overview",informational,Organic
alternative medicine australia,24,7,110,49,44.75,https://www.candormedical.com/,0,0,0,0.79,403000000,"29, 64, 41, 52, 41, 52, 64, 82, 64, 64, 100, 64",2026-04-09 00:13:57,"Video, Image, Video Carousel, Related searches, AI overview",informational,Organic
cannabis doctor tasmania,61,61,70,34,0,https://www.candormedical.com/,0,0,0,0,391000,"100, 52, 82, 64, 17, 11, 23, 17, 23, 23, 29, 17",2026-03-21 04:01:06,"Knowledge panel, Sitelinks, Video, Image, Related searches",navigational,Organic
authorised prescriber adelaide,40,53,50,25,65.96,https://www.candormedical.com/,0,0,0,0.56,67,"5, 3, 3, 3, 3, 3, 4, 4, 3, 2, 3, 2",2026-04-07 19:11:44,"Video, Related searches, AI overview",informational,Organic
mode health,39,0,70,28,3.85,https://www.candormedical.com/,0,0,0,0.08,90,"41, 41, 41, 41, 29, 52, 41, 41, 41, 29, 52, 52",2026-04-19 05:56:34,"Knowledge panel, Sitelinks, Video, People also ask, Related searches",navigational,Organic
why am i waking up so tired,83,83,70,49,0.34,https://www.candormedical.com/education/why-am-i-waking-up-so-tired,0,0,0,0.15,150000000,"64, 41, 41, 23, 29, 29, 23, 41, 29, 41, 52, 52",2026-03-30 00:20:23,"Sitelinks, Video, Related searches, AI overview",informational,Organic
candor contact number,1,0,50,12,1.71,https://www.candormedical.com/contact,0,0,0,0.23,3090000,"11, 11, 11, 11, 100, 64, 41, 52, 11, 11, 11, 11",2026-04-28 04:59:57,"Ads bottom, People also ask, Related searches",informational,People also ask
candor contact number,1,1,50,12,1.71,https://www.candormedical.com/faq,0,0,0,0.23,3090000,"11, 11, 11, 11, 100, 64, 41, 52, 11, 11, 11, 11",2026-04-28 04:59:57,"Ads bottom, People also ask, Related searches",informational,People also ask
candor contact number,1,1,50,12,1.71,https://www.candormedical.com/,0,0,0,0.23,3090000,"11, 11, 11, 11, 100, 64, 41, 52, 11, 11, 11, 11",2026-04-28 04:59:57,"Ads bottom, People also ask, Related searches",informational,People also ask
candor contact number,2,2,50,12,1.71,https://www.candormedical.com/,0,0,0,0.23,3090000,"11, 11, 11, 11, 100, 64, 41, 52, 11, 11, 11, 11",2026-04-28 04:59:57,"Ads bottom, People also ask, Related searches",informational,Organic
candor contact number,3,3,50,12,1.71,https://www.candormedical.com/faq,0,0,0,0.23,3090000,"11, 11, 11, 11, 100, 64, 41, 52, 11, 11, 11, 11",2026-04-28 04:59:57,"Ads bottom, People also ask, Related searches",informational,Organic
candor contact number,5,0,50,12,1.71,https://www.candormedical.com/terms-and-conditions,0,0,0,0.23,3090000,"11, 11, 11, 11, 100, 64, 41, 52, 11, 11, 11, 11",2026-04-28 04:59:57,"Ads bottom, People also ask, Related searches",informational,Organic
candor contact number,9,4,50,12,1.71,https://www.candormedical.com/privacy-policy,0,0,0,0.23,3090000,"11, 11, 11, 11, 100, 64, 41, 52, 11, 11, 11, 11",2026-04-28 04:59:57,"Ads bottom, People also ask, Related searches",informational,Organic
candor contact number,18,0,50,12,1.71,https://app.candormedical.com/,0,0,0,0.23,3090000,"11, 11, 11, 11, 100, 64, 41, 52, 11, 11, 11, 11",2026-04-28 04:59:57,"Ads bottom, People also ask, Related searches",informational,Organic
candor contact number,36,10,50,12,1.71,https://www.candormedical.com/treatments/alternative-therapy,0,0,0,0.23,3090000,"11, 11, 11, 11, 100, 64, 41, 52, 11, 11, 11, 11",2026-04-28 04:59:57,"Ads bottom, People also ask, Related searches",informational,Organic
candor catalogue,4,4,50,18,2.69,https://www.candormedical.com/,0,0,0,0.52,319000,"29, 29, 100, 82, 29, 41, 17, 23, 11, 17, 11, 11",2026-03-24 18:54:03,"Image pack, Sitelinks, People also ask, Related searches","informational, transactional",People also ask
candor catalogue,4,4,50,18,2.69,https://www.candormedical.com/pricing-guide,0,0,0,0.52,319000,"29, 29, 100, 82, 29, 41, 17, 23, 11, 17, 11, 11",2026-03-24 18:54:03,"Image pack, Sitelinks, People also ask, Related searches","informational, transactional",People also ask
candor catalogue,4,4,50,18,2.69,https://www.candormedical.com/faq,0,0,0,0.52,319000,"29, 29, 100, 82, 29, 41, 17, 23, 11, 17, 11, 11",2026-03-24 18:54:03,"Image pack, Sitelinks, People also ask, Related searches","informational, transactional",People also ask
candor catalogue,6,6,50,18,2.69,https://www.candormedical.com/faq,0,0,0,0.52,319000,"29, 29, 100, 82, 29, 41, 17, 23, 11, 17, 11, 11",2026-03-24 18:54:03,"Image pack, Sitelinks, People also ask, Related searches","informational, transactional",Organic
candor catalogue,11,11,50,18,2.69,https://app.candormedical.com/alternative-therapy-form,0,0,0,0.52,319000,"29, 29, 100, 82, 29, 41, 17, 23, 11, 17, 11, 11",2026-03-24 18:54:03,"Image pack, Sitelinks, People also ask, Related searches","informational, transactional",Organic
how to get medical marijuanas card qld,31,25,720,45,47.77,https://www.candormedical.com/,0,0,0,0.81,121000,"66, 36, 54, 54, 41, 41, 7, 30, 5, 4, 20, 24",2026-04-08 05:12:42,"Video, People also ask, Related searches, Discussions and forums, AI overview",informational,Organic
how to get medical marijuanas nsw online,26,0,40,21,51.74,https://www.candormedical.com/,0,0,0,0.84,110,"0, 28, 28, 42, 100, 57, 100, 71, 71",2026-04-15 23:11:59,"Sitelinks, Video, People also ask, Related searches, Discussions and forums, Ads middle, AI overview",informational,Organic
anti aging clinic melbourne,95,95,90,41,0,https://www.candormedical.com/,0,0,0,0,0,"29, 23, 29, 17, 23, 23, 82, 82, 100, 100, 82, 82",2026-03-09 22:45:48,"Knowledge panel, Image, Related searches",informational,Organic
how to skip your period,29,18,50,49,1.22,https://www.candormedical.com/education/how-to-skip-your-period,0,0,0,0.1,1550000000,"14, 14, 14, 78, 78, 21, 78, 14, 14, 14, 35, 50",2026-04-23 00:51:17,"Video, Image, Video Carousel, People also ask, Related searches, Discussions and forums, AI overview",informational,Organic
alternative health medicine,24,0,480,73,66.82,https://www.candormedical.com/,0,0,0,0.41,143,"67, 19, 36, 81, 67, 67, 15, 67, 100, 100, 54, 44",2026-04-01 17:49:11,"Local pack, Sitelinks, Video, Video Carousel, Related searches, AI overview",informational,Organic
medical vapes australia,52,29,110,43,0,https://www.candormedical.com/,0,0,0,0,2690000,"82, 64, 100, 82, 29, 23, 41, 41, 100, 82, 82, 100",2026-04-02 01:08:09,"Video, Image, Related searches, AI overview",informational,Organic
kensington medical centre,46,0,320,22,1.21,https://www.candormedical.com/,0,0,0,0.12,119,"29, 29, 44, 36, 44, 36, 36, 44, 36, 44, 29, 29",2026-04-01 00:51:32,"Local pack, Related searches",commercial,Organic
kensington medical centre,59,0,320,22,1.21,https://www.candormedical.com/,0,0,0,0.12,119,"29, 29, 44, 36, 44, 36, 36, 44, 36, 44, 29, 29",2026-04-01 00:51:32,"Local pack, Related searches",commercial,Organic
nurse next door australia,45,45,110,16,2.06,https://www.candormedical.com/,0,0,0,0.35,0,"42, 34, 26, 26, 26, 42, 53, 65, 65, 53, 53, 53",2026-03-06 20:12:50,"Knowledge panel, Video, Related searches",navigational,Organic
medical cannabis providers,16,0,90,51,0,https://www.candormedical.com/,0,0,0,0.33,139,"100, 18, 18, 100, 100, 100, 100, 63, 63, 81, 81, 63",2026-04-24 15:03:13,"Local pack, Video, People also ask, Related searches, Discussions and forums",commercial,Organic
medical cannabis providers,39,0,90,51,0,https://www.candormedical.com/,0,0,0,0.33,139,"100, 18, 18, 100, 100, 100, 100, 63, 63, 81, 81, 63",2026-04-24 15:03:13,"Local pack, Video, People also ask, Related searches, Discussions and forums",commercial,Organic
medical cannabis providers,40,0,90,51,0,https://www.candormedical.com/,0,0,0,0.33,139,"100, 18, 18, 100, 100, 100, 100, 63, 63, 81, 81, 63",2026-04-24 15:03:13,"Local pack, Video, People also ask, Related searches, Discussions and forums",commercial,Organic
kind medical,89,0,50,17,0,https://www.candormedical.com/,0,0,0,0,2450000000,"0, 0, 0, 2, 2, 2, 4, 6, 29, 35, 35, 35",2026-04-14 04:18:23,"Knowledge panel, Sitelinks, Video, Image, People also ask, Related searches",navigational,Organic
weed online,47,16,140,39,0,https://www.candormedical.com/,0,0,0,0,180,"29, 29, 29, 29, 29, 22, 29, 22, 29, 29, 29, 29",2026-04-18 09:08:26,"Video, Image",commercial,Organic
weed online,52,16,140,39,0,https://www.candormedical.com/,0,0,0,0,180,"29, 29, 29, 29, 29, 22, 29, 22, 29, 29, 29, 29",2026-04-18 09:08:26,"Video, Image",commercial,Organic
marajuana prescription online,7,0,50,47,0,https://www.candormedical.com/,0,0,0,0,33500000,100,2026-04-29 12:46:22,"Video, People also ask, Related searches, Discussions and forums, AI overview",informational,Organic
kensington medical clinic,33,0,90,13,0,https://www.candormedical.com/,0,0,0,0.04,388000,"28, 23, 18, 11, 11, 11, 15, 11, 8, 8, 11, 6",2026-04-01 22:58:57,"Video, Related searches",informational,Organic
jetlag social,41,0,50,45,0,https://www.candormedical.com/education/social-jet-lag,0,0,0,0.33,12000000,"18, 18, 18, 100, 18, 18, 18, 100, 100, 100, 18, 18",2026-04-14 02:57:26,"Video, Video Carousel, People also ask, Related searches, AI overview",informational,Organic
hair loss gold coast,52,0,90,23,0,https://www.candormedical.com/,0,0,0,0.66,73900000,"6, 53, 100, 21, 15, 6, 15, 15, 15, 21, 21, 21",2026-04-07 23:45:11,"Local pack, Sitelinks, Video, Image, Related searches, Discussions and forums",commercial,Organic
cbd medical clinic,63,63,210,48,1.49,https://www.candormedical.com/,0,0,0,0.28,180000000,"66, 35, 43, 43, 82, 28, 43, 35, 66, 53, 53, 43",2026-03-31 01:05:57,"Local pack, Related searches",commercial,Organic
consult medical,4,4,40,69,5.06,https://www.candormedical.com/,0,0,0,0.43,567000000,"7, 7, 7, 42, 42, 7, 7, 7, 7, 7, 7, 7",2026-03-27 16:22:51,"Sitelinks, Video, Related searches",navigational,Organic
what to do if missed pill,46,30,70,45,0,https://www.candormedical.com/education/what-do-i-do-if-i-miss-a-pill,0,0,0,0.01,109,"41, 41, 41, 52, 23, 41, 41, 52, 41, 41, 41, 41",2026-04-01 09:59:17,"Video, Image, People also ask, Related searches, AI overview",informational,Organic
medical marijuanna,63,0,90,67,0,https://www.candormedical.com/,0,0,0,0,70900000,"0, 78, 21, 64, 100, 78, 78, 64, 78, 78, 78, 78",2026-04-24 04:11:37,"Top stories, Video, Video Carousel, People also ask, Related searches, Discussions and forums",informational,Organic
social jet lag,9,0,50,40,0,https://www.candormedical.com/education/social-jet-lag,0,0,0,0.33,22000000,"11, 11, 11, 64, 11, 11, 11, 64, 64, 64, 23, 11",2026-04-14 19:07:56,"Video, Video Carousel, Related searches, AI overview",informational,Organic
online pill prescription,88,88,170,13,3.6,https://www.candormedical.com/treatments/contraceptive-pill,0,0,0,0.9,82000000,"65, 34, 43, 43, 65, 43, 100, 65, 81, 34, 34, 34",2026-03-19 01:09:53,"Sitelinks, Video, Related searches, AI overview",informational,Organic
cannabis prescription online,10,3,140,39,0,https://www.candormedical.com/,0,0,0,0,207,"15, 15, 11, 26, 15, 19, 100, 100, 80, 80, 100, 100",2026-04-21 06:00:39,"Video, People also ask, Related searches",informational,Organic
anti aging clinic sydney,76,0,90,18,0,https://www.candormedical.com/,0,0,0,0,4080000,"33, 19, 33, 33, 23, 23, 52, 52, 66, 80, 100, 52",2026-03-31 18:10:50,"Local pack, Image, Related searches",commercial,Organic
doctor cbd,67,0,90,53,6.29,https://www.candormedical.com/,0,0,0,0.44,263000000,"11, 11, 11, 11, 11, 18, 15, 15, 18, 11, 11, 11",2026-04-17 13:52:22,"Local pack, Sitelinks, Video, Image, People also ask, Related searches",navigational,Organic
medicinal cannabinoids sunshine coast,57,57,50,13,0,https://www.candormedical.com/,0,0,0,0.33,262000,"77, 77, 77, 77, 77, 55, 77, 55, 55, 22, 22, 22",2026-03-06 11:52:26,"Local pack, Video, Video Carousel, Related searches, AI overview",informational,Organic
buy cbd oil online australia,57,0,50,,0,https://www.candormedical.com/,0,0,0,0,50200000,"4, 5, 2, 4, 5, 2, 4, 7, 5, 5, 7, 5",2026-04-26 16:46:24,"Sitelinks, Video, People also ask, Related searches, AI overview",informational,Organic
dr cbd,65,65,40,32,6.29,https://www.candormedical.com/,0,0,0,0.44,0,"22, 0, 77, 33, 77, 100, 55, 100, 22, 11, 11, 0",2026-03-19 04:22:00,"Video, Video Carousel, Related searches","informational, transactional",Organic
medical weed prescription,33,8,140,62,83.71,https://www.candormedical.com/,0,0,0,0.57,206,"2, 2, 8, 8, 6, 100, 43, 10, 43, 54, 43, 43",2026-04-06 20:08:48,"Video, People also ask, Related searches, Discussions and forums, AI overview",informational,Organic
alternate medicine,17,0,40,63,66.82,https://www.candormedical.com/,0,0,0,0.41,42600000,"0, 7, 1, 0, 0, 12, 7, 5, 5, 4, 4, 3",2026-04-01 20:36:21,"Local pack, Image pack, Video, Image, Related searches, AI overview",informational,Organic
thc gummies australia prescription,40,40,260,39,0,https://www.candormedical.com/,0,0,0,0,235000,"29, 29, 43, 66, 81, 43, 43, 43, 29, 100, 81, 35",2026-03-31 12:12:35,"Video, People also ask, Related searches, Discussions and forums, AI overview",informational,Organic
tasmanian cannabis doctors,53,53,70,19,0,https://www.candormedical.com/,0,0,0,0,0,"45, 63, 45, 36, 100, 18, 100, 100, 18, 100, 100, 81",2026-03-12 23:21:08,"Knowledge panel, Video, Featured snippet, Related searches",informational,Organic
contraceptive pill cost,40,0,260,32,1.01,https://www.candormedical.com/treatments/contraceptive-pill,0,0,0,0.06,86,"66, 28, 66, 53, 66, 66, 82, 100, 100, 82, 100, 35",2026-04-15 22:48:25,"Sitelinks, Video, Image, People also ask, Related searches, AI overview",informational,Organic
medical cannabis telehealth,1,1,70,33,0,https://www.candormedical.com/,0,0,0,0.33,0,"100, 27, 18, 27, 100, 18, 18, 18, 100, 45, 100, 81",2026-03-08 22:46:34,"Video, Related searches, AI overview",informational,AI overview
number candle,80,80,110,14,0.2,https://www.candormedical.com/,0,0,0,0.94,587000000,"19, 19, 65, 42, 53, 53, 80, 19, 34, 42, 7, 100",2026-03-30 14:10:35,"Image pack, Sitelinks, Video, Image, Video Carousel, Popular products, Related searches",commercial,Organic
buy gummies australia,36,48,50,43,1.57,https://www.candormedical.com/,0,0,0,1,163,"100, 71, 71, 71, 100, 28, 42, 57, 71, 100, 100, 71",2026-04-08 01:02:10,"Local pack, Sitelinks, Video, Related searches, AI overview",informational,Organic
medicinal marijuanas gold coast,30,0,50,2,0,https://www.candormedical.com/,0,0,0,0,655000,"11, 11, 3, 3, 7, 7, 34, 34, 26, 19, 26, 34",2026-04-29 15:01:23,"Video, People also ask, Related searches",informational,Organic
prescription cannabis australia,27,0,50,57,63.21,https://www.candormedical.com/,0,0,0,0.5,7740000,"54, 2, 4, 4, 5, 4, 2, 4, 2, 2, 4, 4",2026-04-21 11:48:48,"Video, Video Carousel, People also ask, Related searches, Short videos, Discussions and forums, AI overview",informational,Organic
prescription cannabis australia,44,0,50,57,63.21,https://www.candormedical.com/,0,0,0,0.5,7740000,"54, 2, 4, 4, 5, 4, 2, 4, 2, 2, 4, 4",2026-04-21 11:48:48,"Video, Video Carousel, People also ask, Related searches, Short videos, Discussions and forums, AI overview",informational,Organic
cold sore picture,85,85,90,30,0,https://www.candormedical.com/,0,0,0,0,0,"100, 100, 100, 0, 0, 0, 0, 0, 78, 100, 100, 100",2026-03-06 10:25:41,"Video, Related searches",informational,Organic
how to get medical marijuanas card qld online,1,0,260,44,55.68,https://www.candormedical.com/,0,0,0,0.81,54400,"43, 53, 100, 82, 66, 66, 66, 66, 35, 53, 53, 53",2026-04-03 06:09:44,"Video, Related searches, Discussions and forums, Ads middle, AI overview",informational,AI overview
co medical,47,0,70,19,3.05,https://www.candormedical.com/,0,0,0,0.17,2530000000,"63, 0, 100, 81, 0, 81, 63, 81, 45, 63, 63, 36",2026-04-15 06:09:20,"Video, Related searches, AI overview",informational,Organic
where can i get medical weed,11,11,90,34,27.41,https://www.candormedical.com/,0,0,0,0.28,231,"50, 78, 78, 78, 100, 64, 50, 64, 50, 50, 50, 35",2026-03-11 21:44:44,"Knowledge panel, Video, Related searches, Discussions and forums, AI overview",informational,Organic
thc online,23,26,70,46,0,https://www.candormedical.com/,0,0,0,0,152,"21, 28, 50, 28, 50, 35, 78, 100, 78, 64, 35, 14",2026-04-07 17:47:18,"Sitelinks, Video","commercial, informational",Organic
can you drive with medical marijuanas victoria,89,89,110,24,41.72,https://www.candormedical.com/,0,0,0,0.15,0,"14, 78, 78, 78, 78, 100, 100, 78, 78, 100, 100, 50",2026-03-09 20:34:07,"Sitelinks, Video, Video Carousel, Related searches, Discussions and forums, AI overview",informational,Organic
how to get medical marijuana's card qld,29,29,70,42,0,https://www.candormedical.com/,0,0,0,0,102,"100, 6, 0, 0, 0, 0, 0, 0, 0, 1",2026-03-06 09:31:42,"Sitelinks, Video, Related searches, Discussions and forums, AI overview",informational,Organic
cannabis dispensary gold coast,58,34,70,5,0,https://www.candormedical.com/,0,0,0,0,916000,"55, 44, 77, 55, 77, 77, 100, 100, 100, 100, 77, 77",2026-04-03 04:56:41,"Knowledge panel, Video, Image, Related searches, Discussions and forums, AI overview",informational,Organic
australian skin clinics macquarie,65,0,70,21,0.57,https://www.candormedical.com/,0,0,0,0.15,188000,"41, 41, 41, 52, 52, 41, 41, 52, 41, 41, 29, 41",2026-04-02 09:33:25,"Knowledge panel, Video, Related searches","informational, transactional",Organic
get the contraceptive pill online,60,0,70,4,2.87,https://www.candormedical.com/treatments/contraceptive-pill,0,0,0,0.88,195,"77, 77, 77, 77, 100, 77, 77, 100, 77, 11, 77, 77",2026-04-02 07:20:39,"Sitelinks, Video, Image, Related searches",transactional,Organic
alternaleaf australia,39,39,140,28,58.98,https://www.candormedical.com/,0,0,0,0.77,0,"80, 33, 42, 52, 66, 52, 100, 66, 52, 80, 80, 80",2026-03-07 16:07:45,"Knowledge panel, Video, Ads top, Related searches, Ads middle","navigational, transactional",Organic
weed melbourne,51,0,320,47,0,https://www.candormedical.com/,0,0,0,0,119,"29, 36, 44, 44, 36, 44, 44, 44, 44, 54, 44, 54",2026-04-01 16:02:54,"Video, Video Carousel, Related searches, AI overview",informational,Organic
can med,14,0,70,49,4.84,https://www.candormedical.com/,0,0,0,0.28,1970000000,"5, 5, 12, 10, 28, 17, 28, 35, 28, 28, 28, 5",2026-04-28 05:24:11,"Knowledge panel, Sitelinks, Video, People also ask, Related searches",navigational,Organic
what happens if you miss a contraceptive pill,69,69,70,33,0,https://www.candormedical.com/education/what-do-i-do-if-i-miss-a-pill,0,0,0,0.33,26000000,"63, 63, 63, 63, 63, 63, 63, 63, 63, 63, 63, 18",2026-03-06 23:02:58,"Video, Image, Related searches, Discussions and forums, AI overview",informational,Organic
skipping period the oill,90,0,110,34,0,https://www.candormedical.com/education/how-to-skip-your-period,0,0,0,0,156000000,"23, 100, 42",2026-04-11 12:05:49,"Video, Image, People also ask, Related searches, Discussions and forums, AI overview",informational,Organic
marijuana australia,26,0,140,60,0,https://www.candormedical.com/,0,0,0,0,45200000,"10, 10, 10, 10, 10, 10, 10, 10, 10, 10, 10, 10",2026-03-31 17:45:59,"Video, Image, Video Carousel, Related searches, AI overview",informational,Organic
marijuana australia,30,0,140,60,0,https://www.candormedical.com/,0,0,0,0,45200000,"10, 10, 10, 10, 10, 10, 10, 10, 10, 10, 10, 10",2026-03-31 17:45:59,"Video, Image, Video Carousel, Related searches, AI overview",informational,Organic
how to skip period with birth control pills,76,76,140,42,0,https://www.candormedical.com/education/how-to-skip-your-period,0,0,0,0.01,0,"53, 53, 34, 53, 53, 53, 42, 53, 65, 53, 42, 65",2026-03-19 12:09:45,"Sitelinks, Video, Image, Related searches, Discussions and forums, AI overview",informational,Organic
medicinal cannabis clinic,38,0,70,39,0,https://www.candormedical.com/,0,0,0,0,50700000,"23, 23, 23, 23, 23, 19, 33, 23, 66, 100, 66, 14",2026-04-18 09:56:04,"Local pack, Video, Related searches",commercial,Organic
medicinal cannabis clinic,68,0,70,39,0,https://www.candormedical.com/,0,0,0,0,50700000,"23, 23, 23, 23, 23, 19, 33, 23, 66, 100, 66, 14",2026-04-18 09:56:04,"Local pack, Video, Related searches",commercial,Organic
candor medical phone number,2,2,50,17,1.65,https://www.candormedical.com/,0,0,0,0.2,2800000,"18, 18, 27, 63, 100, 100, 63, 63, 18, 18, 18, 18",2026-04-28 05:49:08,"Knowledge panel, Video, People also ask, Related searches",navigational,Organic
candor medical phone number,3,3,50,17,1.65,https://www.candormedical.com/faq,0,0,0,0.2,2800000,"18, 18, 27, 63, 100, 100, 63, 63, 18, 18, 18, 18",2026-04-28 05:49:08,"Knowledge panel, Video, People also ask, Related searches",navigational,Organic
candor medical phone number,4,4,50,17,1.65,https://www.candormedical.com/terms-and-conditions,0,0,0,0.2,2800000,"18, 18, 27, 63, 100, 100, 63, 63, 18, 18, 18, 18",2026-04-28 05:49:08,"Knowledge panel, Video, People also ask, Related searches",navigational,Organic
candor medical phone number,6,9,50,17,1.65,https://www.candormedical.com/privacy-policy,0,0,0,0.2,2800000,"18, 18, 27, 63, 100, 100, 63, 63, 18, 18, 18, 18",2026-04-28 05:49:08,"Knowledge panel, Video, People also ask, Related searches",navigational,Organic
candor medical phone number,9,11,50,17,1.65,https://www.candormedical.com/treatments/alternative-therapy,0,0,0,0.2,2800000,"18, 18, 27, 63, 100, 100, 63, 63, 18, 18, 18, 18",2026-04-28 05:49:08,"Knowledge panel, Video, People also ask, Related searches",navigational,Organic
candor medical phone number,13,10,50,17,1.65,https://app.candormedical.com/,0,0,0,0.2,2800000,"18, 18, 27, 63, 100, 100, 63, 63, 18, 18, 18, 18",2026-04-28 05:49:08,"Knowledge panel, Video, People also ask, Related searches",navigational,Organic
candor medical phone number,18,0,50,17,1.65,https://www.candormedical.com/education/multi-factor-authentication-guide,0,0,0,0.2,2800000,"18, 18, 27, 63, 100, 100, 63, 63, 18, 18, 18, 18",2026-04-28 05:49:08,"Knowledge panel, Video, People also ask, Related searches",navigational,Organic
candor medical phone number,35,33,50,17,1.65,https://www.candormedical.com/how-candor-works,0,0,0,0.2,2800000,"18, 18, 27, 63, 100, 100, 63, 63, 18, 18, 18, 18",2026-04-28 05:49:08,"Knowledge panel, Video, People also ask, Related searches",navigational,Organic
candor medical phone number,45,23,50,17,1.65,https://www.candormedical.com/about,0,0,0,0.2,2800000,"18, 18, 27, 63, 100, 100, 63, 63, 18, 18, 18, 18",2026-04-28 05:49:08,"Knowledge panel, Video, People also ask, Related searches",navigational,Organic
candor medical phone number,52,37,50,17,1.65,https://www.candormedical.com/treatments/weight-loss,0,0,0,0.2,2800000,"18, 18, 27, 63, 100, 100, 63, 63, 18, 18, 18, 18",2026-04-28 05:49:08,"Knowledge panel, Video, People also ask, Related searches",navigational,Organic
candor medical phone number,57,0,50,17,1.65,https://www.candormedical.com/treatments/erectile-dysfunction,0,0,0,0.2,2800000,"18, 18, 27, 63, 100, 100, 63, 63, 18, 18, 18, 18",2026-04-28 05:49:08,"Knowledge panel, Video, People also ask, Related searches",navigational,Organic
candor medical phone number,64,21,50,17,1.65,https://app.candormedical.com/alternative-therapy-form,0,0,0,0.2,2800000,"18, 18, 27, 63, 100, 100, 63, 63, 18, 18, 18, 18",2026-04-28 05:49:08,"Knowledge panel, Video, People also ask, Related searches",navigational,Organic
medical marijuanas canberra,14,14,70,29,0,https://www.candormedical.com/,0,0,0,0,332000,"63, 63, 45, 63, 63, 9, 63, 81, 63, 63, 100, 63",2026-03-27 15:42:49,"Sitelinks, Video, Related searches, AI overview",informational,Organic
medical marijuanas canberra,36,14,70,29,0,https://www.candormedical.com/,0,0,0,0,332000,"63, 63, 45, 63, 63, 9, 63, 81, 63, 63, 100, 63",2026-03-27 15:42:49,"Sitelinks, Video, Related searches, AI overview",informational,Organic
buy medical cannabis australia,53,0,50,57,0,https://www.candormedical.com/,0,0,0,0,31700000,"0, 0, 0, 0, 0, 7, 64, 64, 64, 100, 64, 64",2026-04-26 16:40:35,"Local pack, Video, People also ask, Related searches, Discussions and forums, AI overview",informational,Organic
telehealth cairns,39,39,110,7,0,https://www.candormedical.com/,0,0,0,0,323000,"34, 26, 7, 0, 11, 26, 65, 65, 65, 80, 53, 53",2026-03-30 20:55:05,"Knowledge panel, Video, People also ask, Related searches",informational,Organic
medicinal cannabis gold coast,27,0,70,5,0,https://www.candormedical.com/,0,0,0,0,3940000,"50, 14, 28, 21, 28, 21, 64, 78, 78, 78, 64, 78",2026-04-13 12:48:25,"Knowledge panel, Video, People also ask, Related searches, AI overview",informational,Organic
buy medical marijuanas australia,28,28,170,55,0,https://www.candormedical.com/,0,0,0,0,0,"8, 5, 6, 1, 1, 16, 24, 20, 20, 20, 20, 10",2026-03-13 04:12:44,"Local pack, Sitelinks, Video, Related searches",transactional,Organic
vape shop toowoomba,34,0,70,22,0,https://www.candormedical.com/,0,0,0,0,17300,"0, 43, 0, 0, 53, 43, 3, 43, 53, 0, 0, 0",2026-04-01 16:27:06,"Knowledge panel, Sitelinks, Video, Image, Related searches",informational,Organic
alternative practitioners near me,36,45,320,48,1.56,https://www.candormedical.com/,0,0,0,0.6,98,"81, 66, 54, 81, 66, 44, 23, 54, 100, 54, 54, 44",2026-04-08 11:51:10,"Local pack, People also ask, Related searches, AI overview","informational, transactional",Organic
medical cannabis delivery,31,0,50,39,0,https://www.candormedical.com/,0,0,0,0,59900000,"9, 0, 9, 9, 9, 9, 63, 63, 63, 63, 100, 100",2026-04-29 14:58:15,"Knowledge panel, Video, People also ask, Related searches, Discussions and forums",informational,Organic
cheapest medical weed australia,67,67,70,10,0,https://www.candormedical.com/,0,0,0,0,3810000,"64, 28, 21, 35, 35, 35, 100, 78, 64, 50, 50, 35",2026-03-19 14:51:02,"Sitelinks, Video, People also ask, Related searches, Discussions and forums, AI overview",informational,Organic
chemist burleigh,46,0,260,19,0.89,https://www.candormedical.com/,0,0,0,0.27,229000,"66, 43, 54, 66, 43, 54, 54, 54, 43, 54, 54, 54",2026-04-02 00:43:21,"Local pack, Sitelinks, Video, Image, Related searches",commercial,Organic
how can i skip a period on the pill,68,15,140,39,0,https://www.candormedical.com/education/how-to-skip-your-period,0,0,0,0.01,164000000,"53, 53, 34, 53, 53, 53, 42, 53, 65, 53, 42, 65",2026-04-24 05:56:41,"Sitelinks, Video, Image, People also ask, Related searches, Discussions and forums, AI overview",informational,Organic
telehealth nsw,94,0,590,43,0,https://www.candormedical.com/,0,0,0,0,7810000,"13, 11, 11, 8, 8, 13, 30, 30, 30, 30, 24, 13",2026-04-08 12:07:57,"Video, Image, People also ask, Related searches, AI overview",informational,Organic
candor sign in,16,16,140,17,0.51,https://www.candormedical.com/terms-and-conditions,0,0,0,0.08,100,"34, 53, 34, 53, 43, 53, 65, 43, 43, 28, 12, 12",2026-03-26 11:33:05,"Sitelinks, Related searches","navigational, transactional",Organic
candor sign in,20,20,140,17,0.51,https://www.candormedical.com/treatments/contraceptive-pill,0,0,0,0.08,100,"34, 53, 34, 53, 43, 53, 65, 43, 43, 28, 12, 12",2026-03-26 11:33:05,"Sitelinks, Related searches","navigational, transactional",Organic
candor sign in,23,23,140,17,0.51,https://www.candormedical.com/how-candor-works,0,0,0,0.08,100,"34, 53, 34, 53, 43, 53, 65, 43, 43, 28, 12, 12",2026-03-26 11:33:05,"Sitelinks, Related searches","navigational, transactional",Organic
candor sign in,28,28,140,17,0.51,https://www.candormedical.com/treatments/erectile-dysfunction,0,0,0,0.08,100,"34, 53, 34, 53, 43, 53, 65, 43, 43, 28, 12, 12",2026-03-26 11:33:05,"Sitelinks, Related searches","navigational, transactional",Organic
candor sign in,33,28,140,17,0.51,https://www.candormedical.com/treatments/erectile-dysfunction,0,0,0,0.08,100,"34, 53, 34, 53, 43, 53, 65, 43, 43, 28, 12, 12",2026-03-26 11:33:05,"Sitelinks, Related searches","navigational, transactional",Organic
med dispensary,20,20,90,55,60.9,https://www.candormedical.com/,0,0,0,0.08,11100000,"33, 33, 52, 52, 42, 33, 33, 42, 100, 52, 42, 42",2026-03-23 16:56:02,"Local pack, Image, Related searches",commercial,Organic
canna telehealth,13,8,70,4,5.62,https://www.candormedical.com/,0,0,0,0.41,0,"36, 27, 100, 100, 100, 27, 63, 27, 81, 63, 63, 100",2026-03-09 18:52:00,"Video, Related searches",navigational,Organic
cannabis prescription australia,21,0,110,47,0,https://www.candormedical.com/,0,0,0,0.33,7510000,"52, 41, 41, 41, 52, 41, 100, 100, 82, 64, 82, 41",2026-04-25 02:54:42,"Video, People also ask, Related searches, Discussions and forums, AI overview",informational,Organic
cannibis access clinic,86,0,90,40,0,https://www.candormedical.com/,0,0,0,0.33,5260000,"0, 10, 0, 100, 0, 0, 0, 0, 0, 0, 0, 0",2026-04-29 08:27:49,"Local pack, Video, People also ask, Related searches",commercial,Organic
how do i skip a period on the pill,36,36,140,44,0,https://www.candormedical.com/education/how-to-skip-your-period,0,0,0,0.01,147,"53, 53, 34, 53, 53, 53, 42, 53, 65, 53, 42, 65",2026-03-25 14:00:07,"Sitelinks, Video, Related searches, Discussions and forums, AI overview",informational,Organic
medical cannabis doctors australia,16,0,50,,0,https://www.candormedical.com/,0,0,0,0,3450000,"9, 9, 19, 9, 9, 9, 23, 23, 23, 23, 100, 19",2026-04-14 22:15:53,"Knowledge panel, Video, Image, Related searches",informational,Organic
weed and weight loss,61,61,110,31,0,https://www.candormedical.com/,0,0,0,0,0,"66, 52, 52, 52, 52, 42, 52, 52, 52, 52, 66, 42",2026-03-06 19:44:52,"Sitelinks, Video, Discussions and forums, AI overview",informational,Organic
pharmacies toowoomba,92,92,70,26,0.31,https://www.candormedical.com/,0,0,0,0.33,124,"7, 4, 7, 7, 7, 14, 4, 5, 5, 5, 7, 7",2026-03-30 09:32:25,"Local pack, Sitelinks, Image, People also ask, Related searches",commercial,Organic
dispensed australia prices,78,33,50,10,4.28,https://www.candormedical.com/,0,0,0,0.71,1310000,"21, 12, 15, 15, 21, 12, 21, 21, 15, 15, 21, 21",2026-04-07 12:16:27,"Image pack, Sitelinks, Video, Related searches, AI overview","navigational, transactional",Organic
thc gummies canberra,40,0,70,6,0,https://www.candormedical.com/,0,0,0,0.33,9200,"35, 14, 14, 14, 35, 28, 14, 50, 50, 100, 100, 78",2026-04-14 21:56:07,"Sitelinks, People also ask, AI overview",informational,Organic
medicinal marijuanas australia,47,0,210,57,0,https://www.candormedical.com/,0,0,0,0,9340000,"30, 7, 3, 0, 0, 2, 13, 10, 10, 3, 3, 13",2026-04-02 08:44:17,"Video, Ads bottom, Related searches, AI overview",informational,Organic
medicinal marijuanas australia,52,0,210,57,0,https://www.candormedical.com/,0,0,0,0,9340000,"30, 7, 3, 0, 0, 2, 13, 10, 10, 3, 3, 13",2026-04-02 08:44:17,"Video, Ads bottom, Related searches, AI overview",informational,Organic
what to do if missed a pill,22,22,70,28,0,https://www.candormedical.com/education/what-do-i-do-if-i-miss-a-pill,0,0,0,0.01,37500000,"63, 63, 63, 81, 36, 63, 63, 81, 63, 63, 81, 63",2026-03-07 03:13:11,"Video, Image, Related searches, AI overview",informational,Organic
what to do if missed a pill,33,22,70,28,0,https://www.candormedical.com/education/what-do-i-do-if-i-miss-a-pill,0,0,0,0.01,37500000,"63, 63, 63, 81, 36, 63, 63, 81, 63, 63, 81, 63",2026-03-07 03:13:11,"Video, Image, Related searches, AI overview",informational,Organic
doctors who can prescribe cbd oil perth,40,40,70,22,0,https://www.candormedical.com/,0,0,0,0,107,"65, 53, 65, 53, 19, 7, 19, 15, 11, 11, 11, 7",2026-03-25 11:02:32,"Local pack, Video, People also ask, Related searches, AI overview",informational,Organic
candor app,9,9,110,28,0.61,https://www.candormedical.com/faq,0,0,0,0.21,142,"42, 52, 52, 66, 66, 66, 80, 66, 52, 33, 19, 33",2026-03-29 14:31:36,"Sitelinks, Related searches","navigational, transactional",Organic
candor app,17,17,110,28,0.61,https://www.candormedical.com/treatments/alternative-therapy,0,0,0,0.21,142,"42, 52, 52, 66, 66, 66, 80, 66, 52, 33, 19, 33",2026-03-29 14:31:36,"Sitelinks, Related searches","navigational, transactional",Organic
best cannabis clinic australia,28,28,110,49,0,https://www.candormedical.com/,0,0,0,0,3960000,"33, 19, 42, 33, 52, 100, 80, 80, 80, 66, 52, 52",2026-03-22 13:52:04,"Knowledge panel, Sitelinks, Video, People also ask, Related searches, Discussions and forums, AI overview",commercial,Organic
alternalead,17,0,590,27,43.9,https://www.candormedical.com/,0,0,0,0.78,82900,"45, 30, 100, 45, 24, 30, 36, 36, 76, 67, 36, 30",2026-04-24 21:06:51,"Knowledge panel, Sitelinks, Video, Ads bottom, People also ask, Related searches",navigational,Organic
medical marijuanas perth cost,57,27,320,12,36.72,https://www.candormedical.com/,0,0,0,0.73,134,"100, 35, 29, 54, 81, 54, 81, 66, 66, 66, 66, 54",2026-04-16 08:54:43,"Sitelinks, Video, People also ask, Related searches, AI overview",informational,Organic
medical canibas,42,42,90,57,0,https://www.candormedical.com/,0,0,0,0,0,"0, 1, 1, 1, 1, 3, 5, 100, 3, 5, 1, 54",2026-03-09 13:36:29,"Video, Video Carousel, Related searches, AI overview",informational,Organic
what is alternative health care,80,80,90,80,83.59,https://www.candormedical.com/,0,0,0,0.17,0,"50, 50, 64, 50, 64, 64, 35, 64, 78, 100, 78, 50",2026-03-06 15:45:57,"Sitelinks, Image, Related searches, AI overview",informational,Organic
medical marijuanas companies,19,19,90,53,18.11,https://www.candormedical.com/,0,0,0,0.09,0,"100, 81, 63, 81, 81, 100, 81, 63, 81, 100, 63, 81",2026-03-06 12:51:58,"Local pack, Video, Related searches, AI overview",commercial,Organic
medical marijuanas companies,24,19,90,53,18.11,https://www.candormedical.com/,0,0,0,0.09,0,"100, 81, 63, 81, 81, 100, 81, 63, 81, 100, 63, 81",2026-03-06 12:51:58,"Local pack, Video, Related searches, AI overview",commercial,Organic
how to skip a period when on the pill,36,36,140,40,0,https://www.candormedical.com/education/how-to-skip-your-period,0,0,0,0.01,144,"53, 53, 34, 53, 53, 53, 42, 53, 65, 53, 42, 65",2026-03-25 21:17:20,"Sitelinks, Video, Image, Related searches, Discussions and forums, AI overview",informational,Organic
how to skip a period when on the pill,55,36,140,40,0,https://www.candormedical.com/education/how-to-skip-your-period,0,0,0,0.01,144,"53, 53, 34, 53, 53, 53, 42, 53, 65, 53, 42, 65",2026-03-25 21:17:20,"Sitelinks, Video, Image, Related searches, Discussions and forums, AI overview",informational,Organic
herpes medication australia,70,53,110,18,0,https://www.candormedical.com/,0,0,0,0,5930000,"15, 26, 7, 34, 26, 34, 100, 53, 80, 53, 53, 80",2026-04-02 08:15:31,"Sitelinks, Video, Image, Related searches, AI overview",informational,Organic
medical weed,60,16,1600,71,0,https://www.candormedical.com/,0,0,0,0,79600000,"55, 44, 34, 34, 82, 65, 44, 44, 34, 100, 34, 34",2026-04-16 19:31:38,"Video, Related searches, Discussions and forums, Ads middle, AI overview",informational,Organic
candor medical contact number,21,21,110,27,1.72,https://www.candormedical.com/treatments/allergies,0,0,0,0.33,0,"9, 9, 23, 52, 100, 100, 100, 80, 33, 33, 23, 19",2026-03-18 07:46:16,"Knowledge panel, Sitelinks, Video, Related searches",navigational,Organic
candor medical contact number,24,24,110,27,1.72,https://www.candormedical.com/pricing-guide,0,0,0,0.33,0,"9, 9, 23, 52, 100, 100, 100, 80, 33, 33, 23, 19",2026-03-18 07:46:16,"Knowledge panel, Sitelinks, Video, Related searches",navigational,Organic
candor medical contact number,68,68,110,27,1.72,https://www.candormedical.com/treatments/contraceptive-pill,0,0,0,0.33,0,"9, 9, 23, 52, 100, 100, 100, 80, 33, 33, 23, 19",2026-03-18 07:46:16,"Knowledge panel, Sitelinks, Video, Related searches",navigational,Organic
cold saw lips,75,75,70,66,0,https://www.candormedical.com/education/what-are-cold-sores,0,0,0,0,91900000,"4, 17, 17, 1, 1, 2, 2, 14, 0, 11, 0, 17",2026-03-18 20:11:06,"Image pack, Video, Image, Video Carousel, Related searches, Discussions and forums, AI overview",informational,Organic
medical cannabis prescription online,9,9,70,44,0,https://www.candormedical.com/,0,0,0,0,45400000,"18, 100, 100, 18, 100, 63, 63, 36, 81, 45, 63, 81",2026-04-07 20:19:05,"Video, Related searches, Discussions and forums",commercial,Organic
doctor canna,22,22,480,30,6.28,https://www.candormedical.com/,0,0,0,0.58,183,"45, 55, 45, 36, 36, 30, 24, 45, 36, 30, 30, 24",2026-03-27 13:24:44,"Knowledge panel, Sitelinks, Video, Related searches",navigational,Organic
medicinal weed nsw,92,0,90,46,65.55,https://www.candormedical.com/,0,0,0,0.95,1520000,"21, 17, 21, 5, 5, 4, 5, 9, 3, 7, 5, 5",2026-04-20 21:39:59,"Video, Image, Ads bottom, People also ask, Related searches, Discussions and forums, AI overview",informational,Organic
weight loss clinic online,37,37,90,4,11.99,https://www.candormedical.com/treatments/weight-loss,0,0,0,0.9,116,"29, 29, 29, 29, 29, 41, 100, 64, 100, 82, 82, 64",2026-03-08 15:25:23,"Video, Related searches, AI overview",informational,Organic
thc gummies gold coast,42,34,50,6,0,https://www.candormedical.com/,0,0,0,0.33,161,"81, 45, 18, 18, 18, 18, 18, 100, 63, 100, 100, 45",2026-04-03 02:57:30,"Sitelinks, Related searches",informational,Organic
medical cannabis near me,28,0,90,46,0,https://www.candormedical.com/,0,0,0,0,146,"29, 10, 10, 10, 14, 10, 35, 35, 29, 10, 18, 14",2026-04-01 19:18:42,"Local pack, Image",transactional,Organic
alternaleaf perth,50,0,110,24,80.29,https://www.candormedical.com/,0,0,0,0.82,3270,"9, 9, 52, 52, 52, 80, 100, 66, 80, 66, 66, 66",2026-04-24 17:54:10,"Knowledge panel, Sitelinks, People also ask, Related searches, Ads middle",navigational,Organic
online weight loss doctor,96,96,90,7,0,https://www.candormedical.com/treatments/weight-loss,0,0,0,0,131,"14, 14, 7, 14, 7, 100, 100, 78, 100, 100, 100, 100",2026-03-11 18:32:13,"Related searches, AI overview",informational,Organic
candor medical weed,2,0,40,,5.41,https://www.candormedical.com/pricing-guide,0,0,0,0.76,183000,"18, 18, 18, 18, 18, 18, 63, 63, 18, 27, 100, 63",2026-04-15 07:51:36,"Sitelinks, People also ask, Related searches",navigational,People also ask
candor medical weed,2,0,40,,5.41,https://www.candormedical.com/faq,0,0,0,0.76,183000,"18, 18, 18, 18, 18, 18, 63, 63, 18, 27, 100, 63",2026-04-15 07:51:36,"Sitelinks, People also ask, Related searches",navigational,People also ask
sexual health melbourne,82,82,70,28,0,https://www.candormedical.com/,0,0,0,0,0,"42, 52, 42, 33, 33, 33, 23, 33, 42, 33, 33, 19",2026-03-10 01:10:49,"Local pack, Video, Image, Video Carousel, Related searches, See results about","commercial, navigational",Organic
dispensary and pharmacy,54,54,70,34,3.66,https://www.candormedical.com/,0,0,0,0.16,0,"77, 77, 77, 77, 77, 77, 55, 100, 77, 77, 22, 22",2026-03-09 18:54:49,"Local pack, Video, Image, Related searches, AI overview",commercial,Organic
medical cannabis adelaide,64,64,140,39,0,https://www.candormedical.com/,0,0,0,0,0,"34, 34, 26, 26, 26, 19, 65, 65, 65, 80, 100, 80",2026-03-10 22:31:31,"Local pack, Video, Related searches",commercial,Organic
prescribed thc,40,40,90,61,0,https://www.candormedical.com/,0,0,0,0,0,"63, 63, 63, 63, 63, 81, 81, 63, 81, 81, 100, 100",2026-03-06 08:23:24,"Video, Video Carousel, Related searches, Discussions and forums, AI overview",informational,Organic
weed prescription melbourne,13,13,70,47,0,https://www.candormedical.com/,0,0,0,0.33,314000,"27, 27, 100, 63, 63, 63, 63, 36, 63, 63, 63, 45",2026-03-06 19:50:54,"Video, Related searches, Discussions and forums, AI overview",informational,Organic
missed birth control pill,41,41,110,42,0,https://www.candormedical.com/education/what-do-i-do-if-i-miss-a-pill,0,0,0,0,125,"80, 66, 66, 66, 66, 66, 52, 42, 52, 52, 66, 14",2026-03-26 14:08:49,"Image pack, Video, Featured snippet, Image, Related searches, Discussions and forums",informational,Organic
canna link,8,8,50,69,4.48,https://www.candormedical.com/,0,0,0,0.56,26700000,"35, 21, 35, 28, 78, 50, 35, 35, 28, 28, 28, 28",2026-03-23 20:34:21,"Knowledge panel, Sitelinks, Related searches",navigational,Organic
candor candor,1,0,70,49,0,https://www.candormedical.com/,0,0,0,0,11700000,"0, 0, 0, 0, 0, 0, 0, 100, 66, 4, 0, 2",2026-04-11 23:27:22,"Instant answer, Sitelinks, Video, Image, Related searches, AI overview",informational,AI overview
buy cbd gummies australia,43,43,140,17,0,https://www.candormedical.com/,0,0,0,0,26000000,"34, 53, 53, 53, 65, 53, 100, 80, 65, 53, 65, 42",2026-03-31 03:53:22,"Local pack, Sitelinks, Video, Related searches, Discussions and forums, AI overview",transactional,Organic
adhd gummies,34,0,110,19,1.2,https://www.candormedical.com/,0,0,0,1,136,"9, 52, 100, 66, 52, 52, 52, 52, 52, 52, 66, 42",2026-04-08 13:40:52,"Image pack, Sitelinks, Video, Related searches, Discussions and forums, AI overview",informational,Organic
cost of oral contraceptives,69,69,90,17,0.71,https://www.candormedical.com/treatments/contraceptive-pill,0,0,0,0.05,0,"11, 41, 41, 41, 52, 64, 41, 64, 82, 64, 64, 100",2026-03-18 22:22:37,"Sitelinks, Video, Image, Related searches, AI overview",informational,Organic
alterneaf,17,69,210,34,43.9,https://www.candormedical.com/,0,0,0,0.78,74800,"100, 4, 18, 54, 66, 35, 43, 66, 35, 35, 66, 43",2026-04-16 19:02:05,"Knowledge panel, Sitelinks, Video, Ads bottom, Video Carousel, People also ask, Related searches",navigational,Organic
how much does contraception cost,19,19,90,9,0,https://www.candormedical.com/treatments/contraceptive-pill,0,0,0,0.03,0,"42, 52, 52, 66, 66, 42, 33, 42, 33, 33, 42, 33",2026-03-08 10:06:52,"Sitelinks, Video, Related searches, AI overview",informational,Organic
jet lag social,54,0,50,37,0,https://www.candormedical.com/education/social-jet-lag,0,0,0,0.33,21800000,"18, 18, 18, 100, 18, 18, 18, 100, 100, 100, 18, 18",2026-04-14 03:19:10,"Video, Image, People also ask, Related searches, AI overview",informational,Organic
erectile dysfunction treatment online,96,0,50,5,0,https://www.candormedical.com/treatments/erectile-dysfunction,0,0,0,0,126,"5, 5, 0, 0, 5, 5, 64, 64, 52, 41, 41, 41",2026-04-27 17:14:56,"Sitelinks, Video, Image, Related searches, AI overview",informational,Organic
is weed legal in melbourne,68,68,170,37,70.79,https://www.candormedical.com/,0,0,0,0.06,3240000,"66, 80, 100, 100, 80, 66, 80, 100, 100, 80, 100, 80",2026-03-31 07:29:12,"Sitelinks, Video, Related searches, Discussions and forums, AI overview",informational,Organic
cbd prescription australia,41,0,40,41,13.84,https://www.candormedical.com/,0,0,0,0.93,5900000,"18, 18, 18, 18, 100, 36, 36, 63, 36, 36, 63, 63",2026-04-15 08:15:23,"Video, Video Carousel, Related searches, AI overview",informational,Organic
aus medical weed,37,0,2400,58,60.24,https://www.candormedical.com/,0,0,0,0.48,206,"80, 80, 100, 80, 80, 66, 3, 36, 80, 66, 66, 66",2026-04-23 02:43:20,"Video, Video Carousel, People also ask, Related searches, AI overview",informational,Organic
dr cannabis,46,0,70,42,0,https://www.candormedical.com/,0,0,0,0,113000000,"1, 1, 1, 1, 1, 1, 1, 11, 14, 14, 14, 14",2026-04-13 16:07:02,"Local pack, Video, Related searches",commercial,Organic
canary health,18,18,40,17,4.7,https://www.candormedical.com/,0,0,0,0.26,0,"18, 18, 18, 18, 18, 18, 100, 18, 18, 18, 100, 18",2026-03-13 06:48:12,"Knowledge panel, Video, Image, Related searches","navigational, transactional",Organic
what to do if miss pill,29,29,70,31,0,https://www.candormedical.com/education/what-do-i-do-if-i-miss-a-pill,0,0,0,0.01,0,"63, 63, 63, 81, 36, 63, 63, 81, 63, 63, 81, 63",2026-03-11 07:15:46,"Video, Image, Related searches, AI overview",informational,Organic
cannabis doctors australia,13,13,170,52,0,https://www.candormedical.com/,0,0,0,0,6400000,"13, 13, 16, 10, 13, 8, 16, 10, 10, 6, 6, 6",2026-03-25 13:03:42,"Local pack, Video, Image, Related searches",commercial,Organic
cnador,1,0,40,52,2.42,https://www.candormedical.com/faq,0,0,0,0.25,11700000,"2, 0, 2, 0, 0, 0, 0, 0, 0, 0, 100, 0",2026-04-15 17:20:13,"Sitelinks, Video, People also ask, Related searches",navigational,People also ask
is it ok to skip your period on the pill,24,0,110,43,0,https://www.candormedical.com/education/how-to-skip-your-period,0,0,0,0,123,"100, 52, 66, 52, 52, 23, 52, 66, 52, 52, 42, 42",2026-04-25 10:39:49,"Sitelinks, Video, People also ask, Related searches, Discussions and forums, AI overview",informational,Organic
contraceptive pill missed,65,65,140,29,0,https://www.candormedical.com/education/what-do-i-do-if-i-miss-a-pill,0,0,0,0,1840000,"66, 66, 52, 66, 66, 66, 52, 52, 80, 66, 66, 66",2026-03-11 04:20:51,"Image pack, Video, Image, Related searches, AI overview",informational,Organic
burleigh heads medical centre,64,64,1300,37,1.35,https://www.candormedical.com/,0,0,0,0.03,0,"81, 62, 81, 81, 81, 81, 81, 81, 100, 100, 100, 81",2026-03-10 09:24:01,"Knowledge panel, Sitelinks, Image, Related searches",navigational,Organic
missed pill,67,67,140,36,0,https://www.candormedical.com/education/what-do-i-do-if-i-miss-a-pill,0,0,0,0,0,"28, 43, 43, 43, 43, 43, 35, 28, 43, 35, 35, 28",2026-03-14 10:57:14,"Image pack, Video, Image, Related searches, AI overview",informational,Organic
how do i skip a period,36,36,140,38,0.92,https://www.candormedical.com/education/how-to-skip-your-period,0,0,0,0.15,1450000000,"100, 66, 52, 66, 66, 66, 52, 66, 100, 80, 52, 80",2026-03-09 14:24:47,"Sitelinks, Video, Related searches, Discussions and forums, AI overview",informational,Organic
how do i skip a period,64,36,140,38,0.92,https://www.candormedical.com/education/how-to-skip-your-period,0,0,0,0.15,1450000000,"100, 66, 52, 66, 66, 66, 52, 66, 100, 80, 52, 80",2026-03-09 14:24:47,"Sitelinks, Video, Related searches, Discussions and forums, AI overview",informational,Organic
buy medical marijuanas online,25,0,70,48,41.92,https://www.candormedical.com/,0,0,0,0.23,194,"63, 63, 36, 63, 81, 81, 27, 45, 45, 63, 45, 45",2026-04-19 20:40:33,"Video, People also ask, Related searches",transactional,Organic
weed prescription perth,41,12,70,17,66.78,https://www.candormedical.com/,0,0,0,0.89,145000,"63, 27, 36, 45, 36, 36, 100, 100, 100, 63, 63, 45",2026-04-27 03:41:02,"Sitelinks, Video, Ads top, Related searches, Discussions and forums, Ads middle, AI overview",informational,Organic
miss pill birth control,83,83,140,33,0,https://www.candormedical.com/education/what-do-i-do-if-i-miss-a-pill,0,0,0,0,5820000,"66, 66, 52, 66, 66, 66, 52, 52, 80, 66, 66, 66",2026-03-12 20:39:46,"Video, Image, Related searches, Discussions and forums, AI overview",informational,Organic
cannabis on prescription,70,70,210,57,55.11,https://www.candormedical.com/,0,0,0,0.22,152,"0, 35, 43, 43, 66, 66, 66, 66, 53, 53, 53, 66",2026-03-20 03:05:22,"Video, Related searches, AI overview",informational,Organic
cannabis online australia,26,0,50,44,0,https://www.candormedical.com/,0,0,0,0,41900000,"28, 71, 71, 100, 100, 100, 100, 71, 57, 71, 71, 71",2026-04-13 09:29:03,"Video, Related searches, Discussions and forums",informational,Organic
canwell australia,42,42,260,32,4.94,https://www.candormedical.com/,0,0,0,0.64,87,"25, 16, 31, 20, 11, 8, 5, 8, 7, 11, 13, 5",2026-03-27 12:05:20,"Knowledge panel, Sitelinks, Video, Image, Related searches",navigational,Organic
doctor ganja,70,79,260,32,0,https://www.candormedical.com/,0,0,0,0,3520000,"20, 24, 3, 3, 30, 67, 3, 5, 5, 6, 45, 45",2026-04-16 17:29:21,"Image pack, Sitelinks, Video, Related searches",navigational,Organic
trifeme pill,34,14,70,12,0,https://www.candormedical.com/education/how-to-skip-your-period,0,0,0,0.01,1240,"17, 64, 100, 64, 11, 11, 11, 11, 17, 64, 64, 82",2026-04-28 16:28:47,"Video, Image, People also ask, Related searches, AI overview",informational,Organic
cost contraceptive pill,46,46,90,22,0.71,https://www.candormedical.com/treatments/contraceptive-pill,0,0,0,0.05,186,"11, 41, 41, 41, 52, 64, 41, 64, 82, 64, 64, 100",2026-03-25 06:47:00,"Sitelinks, Video, People also ask, Related searches, AI overview",informational,Organic
what is alternaleaf,74,0,260,24,73.83,https://www.candormedical.com/,0,0,0,0.47,68100,"66, 44, 36, 29, 23, 19, 54, 54, 23, 15, 15, 15",2026-04-10 03:01:43,"Sitelinks, Video, Related searches, AI overview",informational,Organic
medical marijuanas gold coast,18,17,210,21,0,https://www.candormedical.com/,0,0,0,0,219,"72, 9, 4, 7, 14, 14, 21, 17, 17, 21, 21, 21",2026-04-01 14:59:07,"Local pack, Video, Related searches",commercial,Organic
where to get medical weed,16,16,90,50,27.41,https://www.candormedical.com/,0,0,0,0.28,229,"81, 63, 100, 63, 100, 81, 100, 63, 63, 63, 63, 45",2026-03-11 21:44:22,"Video, Related searches, Discussions and forums, AI overview",informational,Organic
buy cbd,73,0,110,44,0,https://www.candormedical.com/,0,0,0,0,234000000,"10, 10, 2, 10, 10, 10, 6, 6, 5, 5, 5, 5",2026-04-30 08:07:34,"Local pack, Sitelinks, Video, Image, People also ask, AI overview",commercial,Organic
best medical marijuanas doctor near me,19,0,40,45,90.18,https://www.candormedical.com/,0,0,0,0.71,60600000,"28, 28, 28, 28, 28, 28, 57, 71, 71, 100, 100, 100",2026-04-15 22:56:09,"Local pack, Video, Related searches, Discussions and forums, Ads middle",transactional,Organic
telehealth alternative medicine,1,0,70,48,0,https://www.candormedical.com/,0,0,0,0,41900000,"55, 100",2026-04-14 21:34:56,"Video, People also ask, Related searches, AI overview",informational,AI overview
telehealth alternative medicine,10,0,70,48,0,https://www.candormedical.com/,0,0,0,0,41900000,"55, 100",2026-04-14 21:34:56,"Video, People also ask, Related searches, AI overview",informational,People also ask
telehealth alternative medicine,38,0,70,48,0,https://www.candormedical.com/treatments/alternative-therapy,0,0,0,0,41900000,"55, 100",2026-04-14 21:34:56,"Video, People also ask, Related searches, AI overview",informational,Organic
con med,65,0,50,33,0,https://www.candormedical.com/,0,0,0,0,1830000000,"5, 11, 64, 29, 29, 11, 29, 11, 29, 100, 5, 17",2026-04-13 12:22:28,"Sitelinks, Video, People also ask, Related searches","informational, transactional",Organic
prescription skincare australia,45,45,90,24,1.32,https://www.candormedical.com/,0,0,0,0.79,7440000,"9, 19, 23, 23, 33, 19, 100, 80, 66, 33, 33, 23",2026-03-06 20:06:43,"Sitelinks, Popular products, Related searches, Discussions and forums, AI overview",informational,Organic
alternative medicine,46,0,720,74,66.82,https://www.candormedical.com/,0,0,0,0.41,1230000000,"37, 31, 31, 46, 31, 31, 37, 52, 52, 46, 37, 25",2026-04-08 13:50:38,"Video, Image, Related searches, AI overview",informational,Organic
checkups medical,82,82,110,9,1.97,https://www.candormedical.com/,0,0,0,0.47,40900000,"34, 42, 34, 42, 42, 53, 26, 42, 53, 42, 42, 53",2026-03-09 23:52:20,"Knowledge panel, Video, Related searches",informational,Organic
candor medical australia,1,0,110,28,2.97,https://www.candormedical.com/,0,0,0,0.68,552000,"34, 34, 53, 100, 43, 34, 34, 28, 15, 15, 15, 15",2026-04-27 12:02:26,"Sitelinks, Video, People also ask, Related searches",navigational,People also ask
australian cbd oil,56,54,320,46,0,https://www.candormedical.com/,0,0,0,0,9900000,"44, 44, 23, 44, 35, 44, 66, 35, 66, 66, 81, 66",2026-04-07 21:00:45,"Local pack, Image pack, Sitelinks, Video, Related searches, Discussions and forums",navigational,Organic
cost of birth control,72,0,70,19,1.09,https://www.candormedical.com/treatments/contraceptive-pill,0,0,0,0.05,107,"45, 45, 81, 63, 63, 63, 100, 81, 81, 81, 81, 63",2026-04-29 16:27:49,"Sitelinks, Video, Video Carousel, People also ask, Related searches, AI overview",informational,Organic
if i miss a pill what do i do,58,58,70,33,0,https://www.candormedical.com/education/what-do-i-do-if-i-miss-a-pill,0,0,0,0.01,131,"63, 63, 63, 81, 36, 63, 63, 81, 63, 63, 81, 63",2026-03-06 20:15:59,"Video, Image, Related searches, AI overview",informational,Organic
how much is medical marijuanas,94,0,110,13,28.33,https://www.candormedical.com/,0,0,0,0.19,167,"52, 82, 52, 82, 64, 64, 29, 52, 52, 82, 52, 52",2026-04-29 14:30:33,"Video, People also ask, Related searches, AI overview",informational,Organic
vapes darwin,59,59,140,15,0,https://www.candormedical.com/,0,0,0,0,423000,"81, 34, 34, 100, 0, 43, 34, 28, 65, 34, 28, 43",2026-03-30 20:13:40,"Local pack, Sitelinks, Video, Image, Related searches",commercial,Organic
phone consultation doctor,54,0,480,47,5.04,https://www.candormedical.com/,0,0,0,0.87,148,"36, 30, 24, 36, 24, 20, 55, 55, 55, 36, 36, 45",2026-04-01 21:13:31,"Video, Image, Related searches, AI overview",informational,Organic
herpes treatment online,60,0,70,8,0,https://www.candormedical.com/treatments/herpes,0,0,0,0,32500000,"3, 0, 0, 3, 42, 3, 53, 42, 42, 34, 26, 34",2026-04-13 22:53:05,"Sitelinks, Image, Related searches, AI overview",informational,Organic
candor medical login,2,2,70,20,0.62,https://www.candormedical.com/,0,0,0,0.09,3640000,"41, 52, 41, 41, 41, 41, 64, 17, 11, 100, 52, 41",2026-04-26 16:53:28,"Sitelinks, Video, People also ask, Related searches","navigational, transactional",People also ask
candor medical login,2,2,70,20,0.62,https://www.candormedical.com/faq,0,0,0,0.09,3640000,"41, 52, 41, 41, 41, 41, 64, 17, 11, 100, 52, 41",2026-04-26 16:53:28,"Sitelinks, Video, People also ask, Related searches","navigational, transactional",People also ask
candor medical login,2,0,70,20,0.62,https://www.candormedical.com/contact,0,0,0,0.09,3640000,"41, 52, 41, 41, 41, 41, 64, 17, 11, 100, 52, 41",2026-04-26 16:53:28,"Sitelinks, Video, People also ask, Related searches","navigational, transactional",People also ask
candor medical login,2,0,70,20,0.62,https://www.candormedical.com/how-candor-works,0,0,0,0.09,3640000,"41, 52, 41, 41, 41, 41, 64, 17, 11, 100, 52, 41",2026-04-26 16:53:28,"Sitelinks, Video, People also ask, Related searches","navigational, transactional",People also ask
candor medical login,3,5,70,20,0.62,https://www.candormedical.com/contact,0,0,0,0.09,3640000,"41, 52, 41, 41, 41, 41, 64, 17, 11, 100, 52, 41",2026-04-26 16:53:28,"Sitelinks, Video, People also ask, Related searches","navigational, transactional",Organic
candor medical login,4,9,70,20,0.62,https://www.candormedical.com/treatments/alternative-therapy,0,0,0,0.09,3640000,"41, 52, 41, 41, 41, 41, 64, 17, 11, 100, 52, 41",2026-04-26 16:53:28,"Sitelinks, Video, People also ask, Related searches","navigational, transactional",Organic
candor medical login,5,3,70,20,0.62,https://www.candormedical.com/pricing-guide,0,0,0,0.09,3640000,"41, 52, 41, 41, 41, 41, 64, 17, 11, 100, 52, 41",2026-04-26 16:53:28,"Sitelinks, Video, People also ask, Related searches","navigational, transactional",Organic
candor medical login,6,4,70,20,0.62,https://www.candormedical.com/faq,0,0,0,0.09,3640000,"41, 52, 41, 41, 41, 41, 64, 17, 11, 100, 52, 41",2026-04-26 16:53:28,"Sitelinks, Video, People also ask, Related searches","navigational, transactional",Organic
candor medical login,12,74,70,20,0.62,https://www.candormedical.com/disclaimer,0,0,0,0.09,3640000,"41, 52, 41, 41, 41, 41, 64, 17, 11, 100, 52, 41",2026-04-26 16:53:28,"Sitelinks, Video, People also ask, Related searches","navigational, transactional",Organic
candor medical login,14,14,70,20,0.62,https://www.candormedical.com/terms-and-conditions,0,0,0,0.09,3640000,"41, 52, 41, 41, 41, 41, 64, 17, 11, 100, 52, 41",2026-04-26 16:53:28,"Sitelinks, Video, People also ask, Related searches","navigational, transactional",Organic
candor medical login,22,14,70,20,0.62,https://www.candormedical.com/terms-and-conditions,0,0,0,0.09,3640000,"41, 52, 41, 41, 41, 41, 64, 17, 11, 100, 52, 41",2026-04-26 16:53:28,"Sitelinks, Video, People also ask, Related searches","navigational, transactional",Organic
candor medical login,29,20,70,20,0.62,https://www.candormedical.com/treatments/allergies,0,0,0,0.09,3640000,"41, 52, 41, 41, 41, 41, 64, 17, 11, 100, 52, 41",2026-04-26 16:53:28,"Sitelinks, Video, People also ask, Related searches","navigational, transactional",Organic
candor medical login,43,13,70,20,0.62,https://www.candormedical.com/how-candor-works,0,0,0,0.09,3640000,"41, 52, 41, 41, 41, 41, 64, 17, 11, 100, 52, 41",2026-04-26 16:53:28,"Sitelinks, Video, People also ask, Related searches","navigational, transactional",Organic
candor medical login,52,20,70,20,0.62,https://www.candormedical.com/treatments/allergies,0,0,0,0.09,3640000,"41, 52, 41, 41, 41, 41, 64, 17, 11, 100, 52, 41",2026-04-26 16:53:28,"Sitelinks, Video, People also ask, Related searches","navigational, transactional",Organic
candor medical login,56,18,70,20,0.62,https://www.candormedical.com/treatments/erectile-dysfunction,0,0,0,0.09,3640000,"41, 52, 41, 41, 41, 41, 64, 17, 11, 100, 52, 41",2026-04-26 16:53:28,"Sitelinks, Video, People also ask, Related searches","navigational, transactional",Organic
candor medical login,58,35,70,20,0.62,https://www.candormedical.com/treatments/hair-loss,0,0,0,0.09,3640000,"41, 52, 41, 41, 41, 41, 64, 17, 11, 100, 52, 41",2026-04-26 16:53:28,"Sitelinks, Video, People also ask, Related searches","navigational, transactional",Organic
candor medical login,66,56,70,20,0.62,https://www.candormedical.com/treatments/anti-ageing,0,0,0,0.09,3640000,"41, 52, 41, 41, 41, 41, 64, 17, 11, 100, 52, 41",2026-04-26 16:53:28,"Sitelinks, Video, People also ask, Related searches","navigational, transactional",Organic
candor medical login,68,30,70,20,0.62,https://www.candormedical.com/about,0,0,0,0.09,3640000,"41, 52, 41, 41, 41, 41, 64, 17, 11, 100, 52, 41",2026-04-26 16:53:28,"Sitelinks, Video, People also ask, Related searches","navigational, transactional",Organic
candor medical login,73,0,70,20,0.62,https://www.candormedical.com/treatments/acne,0,0,0,0.09,3640000,"41, 52, 41, 41, 41, 41, 64, 17, 11, 100, 52, 41",2026-04-26 16:53:28,"Sitelinks, Video, People also ask, Related searches","navigational, transactional",Organic
candor medical login,82,63,70,20,0.62,https://www.candormedical.com/treatments/cold-sores,0,0,0,0.09,3640000,"41, 52, 41, 41, 41, 41, 64, 17, 11, 100, 52, 41",2026-04-26 16:53:28,"Sitelinks, Video, People also ask, Related searches","navigational, transactional",Organic
candor medical login,89,0,70,20,0.62,https://www.candormedical.com/education/terpenes,0,0,0,0.09,3640000,"41, 52, 41, 41, 41, 41, 64, 17, 11, 100, 52, 41",2026-04-26 16:53:28,"Sitelinks, Video, People also ask, Related searches","navigational, transactional",Organic
secret harbour doctors,37,0,590,30,0.67,https://www.candormedical.com/,0,0,0,0.15,101,"29, 54, 67, 44, 44, 67, 81, 67, 100, 81, 81, 67",2026-04-08 07:37:14,"Knowledge panel, Sitelinks, Image, Related searches",navigational,Organic
alternative health practitioner,65,65,140,61,2.41,https://www.candormedical.com/,0,0,0,0.17,177000000,"53, 28, 28, 35, 35, 35, 28, 28, 43, 28, 28, 23",2026-03-30 13:28:09,"Local pack, Video, People also ask, Related searches, See results about, AI overview",informational,Organic
ed treatment online,95,0,50,6,0,https://www.candormedical.com/treatments/erectile-dysfunction,0,0,0,0,1030000000,"27, 27, 18, 36, 27, 27, 100, 100, 81, 63, 81, 81",2026-04-14 00:39:13,"Sitelinks, Video, Related searches, Discussions and forums, AI overview",informational,Organic
adhd gp adelaide,71,71,70,8,0.72,https://www.candormedical.com/,0,0,0,0.36,252000,"36, 36, 45, 27, 45, 63, 45, 45, 45, 81, 100, 81",2026-03-31 12:23:23,"Video, Image, Related searches, AI overview",informational,Organic
cda medical,44,44,40,34,5.23,https://www.candormedical.com/,0,0,0,0.07,0,"50, 35, 35, 35, 35, 35, 35, 35, 14, 14, 14, 21",2026-03-08 00:28:34,"Knowledge panel, Sitelinks, Video, Related searches, AI overview",navigational,Organic
skipping periods on the pill,78,0,40,29,1.06,https://www.candormedical.com/education/how-to-skip-your-period,0,0,0,0.06,161000000,"33, 33, 9, 9, 14, 9, 14, 14, 14, 14, 14, 19",2026-04-15 19:08:27,"Sitelinks, Video, Image, Related searches, Discussions and forums, AI overview",informational,Organic
sydney sex clinic,85,93,140,23,0,https://www.candormedical.com/,0,0,0,0,18200000,"7, 53, 53, 53, 100, 80, 42, 65, 100, 53, 53, 65",2026-04-07 20:04:11,"Local pack, Video",informational,Organic
buy medical cannabinoids online,18,26,40,41,41.92,https://www.candormedical.com/,0,0,0,0.23,18600000,"63, 63, 36, 63, 81, 81, 18, 18, 18, 18, 18, 18",2026-04-19 20:33:14,"Video, Related searches",transactional,Organic
brisbane weed,77,36,50,30,0,https://www.candormedical.com/,0,0,0,0,5560000,"35, 35, 50, 21, 21, 28, 50, 35, 35, 64, 35, 35",2026-04-02 10:03:01,"Sitelinks, Video, Image, Related searches",navigational,Organic
cannibis clinic,40,40,70,39,5.21,https://www.candormedical.com/,0,0,0,0.07,0,"14, 10, 10, 4, 100, 2, 4, 2, 8, 8, 10, 8",2026-03-08 09:17:32,"Local pack, Video, Image, Related searches",commercial,Organic
cannibis clinic,56,40,70,39,5.21,https://www.candormedical.com/,0,0,0,0.07,0,"14, 10, 10, 4, 100, 2, 4, 2, 8, 8, 10, 8",2026-03-08 09:17:32,"Local pack, Video, Image, Related searches",commercial,Organic
medical cannabis canberra,53,53,90,23,0,https://www.candormedical.com/,0,0,0,0,0,"9, 14, 9, 14, 14, 9, 66, 80, 66, 80, 80, 80",2026-03-16 19:05:01,"Sitelinks, Video, Related searches, Discussions and forums, AI overview",informational,Organic
can i help dispensary,23,23,320,47,6.41,https://www.candormedical.com/,0,0,0,0.5,0,"35, 29, 54, 54, 66, 54, 81, 66, 81, 100, 81, 100",2026-03-10 08:58:37,Knowledge panel,informational,Organic
can i help dispensary,32,23,320,47,6.41,https://www.candormedical.com/,0,0,0,0.5,0,"35, 29, 54, 54, 66, 54, 81, 66, 81, 100, 81, 100",2026-03-10 08:58:37,Knowledge panel,informational,Organic
medical centre darwin cbd,96,0,390,28,2.04,https://www.candormedical.com/,0,0,0,0.22,121,"100, 66, 54, 81, 66, 81, 23, 44, 81, 66, 66, 44",2026-04-01 13:54:54,"Local pack, Related searches",commercial,Organic
medical cannabis doctors perth,34,0,50,12,0,https://www.candormedical.com/,0,0,0,0.33,388000,"44, 33, 33, 22, 33, 22, 77, 55, 77, 77, 77, 100",2026-04-29 14:51:42,"Knowledge panel, Sitelinks, Video, People also ask, Related searches, Discussions and forums",informational,Organic
best online medical cannabis australia,13,13,210,47,0,https://www.candormedical.com/,0,0,0,0,14200000,"7, 7, 10, 28, 53, 35, 53, 66, 66, 82, 100, 100",2026-03-25 01:51:34,"Sitelinks, Video, People also ask, Related searches, Discussions and forums, AI overview",commercial,Organic
medicinal canibis,78,0,170,61,0,https://www.candormedical.com/,0,0,0,0,119000000,"100, 1, 0, 1, 2, 72, 1, 0, 32, 2, 2, 1",2026-04-26 11:36:22,"Local pack, Top stories, Video, People also ask, Related searches, AI overview","commercial, informational",Organic
can well,65,0,50,30,2.22,https://www.candormedical.com/,0,0,0,0.43,6720000000,"9, 9, 33, 9, 9, 4, 100, 23, 23, 23, 19, 4",2026-04-15 01:23:57,"Knowledge panel, Sitelinks, Video, People also ask, Related searches",navigational,Organic
can well,68,0,50,30,2.22,https://www.candormedical.com/,0,0,0,0.43,6720000000,"9, 9, 33, 9, 9, 4, 100, 23, 23, 23, 19, 4",2026-04-15 01:23:57,"Knowledge panel, Sitelinks, Video, People also ask, Related searches",navigational,Organic
candor login,13,13,590,16,0.16,https://www.candormedical.com/treatments/alternative-therapy,0,0,0,0.02,5090000,"54, 44, 67, 81, 81, 67, 67, 67, 54, 54, 44, 54",2026-03-29 16:58:59,"Sitelinks, Related searches","navigational, transactional",Organic
candor login,22,22,590,16,0.16,https://www.candormedical.com/faq,0,0,0,0.02,5090000,"54, 44, 67, 81, 81, 67, 67, 67, 54, 54, 44, 54",2026-03-29 16:58:59,"Sitelinks, Related searches","navigational, transactional",Organic
candor login,24,24,590,16,0.16,https://www.candormedical.com/education/multi-factor-authentication-guide,0,0,0,0.02,5090000,"54, 44, 67, 81, 81, 67, 67, 67, 54, 54, 44, 54",2026-03-29 16:58:59,"Sitelinks, Related searches","navigational, transactional",Organic
candor login,91,91,590,16,0.16,https://www.candormedical.com/terms-and-conditions,0,0,0,0.02,5090000,"54, 44, 67, 81, 81, 67, 67, 67, 54, 54, 44, 54",2026-03-29 16:58:59,"Sitelinks, Related searches","navigational, transactional",Organic
medical marijuanas sydney,11,11,90,25,56.89,https://www.candormedical.com/,0,0,0,0.22,0,"23, 17, 28, 35, 28, 23, 17, 23, 28, 17, 28, 23",2026-03-14 12:58:33,"Local pack, Video, Related searches, AI overview",commercial,Organic
online scripts perth,56,56,110,39,3.18,https://www.candormedical.com/,0,0,0,0.89,0,"28, 10, 7, 12, 12, 23, 43, 28, 100, 35, 10, 12",2026-03-06 18:56:04,"Video, Related searches","commercial, informational",Organic
online scripts perth,65,56,110,39,3.18,https://www.candormedical.com/,0,0,0,0.89,0,"28, 10, 7, 12, 12, 23, 43, 28, 100, 35, 10, 12",2026-03-06 18:56:04,"Video, Related searches","commercial, informational",Organic
what happens if u miss a pill,67,67,70,42,0,https://www.candormedical.com/education/what-do-i-do-if-i-miss-a-pill,0,0,0,0.33,136,"63, 63, 63, 63, 63, 63, 63, 63, 63, 63, 63, 18",2026-03-06 22:47:47,"Video, Image, Related searches, AI overview",informational,Organic
medical cannabis port macquarie,20,0,70,0,0,https://www.candormedical.com/,0,0,0,0,77,"0, 0, 0, 3, 0, 0, 28, 28, 15, 100, 53, 34",2026-04-12 05:14:10,"Related searches, AI overview",informational,Organic
medical marijuana canberra,77,77,90,21,0,https://www.candormedical.com/,0,0,0,0,0,"11, 7, 3, 11, 3, 0, 53, 65, 53, 65, 65, 100",2026-03-16 19:04:15,"Video, Related searches, Discussions and forums, AI overview",informational,Organic
medical cannabis clinic australia,13,13,110,42,0,https://www.candormedical.com/,0,0,0,0,4770000,"33, 23, 33, 42, 33, 33, 52, 66, 66, 80, 100, 80",2026-03-26 04:54:16,"Local pack, Video, Related searches, Discussions and forums",commercial,Organic
how much do birth control pills cost,89,89,140,15,1.04,https://www.candormedical.com/treatments/contraceptive-pill,0,0,0,0.04,0,"33, 42, 66, 42, 80, 80, 42, 80, 100, 80, 52, 33",2026-03-08 10:37:55,"Sitelinks, Video, Image, Video Carousel, Related searches, Discussions and forums, AI overview",informational,Organic
medical cannabis prescription australia,47,0,70,55,0,https://www.candormedical.com/,0,0,0,0.33,6510000,"33, 33, 33, 33, 42, 33, 33, 33, 23, 33, 42, 23",2026-04-23 05:25:16,"Video, People also ask, Related searches, Discussions and forums, AI overview",informational,Organic
dr pot,89,63,50,23,7.08,https://www.candormedical.com/,0,0,0,0.14,784000000,"9, 9, 9, 9, 9, 9, 100, 9, 9, 100, 19, 33",2026-04-21 06:37:27,"Video, Related searches",informational,Organic
can i help clinic,25,25,70,39,5.81,https://www.candormedical.com/,0,0,0,0.75,1620000000,"1, 1, 4, 3, 2, 3, 3, 6, 6, 6, 6, 5",2026-03-30 12:51:00,"Ads bottom, AI overview",informational,Organic
online thc,31,0,480,48,0,https://www.candormedical.com/,0,0,0,0,105,"62, 81, 24, 6, 6, 16, 24, 100, 6, 5, 10, 30",2026-04-22 04:01:10,"Video, People also ask",commercial,Organic
medical cannabis perth,37,11,260,27,0,https://www.candormedical.com/,0,0,0,0,1030000,"35, 28, 35, 28, 35, 28, 82, 82, 100, 100, 82, 82",2026-04-22 09:55:52,"Knowledge panel, Sitelinks, Video, People also ask, Related searches, Discussions and forums, AI overview",informational,Organic
cbd clinic,39,39,110,38,15.42,https://www.candormedical.com/,0,0,0,0.26,212000000,"42, 23, 52, 42, 42, 42, 52, 66, 52, 42, 80, 52",2026-03-31 05:06:46,"Local pack, Video, Related searches",commercial,Organic
medicinal cannabis clinic australia,56,0,50,50,0,https://www.candormedical.com/,0,0,0,0,699000,"3, 18, 3, 0, 0, 11, 8, 11, 18, 11, 15, 11",2026-04-14 08:03:47,"Local pack, Video, Related searches, Discussions and forums",commercial,Organic
how to get cbd oil prescription australia,62,62,70,52,0,https://www.candormedical.com/,0,0,0,0,139,"0, 0, 0, 0, 0, 16, 13, 20, 0, 0, 0, 0",2026-03-24 22:44:15,"Video, Video Carousel, Discussions and forums, AI overview",informational,Organic
dispensed australia reviews,18,0,70,12,6.64,https://www.candormedical.com/,0,0,0,0.43,3800000,"52, 41, 41, 41, 52, 41, 52, 41, 23, 23, 29, 17",2026-03-31 19:40:30,"Sitelinks, Video, Related searches, AI overview","commercial, informational",Organic
price of the pill,75,0,210,24,1.01,https://www.candormedical.com/treatments/contraceptive-pill,0,0,0,0.06,154000000,"43, 29, 35, 54, 66, 100, 35, 54, 43, 43, 29, 29",2026-04-04 11:07:28,"Sitelinks, Video, Image, People also ask, Related searches, AI overview",informational,Organic
cbd gummies gold coast,36,0,50,22,0,https://www.candormedical.com/,0,0,0,0,59,"71, 71, 71, 71, 100, 57, 71, 100, 71, 57, 42, 42",2026-04-02 02:24:57,"Knowledge panel, Sitelinks, Video, People also ask, Related searches, AI overview",informational,Organic
medical reasons for medical cannabis,84,0,40,43,6.44,https://www.candormedical.com/,0,0,0,0.4,139,"100, 100, 100, 18, 18, 18, 18, 18, 18, 18, 18, 18",2026-04-07 18:29:30,"Video, People also ask, Related searches, AI overview",informational,Organic
aussie candle supplies perth,91,91,480,54,0.35,https://www.candormedical.com/,0,0,0,0.61,22000,"30, 24, 100, 20, 55, 30, 36, 24, 16, 24, 24, 30",2026-03-30 14:28:55,"Knowledge panel, Sitelinks, Video, Related searches",navigational,Organic
alternaleaf au,24,0,50,26,103.53,https://www.candormedical.com/,0,0,0,0.74,104,"0, 0, 17, 64, 100, 41, 11, 11, 64, 17, 23, 29",2026-04-12 12:01:48,"Knowledge panel, Sitelinks, Related searches, Ads middle",navigational,Organic
how to skip your period on birth control pills,66,69,110,40,0,https://www.candormedical.com/education/how-to-skip-your-period,0,0,0,0.01,376000000,"64, 82, 64, 82, 52, 64, 41, 52, 82, 64, 64, 82",2026-04-07 10:49:50,"Sitelinks, Video, Image, People also ask, Related searches, Discussions and forums, AI overview",informational,Organic
if i miss a pill what happens,51,51,70,29,0,https://www.candormedical.com/education/what-do-i-do-if-i-miss-a-pill,0,0,0,0.33,167000000,"78, 64, 100, 64, 50, 50, 50, 50, 35, 50, 14, 14",2026-03-19 04:14:53,"Video, Image, Related searches, Discussions and forums, AI overview",informational,Organic
cannabis doctors tasmania,51,51,590,33,0,https://www.candormedical.com/,0,0,0,0,310000,"54, 54, 67, 67, 81, 67, 100, 44, 81, 67, 81, 67",2026-03-28 11:15:37,"Knowledge panel, Sitelinks, Video, Image, Related searches",navigational,Organic
cannabis doctors tasmania,60,51,590,33,0,https://www.candormedical.com/,0,0,0,0,310000,"54, 54, 67, 67, 81, 67, 100, 44, 81, 67, 81, 67",2026-03-28 11:15:37,"Knowledge panel, Sitelinks, Video, Image, Related searches",navigational,Organic
canwell dispensary,47,0,590,35,2.8,https://www.candormedical.com/,0,0,0,0.1,20600,"11, 32, 39, 48, 72, 48, 72, 100, 72, 88, 88, 88",2026-04-10 16:07:49,"Knowledge panel, Sitelinks, Video, Image, People also ask, Related searches",navigational,Organic
canna clinic,61,61,210,31,5.21,https://www.candormedical.com/,0,0,0,0.07,115,"66, 43, 43, 43, 8, 43, 35, 66, 43, 43, 10, 54",2026-03-08 00:41:58,"Video, Related searches",commercial,Organic
cannabis clinics australia,24,25,90,50,0,https://www.candormedical.com/,0,0,0,0,135,"7, 7, 10, 7, 7, 10, 12, 12, 12, 12, 12, 10",2026-04-18 21:35:24,"Local pack, Video, Related searches",commercial,Organic
medical weed perth,28,0,90,16,67.46,https://www.candormedical.com/,0,0,0,0.9,915000,"64, 29, 29, 29, 41, 52, 100, 100, 82, 64, 82, 41",2026-04-23 10:14:37,"Sitelinks, Video, Ads bottom, People also ask, Related searches, Discussions and forums, AI overview",informational,Organic
medical weed perth,37,0,90,16,67.46,https://www.candormedical.com/,0,0,0,0.9,915000,"64, 29, 29, 29, 41, 52, 100, 100, 82, 64, 82, 41",2026-04-23 10:14:37,"Sitelinks, Video, Ads bottom, People also ask, Related searches, Discussions and forums, AI overview",informational,Organic
online cannabis prescription australia bulk bill,54,0,50,31,0,https://www.candormedical.com/,0,0,0,0,100,"22, 100",2026-04-30 03:03:42,"Video, People also ask, Related searches, AI overview",informational,Organic
medicinal cannabis telehealth,19,9,50,36,0,https://www.candormedical.com/,0,0,0,0.33,150,"100, 36, 18, 18, 100, 18, 36, 27, 100, 18, 100, 27",2026-04-01 09:16:40,"Video, Related searches, AI overview",informational,Organic
free consult medical weed,18,9,70,48,116.36,https://www.candormedical.com/,0,0,0,0.94,11300000,"41, 41, 23, 11, 11, 11, 64, 64, 23, 100, 64, 29",2026-04-23 05:41:48,"Video, Ads bottom, Related searches, AI overview",informational,Organic
cannabis clinic,39,39,320,41,0,https://www.candormedical.com/,0,0,0,0,0,"8, 7, 8, 11, 8, 5, 11, 7, 100, 5, 4, 4",2026-03-08 13:53:29,"Local pack, Video, Image, Related searches",commercial,Organic
alternative healthcare,81,0,50,81,67.51,https://www.candormedical.com/,0,0,0,0.66,1080000000,"0, 22, 55, 33, 33, 77, 55, 33, 77, 77, 77, 100",2026-04-15 23:05:43,"Knowledge panel, Sitelinks, Video, Video Carousel, People also ask, Related searches, AI overview",informational,Organic
online weight loss doctors,62,62,70,5,0,https://www.candormedical.com/treatments/weight-loss,0,0,0,0,132,"100, 100, 100, 100, 100, 7, 7, 0, 0, 0, 21, 28",2026-03-08 08:13:39,"Video, Related searches, AI overview",informational,Organic
how to skip period on pill,53,53,140,36,0,https://www.candormedical.com/education/how-to-skip-your-period,0,0,0,0.01,0,"80, 52, 23, 52, 80, 80, 100, 66, 52, 52, 42, 66",2026-03-19 12:07:14,"Sitelinks, Video, Image, Related searches, Discussions and forums, AI overview",informational,Organic
telehealth appointment qld,38,38,170,24,0,https://www.candormedical.com/,0,0,0,0,0,"23, 7, 12, 23, 28, 43, 100, 82, 53, 43, 43, 35",2026-03-09 06:33:31,"Video, Ads bottom, Related searches, AI overview",informational,Organic
mode healthcare,44,44,390,45,3.54,https://www.candormedical.com/,0,0,0,0.14,103,"54, 54, 81, 29, 81, 44, 44, 1, 36, 36, 66, 66",2026-03-24 22:40:59,"Knowledge panel, Sitelinks, Video, Related searches",navigational,Organic
cannabis online,13,13,140,43,0,https://www.candormedical.com/,0,0,0,0,580000000,"35, 35, 35, 35, 35, 35, 35, 35, 35, 35, 35, 35",2026-03-22 12:05:45,"Video, Discussions and forums",informational,Organic
medical certificate over the phone,91,0,40,15,3.86,https://www.candormedical.com/,0,0,0,0.9,119,"27, 45, 36, 63, 45, 27, 18, 27, 18, 18, 18, 18",2026-04-08 01:02:23,"Video, People also ask, Related searches, AI overview","commercial, informational",Organic
medicinal cannabis port macquarie,38,0,90,1,0,https://www.candormedical.com/,0,0,0,0,73,"0, 0, 0, 0, 0, 0, 28, 28, 17, 100, 53, 28",2026-04-12 05:34:06,"Video, Related searches, AI overview",informational,Organic
candor reviews,3,0,50,32,3.88,https://www.candormedical.com/,0,0,0,0.34,4960000,"0, 28, 14, 28, 64, 100, 64, 78, 35, 21, 14, 7",2026-04-28 05:06:59,"Sitelinks, Video, People also ask, Related searches, AI overview","commercial, navigational",AI overview
candor reviews,3,0,50,32,3.88,https://www.candormedical.com/faq,0,0,0,0.34,4960000,"0, 28, 14, 28, 64, 100, 64, 78, 35, 21, 14, 7",2026-04-28 05:06:59,"Sitelinks, Video, People also ask, Related searches, AI overview","commercial, navigational",People also ask
candor reviews,4,3,50,32,3.88,https://www.candormedical.com/,0,0,0,0.34,4960000,"0, 28, 14, 28, 64, 100, 64, 78, 35, 21, 14, 7",2026-04-28 05:06:59,"Sitelinks, Video, People also ask, Related searches, AI overview","commercial, navigational",Organic
candor reviews,5,4,50,32,3.88,https://www.candormedical.com/faq,0,0,0,0.34,4960000,"0, 28, 14, 28, 64, 100, 64, 78, 35, 21, 14, 7",2026-04-28 05:06:59,"Sitelinks, Video, People also ask, Related searches, AI overview","commercial, navigational",Organic
candor reviews,12,0,50,32,3.88,https://www.candormedical.com/treatments/alternative-therapy,0,0,0,0.34,4960000,"0, 28, 14, 28, 64, 100, 64, 78, 35, 21, 14, 7",2026-04-28 05:06:59,"Sitelinks, Video, People also ask, Related searches, AI overview","commercial, navigational",Organic
candor reviews,17,0,50,32,3.88,https://www.candormedical.com/pricing-guide,0,0,0,0.34,4960000,"0, 28, 14, 28, 64, 100, 64, 78, 35, 21, 14, 7",2026-04-28 05:06:59,"Sitelinks, Video, People also ask, Related searches, AI overview","commercial, navigational",Organic
canna dr,11,11,50,8,4.96,https://www.candormedical.com/,0,0,0,0.05,0,"0, 4, 100, 0, 4, 66, 4, 4, 4, 66, 80, 0",2026-03-06 06:10:33,"Video, Image, Related searches","informational, transactional",Organic
cannabis brisbane,58,0,90,48,0,https://www.candormedical.com/,0,0,0,0,138,"64, 64, 50, 50, 50, 50, 64, 64, 78, 78, 50, 64",2026-03-31 22:36:34,"Local pack, Video, Related searches",informational,Organic
medicinal marijuanas,96,0,170,72,0,https://www.candormedical.com/,0,0,0,0,57300000,"0, 4, 45, 8, 10, 1, 8, 10, 13, 10, 8, 10",2026-04-26 09:52:33,"Local pack, Video, Ads bottom, People also ask, Related searches, Discussions and forums, AI overview",commercial,Organic
medical marijuanas nsw cost,23,34,260,6,27.9,https://www.candormedical.com/,0,0,0,0.73,289000,"66, 82, 82, 66, 82, 66, 82, 82, 82, 66, 66, 53",2026-04-02 05:23:20,"Sitelinks, Video, Related searches, AI overview",informational,Organic
kensington pharmacy,32,32,170,17,0,https://www.candormedical.com/,0,0,0,0.04,0,"21, 14, 17, 21, 11, 17, 17, 14, 21, 21, 17, 26",2026-03-06 20:52:24,"Video, Related searches",informational,Organic
medicinal cannabis prescription online,11,0,50,37,0,https://www.candormedical.com/,0,0,0,0,42700000,"18, 27, 18, 18, 27, 18, 27, 63, 100, 63, 63, 63",2026-04-29 15:27:44,"Video, People also ask, Related searches, Discussions and forums",commercial,Organic
