Keyword,Position,Previous position,Search Volume,Keyword Difficulty,CPC,URL,Traffic,Traffic (%),Traffic Cost,Competition,Number of Results,Trends,Timestamp,SERP Features by Keyword,Keyword Intents,Position Type
polln,1,1,2900,32,0,https://www.polln.com/,2320,48.77,0,0.06,67700,"44, 66, 66, 53, 44, 44, 44, 53, 81, 35, 53, 81",2026-04-28 22:58:24,"Local pack, Sitelinks, Video, Related searches","navigational, transactional",Organic
polln login,1,1,720,12,3.68,https://patient.polln.com/,576,12.1,2119,0.02,51,"100, 81, 81, 54, 54, 81, 81, 67, 54, 81, 100, 67",2026-04-18 01:41:55,"Sitelinks, Video, Related searches","navigational, transactional",Organic
polln,1,1,2900,32,0,http://www.polln.com/,75,1.57,0,0.06,67700,"44, 66, 66, 53, 44, 44, 44, 53, 81, 35, 53, 81",2026-04-28 22:58:24,"Local pack, Sitelinks, Video, Related searches","navigational, transactional",Local pack
polln contact,1,0,90,14,4.26,http://www.polln.com/,72,1.51,306,0.13,52,"63, 100, 100, 63, 63, 63, 100, 81, 63, 100, 63, 81",2026-04-28 06:23:21,"Local pack, Related searches",navigational,Local pack
poln,1,1,90,28,4.24,https://www.polln.com/,72,1.51,305,0.29,3030000,"11, 100, 11, 11, 100, 64, 29, 64, 100, 64, 52, 41",2026-04-29 06:58:42,"Sitelinks, Video, People also ask, Related searches",navigational,Organic
pollin,1,1,260,24,2.33,https://www.polln.com/,64,1.34,149,0.15,2500000,"43, 43, 53, 53, 66, 66, 66, 66, 66, 100, 66, 43",2026-03-28 10:58:45,Related searches,"navigational, transactional",Organic
difference between indica and sativa,1,1,1000,69,0,https://www.polln.com/library/sativa-vs-indica-vs-hybrid-cannabis-what-to-expect,60,1.26,0,0,22000000,"67, 67, 67, 76, 67, 76, 76, 76, 55, 100, 55, 100",2026-03-23 20:10:38,"Image pack, Sitelinks, Video, Video Carousel, People also ask, Related searches, Short videos, Discussions and forums, AI overview",informational,AI overview
how long does weed stay in your system australia,1,1,880,35,0,https://www.polln.com/library/how-long-does-cannabis-stay-in-your-system,53,1.11,0,0,0,"37, 100, 84, 100, 100, 68, 31, 1, 1, 1, 2, 2",2026-03-17 19:39:01,"Video, Related searches, Discussions and forums, AI overview",informational,AI overview
polln,1,1,2900,32,0,https://www.polln.com/,52,1.09,0,0.06,67700,"44, 66, 66, 53, 44, 44, 44, 53, 81, 35, 53, 81",2026-04-28 22:58:24,"Local pack, Sitelinks, Video, Related searches","navigational, transactional",Local pack
vaping weed,1,0,1300,54,0,https://www.polln.com/library/ultimate-guide-to-vaping-medicinal-cannabis,45,0.94,0,0,195,"0, 0, 0, 0, 0, 0, 0, 0, 81, 100, 81, 53",2026-04-04 23:25:49,"Sitelinks, Video, Video Carousel, People also ask, AI overview",informational,AI overview
polln dashboard,1,1,50,9,0,https://patient.polln.com/,40,0.84,0,0.02,859,"100, 64, 78, 35, 28, 35, 35, 28, 14, 14, 14, 14",2026-03-09 18:33:46,"Sitelinks, Related searches","navigational, transactional",Organic
can you smoke medical marijuanas in australia in public,1,1,590,59,4.56,https://www.polln.com/library/travelling-as-a-medicinal-cannabis-patient-in-australia-what-you-need-to-know,35,0.73,159,0.09,0,"81, 54, 54, 44, 36, 67, 81, 81, 67, 81, 67, 54",2026-03-18 12:04:08,"Sitelinks, Video, Related searches, Discussions and forums, AI overview",informational,AI overview
difference between sativa and indica,1,1,590,68,0,https://www.polln.com/library/sativa-vs-indica-vs-hybrid-cannabis-what-to-expect,35,0.73,0,0,21600000,"76, 55, 55, 36, 45, 24, 55, 45, 76, 24, 76, 30",2026-04-03 11:41:12,"Image pack, Sitelinks, Video, Related searches, Discussions and forums, AI overview",informational,AI overview
pollin,2,2,260,24,2.33,https://www.polln.com/contact,34,0.71,79,0.15,2500000,"43, 43, 53, 53, 66, 66, 66, 66, 66, 100, 66, 43",2026-03-28 10:58:45,Related searches,"navigational, transactional",Organic
medical marijuanas qld cost,1,1,210,6,0,https://www.polln.com/library/how-much-does-medicinal-cannabis-cost-in-australia,27,0.56,0,0,0,"81, 28, 35, 44, 44, 23, 35, 35, 23, 18, 23, 28",2026-03-10 18:48:27,"Sitelinks, Related searches, AI overview",informational,Organic
best online medical cannabis australia,1,1,210,47,0,https://www.polln.com/,27,0.56,0,0,14200000,"7, 7, 10, 28, 53, 35, 53, 66, 66, 82, 100, 100",2026-03-25 01:51:34,"Sitelinks, Video, People also ask, Related searches, Discussions and forums, AI overview",commercial,Organic
medical marijuanas nsw online,4,28,590,39,0,https://www.polln.com/,25,0.52,0,0,483000,"76, 36, 45, 55, 67, 67, 67, 55, 36, 36, 30, 24",2026-04-24 21:44:16,"Video, People also ask, Related searches, Ads middle, AI overview",informational,Organic
medical cannabis australia online,3,3,390,48,0,https://www.polln.com/,25,0.52,0,0,23600000,"81, 54, 66, 54, 54, 44, 66, 81, 66, 81, 100, 66",2026-03-20 22:55:48,"Related searches, Discussions and forums, AI overview",informational,Organic
medical marijuanas perth,6,6,880,54,66.98,https://www.polln.com/locations/perth,21,0.44,1406,0.71,136,"81, 81, 55, 62, 81, 81, 45, 30, 55, 24, 62, 24",2026-03-23 10:59:04,"Knowledge panel, Video, People also ask, Related searches, Discussions and forums, AI overview",informational,Organic
online cannabis prescription australia,4,4,480,51,0,https://www.polln.com/,21,0.44,0,0,4760000,"81, 81, 81, 81, 81, 66, 100, 81, 100, 81, 66, 54",2026-03-24 00:00:47,"Video, Related searches, AI overview",informational,Organic
pollin,3,3,260,24,2.33,https://patient.polln.com/,21,0.44,48,0.15,2500000,"43, 43, 53, 53, 66, 66, 66, 66, 66, 100, 66, 43",2026-03-28 10:58:45,Related searches,"navigational, transactional",Organic
medical marijuanas victoria cost,4,6,480,15,0,https://www.polln.com/library/how-much-does-medicinal-cannabis-cost-in-australia,21,0.44,0,0,142,"100, 44, 66, 66, 81, 100, 81, 66, 66, 66, 66, 54",2026-04-02 09:40:39,"Sitelinks, Video, Related searches, AI overview",informational,Organic
list of authorised prescribers sa,3,3,320,32,86.41,https://www.polln.com/locations/adelaide,20,0.42,1728,0.54,43,"100, 82, 100, 66, 82, 82, 100, 100, 82, 82, 66, 53",2026-03-23 22:04:19,"Related searches, AI overview",informational,Organic
how long does weed stay in urine,1,0,590,55,0,https://www.polln.com/library/how-long-does-cannabis-stay-in-your-system,20,0.42,0,0,12800000,"100, 66, 54, 66, 66, 81, 81, 66, 81, 100, 66, 66",2026-04-05 07:56:29,"Video, Short videos, Discussions and forums, AI overview",informational,AI overview
list of authorised prescribers wa,3,5,320,17,112.65,https://www.polln.com/locations/perth,20,0.42,2253,0.55,6130,"66, 44, 44, 66, 54, 54, 66, 44, 66, 66, 66, 44",2026-04-30 01:51:12,"People also ask, Related searches, AI overview",informational,Organic
polln login,2,2,720,12,3.68,https://www.polln.com/,18,0.37,66,0.02,51,"100, 81, 81, 54, 54, 81, 81, 67, 54, 81, 100, 67",2026-04-18 01:41:55,"Sitelinks, Video, Related searches","navigational, transactional",Organic
online medical marijuanas,4,6,390,50,74.47,https://www.polln.com/,17,0.35,1265,0.06,222,"66, 54, 44, 66, 100, 81, 54, 44, 54, 36, 36, 29",2026-04-05 04:00:34,"Video, Related searches, AI overview",informational,Organic
medical marijuanas australia cost,5,7,480,13,0,https://www.polln.com/library/how-much-does-medicinal-cannabis-cost-in-australia,16,0.33,0,0,201,"54, 24, 24, 20, 20, 20, 24, 24, 20, 16, 10, 8",2026-04-03 09:45:36,"Sitelinks, Video, Related searches, AI overview",informational,Organic
how long does thc stay in urine test,1,1,260,61,0,https://www.polln.com/library/how-long-does-cannabis-stay-in-your-system,15,0.31,0,0,1840000,"29, 35, 35, 43, 43, 35, 43, 66, 81, 100, 43, 43",2026-03-14 21:07:35,"Video, Related searches, AI overview",informational,AI overview
best cannabis clinic australia,1,1,110,49,0,https://www.polln.com/,14,0.29,0,0,3960000,"33, 19, 42, 33, 52, 100, 80, 80, 80, 66, 52, 52",2026-03-22 13:52:04,"Knowledge panel, Sitelinks, Video, People also ask, Related searches, Discussions and forums, AI overview",commercial,Organic
medical marijuanas perth cost,4,6,320,12,36.72,https://www.polln.com/library/how-much-does-medicinal-cannabis-cost-in-australia,14,0.29,514,0.73,134,"100, 35, 29, 54, 81, 54, 81, 66, 66, 66, 66, 54",2026-04-16 08:54:43,"Sitelinks, Video, People also ask, Related searches, AI overview",informational,Organic
online medical marijuanas,1,0,390,50,74.47,https://www.polln.com/,13,0.27,968,0.06,222,"66, 54, 44, 66, 100, 81, 54, 44, 54, 36, 36, 29",2026-04-05 04:00:34,"Video, Related searches, AI overview",informational,AI overview
medical cannabis australia online,1,1,390,48,0,https://www.polln.com/,13,0.27,0,0,23600000,"81, 54, 66, 54, 54, 44, 66, 81, 66, 81, 100, 66",2026-03-20 22:55:48,"Related searches, Discussions and forums, AI overview",informational,AI overview
how much is cbd oil on prescription,1,1,390,22,0,https://www.polln.com/library/how-much-does-medicinal-cannabis-cost-in-australia,13,0.27,0,0,20100000,"44, 54, 81, 100, 100, 81, 54, 66, 54, 54, 44, 44",2026-04-16 09:02:23,"Sitelinks, Video, People also ask, Related searches, AI overview",informational,AI overview
online cannabis prescription,1,1,210,47,0,https://www.polln.com/,12,0.25,0,0,0,"65, 81, 53, 65, 65, 53, 65, 34, 53, 43, 65, 100",2026-03-07 21:04:40,"Video, Related searches, AI overview",commercial,AI overview
polln login,3,4,720,12,3.68,https://www.polln.com/faqs/how-do-i-access-repeat-prescriptions-of-my-medication,12,0.25,44,0.02,51,"100, 81, 81, 54, 54, 81, 81, 67, 54, 81, 100, 67",2026-04-18 01:41:55,"Sitelinks, Video, Related searches","navigational, transactional",Organic
how long does the thc stay in your blood,1,1,320,53,0,https://www.polln.com/library/how-long-does-cannabis-stay-in-your-system,11,0.23,0,0,323000000,"100, 100, 100, 100, 81, 81, 81, 81, 81, 81, 81, 65",2026-03-18 22:50:29,"Video, Related searches, Discussions and forums, AI overview",informational,AI overview
list of authorised prescribers sa,1,1,320,32,86.41,https://www.polln.com/locations/adelaide,11,0.23,950,0.54,43,"100, 82, 100, 66, 82, 82, 100, 100, 82, 82, 66, 53",2026-03-23 22:04:19,"Related searches, AI overview",informational,AI overview
list of authorised prescribers victoria,6,6,390,27,78.74,https://www.polln.com/locations/melbourne,11,0.23,866,0.65,8890,"72, 59, 100, 39, 39, 39, 39, 26, 21, 32, 21, 14",2026-04-06 15:24:36,"Related searches, AI overview",informational,Organic
indica meaning,8,8,1300,50,0,https://www.polln.com/library/sativa-vs-indica-vs-hybrid-cannabis-what-to-expect,11,0.23,0,0,43300000,"3, 1, 1, 1, 1, 0, 100, 4, 2, 2, 1, 1",2026-03-27 18:30:02,"Knowledge panel, Image pack, Video, People also ask, Related searches",informational,Organic
how much is cbd oil on prescription,2,1,390,22,0,https://www.polln.com/library/how-much-does-medicinal-cannabis-cost-in-australia,11,0.23,0,0,20100000,"44, 54, 81, 100, 100, 81, 54, 66, 54, 54, 44, 44",2026-04-16 09:02:23,"Sitelinks, Video, People also ask, Related searches, AI overview",informational,Organic
pollin,5,5,260,24,2.33,https://www.polln.com/our-doctors,11,0.23,25,0.15,2500000,"43, 43, 53, 53, 66, 66, 66, 66, 66, 100, 66, 43",2026-03-28 10:58:45,Related searches,"navigational, transactional",Organic
vaping weed,5,7,1300,54,0,https://www.polln.com/library/ultimate-guide-to-vaping-medicinal-cannabis,11,0.23,0,0,195,"0, 0, 0, 0, 0, 0, 0, 0, 81, 100, 81, 53",2026-04-04 23:25:49,"Sitelinks, Video, Video Carousel, People also ask, AI overview",informational,Organic
polln login,4,0,720,12,3.68,https://qa.polln.com/,10,0.21,36,0.02,51,"100, 81, 81, 54, 54, 81, 81, 67, 54, 81, 100, 67",2026-04-18 01:41:55,"Sitelinks, Video, Related searches","navigational, transactional",Organic
how long does thc stay in system,1,1,170,61,0,https://www.polln.com/library/how-long-does-cannabis-stay-in-your-system,10,0.21,0,0,34500000,"21, 26, 14, 14, 17, 11, 14, 14, 17, 17, 26, 26",2026-03-24 23:54:09,"Video, People also ask, Related searches, Short videos, Discussions and forums, AI overview",informational,AI overview
medical cannabis online australia,3,3,110,47,0,https://www.polln.com/,9,0.18,0,0,0,"33, 23, 33, 42, 33, 33, 80, 80, 80, 80, 100, 66",2026-03-19 05:54:15,"Video, Related searches",informational,Organic
dr joel wren,2,2,70,9,3.05,https://www.polln.com/practitioners/dr-joel-wren,9,0.18,27,0.05,1250000,"41, 11, 100, 11, 64, 64, 11, 11, 64, 64, 11, 11",2026-03-30 09:53:25,"Image pack, Video, Related searches",informational,Organic
how long do scripts last,8,14,390,8,0,https://www.polln.com/faqs/do-my-prescriptions-expire,9,0.18,0,0.01,173000000,"100, 81, 81, 81, 100, 81, 81, 81, 66, 81, 81, 66",2026-04-04 16:53:23,"Sitelinks, Related searches, AI overview",informational,Organic
cannabinoids online,1,1,110,50,0,https://www.polln.com/,9,0.18,0,0.04,117,"41, 41, 64, 41, 82, 0, 64, 64, 64, 100, 82, 64",2026-03-06 03:10:48,"Video, People also ask, Related searches, AI overview",informational,Organic
medical cannabis online,5,9,320,49,0,https://www.polln.com/,9,0.18,0,0,113000000,"17, 11, 17, 17, 17, 17, 39, 39, 48, 48, 59, 26",2026-04-22 09:18:48,"Video, Related searches, Discussions and forums",commercial,Organic
medical cannabis consultation,5,5,210,53,0,https://www.polln.com/,9,0.18,0,0,152,"23, 17, 28, 28, 17, 12, 66, 66, 82, 100, 100, 43",2026-03-27 12:39:15,"Knowledge panel, Related searches",informational,Organic
how much is medical marijuanas,1,3,110,13,28.33,https://www.polln.com/library/how-much-does-medicinal-cannabis-cost-in-australia,9,0.18,254,0.19,167,"52, 82, 52, 82, 64, 64, 29, 52, 52, 82, 52, 52",2026-04-29 14:30:33,"Video, People also ask, Related searches, AI overview",informational,Organic
medical marijuana adelaide,3,3,140,33,0,https://www.polln.com/locations/adelaide,9,0.18,0,0,357000,"26, 19, 26, 11, 19, 19, 65, 65, 80, 80, 80, 100",2026-03-11 08:30:06,"Video, Related searches, AI overview",informational,Organic
how long does bhang stay in your system,6,6,1300,58,0,https://www.polln.com/library/how-long-does-cannabis-stay-in-your-system,9,0.18,0,0,657000,"100, 81, 81, 81, 81, 81, 81, 62, 81, 81, 81, 81",2026-03-27 18:03:04,"People also ask, Discussions and forums, AI overview",informational,Organic
medical marijuana doctor,1,0,140,25,0,https://www.polln.com/,8,0.16,0,0,65500000,"29, 29, 29, 29, 29, 29, 29, 22, 29, 29, 29, 29",2026-04-04 02:15:22,"Video, Image, Related searches, AI overview",informational,AI overview
buy weed online australia,1,0,140,52,0,https://www.polln.com/,8,0.16,0,0,140,"12, 10, 23, 23, 17, 23, 66, 43, 43, 43, 66, 66",2026-04-18 10:17:37,"Image, Related searches, AI overview",informational,AI overview
cannabis doctors tasmania,4,4,590,33,0,https://www.polln.com/locations/hobart,8,0.16,0,0,310000,"54, 54, 67, 67, 81, 67, 100, 44, 81, 67, 81, 67",2026-03-28 11:15:37,"Knowledge panel, Sitelinks, Video, Image, Related searches",navigational,Organic
indica sativa and,1,1,210,81,0,https://www.polln.com/library/sativa-vs-indica-vs-hybrid-cannabis-what-to-expect,7,0.14,0,0,149,"65, 65, 65, 80, 100, 65, 100, 100, 80, 80, 80, 80",2026-03-25 21:44:56,"Knowledge panel, Sitelinks, Video, Video Carousel, Related searches, Short videos, Discussions and forums, AI overview",informational,AI overview
medical marijuanas adelaide,6,8,260,47,52.96,https://www.polln.com/practitioners/dr-joel-wren,7,0.14,370,0.73,449000,"81, 29, 15, 10, 12, 10, 15, 29, 36, 36, 36, 36",2026-04-10 10:07:14,"Knowledge panel, Video, Related searches, AI overview",commercial,Organic
medical cannabis vape,4,4,110,22,0,https://www.polln.com/library/ultimate-guide-to-vaping-medicinal-cannabis,7,0.14,0,0,0,"34, 19, 26, 26, 19, 19, 26, 26, 80, 100, 80, 65",2026-03-10 22:34:46,"Video, Related searches",informational,Organic
how long does thc stay in your blood for,1,1,210,53,0,https://www.polln.com/library/how-long-does-cannabis-stay-in-your-system,7,0.14,0,0,0,"29, 23, 36, 54, 44, 81, 15, 1, 0, 0, 1, 19",2026-03-13 06:55:11,"Video, Related searches, Discussions and forums, AI overview",informational,AI overview
how much should weed cost,1,0,210,10,0,https://www.polln.com/library/how-much-does-medicinal-cannabis-cost-in-australia,7,0.14,0,0.01,146000000,"80, 80, 42, 100, 100, 80, 42, 80, 80, 65, 80, 65",2026-04-24 14:23:46,"Sitelinks, Video, People also ask, Discussions and forums, AI overview",informational,AI overview
list of authorised prescribers qld,3,6,260,34,98.81,https://www.polln.com/locations/brisbane,7,0.14,691,0.55,2570,"36, 36, 16, 20, 24, 20, 20, 20, 13, 13, 8, 8",2026-04-06 16:02:12,"People also ask, Related searches, AI overview",informational,Organic
best medical marijuanas australia,4,4,320,50,0,https://www.polln.com/,7,0.14,0,0,15900000,"2, 2, 4, 2, 15, 36, 81, 100, 81, 54, 54, 54",2026-03-25 06:08:53,"Sitelinks, Video, People also ask, Related searches, Discussions and forums, AI overview",commercial,Organic
medical pot doctors,5,5,210,32,115.11,https://www.polln.com/,7,0.14,805,0.06,232,"100, 80, 65, 100, 100, 80, 65, 100, 100, 100, 80, 80",2026-03-20 02:24:53,"Video, Related searches, AI overview",informational,Organic
polln login,5,3,720,12,3.68,https://www.polln.com/contact,7,0.14,25,0.02,51,"100, 81, 81, 54, 54, 81, 81, 67, 54, 81, 100, 67",2026-04-18 01:41:55,"Sitelinks, Video, Related searches","navigational, transactional",Organic
medicinal cannabinoids perth,5,68,210,38,0,https://www.polln.com/locations/perth,7,0.14,0,0,780000,"53, 53, 43, 66, 66, 66, 43, 43, 66, 66, 43, 43",2026-04-20 14:18:08,"Local pack, Video, Related searches, AI overview",commercial,Organic
how much does medical marijuanas cost,2,2,90,11,29.2,https://www.polln.com/library/how-much-does-medicinal-cannabis-cost-in-australia,7,0.14,204,0.08,172,"64, 50, 78, 78, 100, 64, 78, 64, 50, 50, 64, 50",2026-04-16 18:32:30,"Sitelinks, Video, Related searches, AI overview",informational,Organic
medical cannabis brisbane,8,8,320,36,0,https://www.polln.com/,7,0.14,0,0,0,"32, 21, 26, 26, 26, 26, 48, 48, 39, 39, 48, 39",2026-03-10 02:00:08,"Local pack, Sitelinks, Video, Related searches, AI overview",informational,Organic
thc vaping,9,0,720,70,0,https://www.polln.com/library/ultimate-guide-to-vaping-medicinal-cannabis,6,0.12,0,0,13300000,"0, 0, 0, 0, 0, 0, 0, 0, 79, 79, 100, 100",2026-04-11 05:44:16,"Sitelinks, Video, Related searches, Discussions and forums, AI overview",informational,Organic
weed vaping,5,5,1300,27,0,https://www.polln.com/library/ultimate-guide-to-vaping-medicinal-cannabis,6,0.12,0,0,21700000,"0, 0, 0, 0, 0, 0, 0, 0, 81, 100, 81, 53",2026-03-27 00:14:27,"Sitelinks, Video, Video Carousel, People also ask, Related searches, Discussions and forums, AI overview",informational,Organic
how long does cannabis stay in your system for,1,1,1300,60,0,https://www.polln.com/library/how-long-does-cannabis-stay-in-your-system,6,0.12,0,0,138,"36, 29, 29, 5, 8, 3, 0, 29, 2, 2, 100, 100",2026-03-10 09:10:04,"Sitelinks, Video, Related searches, Discussions and forums, AI overview",informational,AI overview
cannabis prescription online,5,4,140,39,0,https://www.polln.com/,6,0.12,0,0,207,"15, 15, 11, 26, 15, 19, 100, 100, 80, 80, 100, 100",2026-04-21 06:00:39,"Video, People also ask, Related searches",informational,Organic
sativa indica difference,8,8,720,61,0,https://www.polln.com/library/sativa-vs-indica-vs-hybrid-cannabis-what-to-expect,6,0.12,0,0,148,"76, 24, 55, 45, 100, 100, 24, 3, 1, 10, 76, 100",2026-04-04 10:55:12,"Image pack, Sitelinks, Video, Image, Related searches, Discussions and forums, AI overview",informational,Organic
medical cannabis delivery,2,0,50,39,0,https://www.polln.com/,6,0.12,0,0,59900000,"9, 0, 9, 9, 9, 9, 63, 63, 63, 63, 100, 100",2026-04-29 14:58:15,"Knowledge panel, Video, People also ask, Related searches, Discussions and forums",informational,Organic
buy weed online,5,5,140,38,0,https://www.polln.com/,6,0.12,0,0,185,"23, 23, 23, 23, 23, 23, 28, 28, 23, 23, 23, 23",2026-03-21 00:05:27,Image,transactional,Organic
medical marijuana online,5,4,140,50,0,https://www.polln.com/,6,0.12,0,0,226,"19, 19, 26, 26, 42, 26, 100, 100, 80, 65, 65, 42",2026-04-05 16:40:30,Video,commercial,Organic
weed prescription online,4,4,210,44,0,https://www.polln.com/,6,0.12,0,0,31800000,"28, 65, 34, 81, 81, 65, 65, 100, 81, 81, 100, 100",2026-04-06 03:50:57,"Video, Related searches, Discussions and forums",commercial,Organic
sativa's,1,0,1300,62,0,https://www.polln.com/library/sativa-vs-indica-vs-hybrid-cannabis-what-to-expect,6,0.12,0,0,288000,"66, 0, 0, 100, 100, 66, 3, 0, 0, 0, 0, 66",2026-04-17 14:29:23,"Video, Video Carousel, Related searches, AI overview",commercial,AI overview
online cannabis prescription,8,8,210,47,0,https://www.polln.com/,5,0.1,0,0,0,"65, 81, 53, 65, 65, 53, 65, 34, 53, 43, 65, 100",2026-03-07 21:04:40,"Video, Related searches, AI overview",commercial,Organic
free medical cannabis consultation,5,5,170,46,0,https://www.polln.com/,5,0.1,0,0,123,"19, 15, 19, 19, 23, 19, 19, 23, 29, 29, 23, 23",2026-03-24 02:52:55,"Video, Related searches, AI overview",informational,Organic
how much does medicinal cannabis cost,3,3,90,11,29.2,https://www.polln.com/library/how-much-does-medicinal-cannabis-cost-in-australia,5,0.1,146,0.08,0,"64, 50, 35, 50, 100, 64, 78, 64, 50, 50, 50, 50",2026-03-08 01:05:38,"Video, Related searches, AI overview",informational,Organic
medical marijuanas canberra,3,3,70,29,0,https://www.polln.com/locations/canberra,5,0.1,0,0,332000,"63, 63, 45, 63, 63, 9, 63, 81, 63, 63, 100, 63",2026-03-27 15:42:49,"Sitelinks, Video, Related searches, AI overview",informational,Organic
what's the difference between sativa and indica,1,1,90,69,0,https://www.polln.com/library/sativa-vs-indica-vs-hybrid-cannabis-what-to-expect,5,0.1,0,0,22300000,"34, 100, 19, 19, 19, 26, 34, 34, 34, 42, 34, 0",2026-03-23 21:57:56,"Image pack, Sitelinks, Video, Related searches, AI overview",informational,AI overview
online cbd prescription,4,4,90,50,20.86,https://www.polln.com/,5,0.1,104,0.88,0,"64, 50, 50, 50, 50, 64, 78, 64, 64, 78, 100, 64",2026-03-18 14:03:38,"Video, Related searches",commercial,Organic
medical canna clinic,6,6,260,45,0,https://www.polln.com/,5,0.1,0,0,67800000,"82, 100, 53, 66, 82, 66, 43, 66, 82, 66, 53, 43",2026-03-29 09:40:37,"Local pack, Video, Related searches, Discussions and forums",commercial,Organic
weed vaporizing,16,12,3600,60,0,https://www.polln.com/library/ultimate-guide-to-vaping-medicinal-cannabis,5,0.1,0,0,139000,"81, 44, 81, 100, 81, 100, 2, 44, 81, 100, 81, 53",2026-04-28 16:58:25,"Video, Video Carousel, People also ask, Related searches, AI overview",informational,Organic
polln review,3,3,70,4,3.57,https://www.polln.com/pricing,5,0.1,17,0.17,0,"52, 11, 11, 52, 11, 0, 64, 82, 41, 52, 64, 29",2026-03-15 15:55:06,"Sitelinks, Related searches, AI overview",commercial,Organic
medical marijuanas prices,3,5,90,13,0,https://www.polln.com/library/how-much-does-medicinal-cannabis-cost-in-australia,5,0.1,0,0.03,27900000,"33, 52, 42, 52, 66, 42, 33, 33, 33, 33, 33, 33",2026-04-21 05:02:13,"Video, Related searches, AI overview",informational,Organic
medical marijuanas qld online,8,8,210,41,0,https://www.polln.com/,5,0.1,0,0,187000,"67, 16, 13, 8, 3, 6, 13, 16, 13, 13, 16, 6",2026-03-29 10:18:49,"Video, Related searches, AI overview",informational,Organic
cannabis vaporization,19,16,3600,34,0,https://www.polln.com/library/ultimate-guide-to-vaping-medicinal-cannabis,5,0.1,0,0,753000,"81, 44, 81, 100, 81, 100, 2, 44, 81, 100, 81, 53",2026-04-27 18:06:22,"Sitelinks, Video, People also ask, Related searches, AI overview",informational,Organic
medical marijuanas nsw cost,9,8,260,6,27.9,https://www.polln.com/library/how-much-does-medicinal-cannabis-cost-in-australia,5,0.1,139,0.73,289000,"66, 82, 82, 66, 82, 66, 82, 82, 82, 66, 66, 53",2026-04-02 05:23:20,"Sitelinks, Video, Related searches, AI overview",informational,Organic
sativa or indica,8,8,590,76,0,https://www.polln.com/library/sativa-vs-indica-vs-hybrid-cannabis-what-to-expect,4,0.08,0,0,19500000,"20, 67, 76, 100, 20, 45, 36, 55, 45, 55, 36, 55",2026-03-27 18:16:58,"Knowledge panel, Sitelinks, Video, Related searches, Discussions and forums",informational,Organic
how long does weed stay in your blood system,6,6,210,58,0,https://www.polln.com/library/how-long-does-cannabis-stay-in-your-system,4,0.08,0,0,0,"66, 43, 66, 43, 43, 43, 35, 35, 53, 53, 53, 43",2026-03-10 23:02:22,"Video, Discussions and forums, AI overview",informational,Organic
authorised prescriber adelaide,2,2,50,25,65.96,https://www.polln.com/locations/adelaide,4,0.08,263,0.56,67,"5, 3, 3, 3, 3, 3, 4, 4, 3, 2, 3, 2",2026-04-07 19:11:44,"Video, Related searches, AI overview",informational,Organic
does weed show up on a blood test,4,4,170,59,0,https://www.polln.com/library/how-long-does-cannabis-stay-in-your-system,4,0.08,0,0,50700000,"65, 65, 53, 65, 65, 65, 65, 100, 65, 65, 80, 42",2026-03-15 00:04:55,"Sitelinks, Image, Related searches, Discussions and forums, AI overview",informational,Organic
online medical marijuana australia,4,0,70,47,0,https://www.polln.com/,4,0.08,0,0,9390000,"5, 5, 5, 5, 5, 11, 82, 100, 82, 52, 52, 41",2026-04-12 06:41:45,"Video, Related searches, AI overview",commercial,Organic
sativa vs indica bud,9,9,1600,61,0,https://www.polln.com/library/sativa-vs-indica-vs-hybrid-cannabis-what-to-expect,4,0.08,0,0,7480000,"65, 3, 4, 3, 100, 81, 3, 54, 3, 2, 54, 81",2026-03-28 06:02:47,"Image pack, Sitelinks, Video, People also ask, Related searches, Discussions and forums, AI overview","commercial, informational",Organic
how long does cannabis stay in your blood,5,5,170,62,0,https://www.polln.com/library/how-long-does-cannabis-stay-in-your-system,4,0.08,0,0,0,"100, 80, 80, 65, 65, 65, 53, 65, 53, 65, 100, 80",2026-03-10 22:49:20,"Video, Discussions and forums, AI overview",informational,Organic
alternative therapy medication online,2,0,50,48,0,https://www.polln.com/,4,0.08,0,0,104,"42, 100, 57, 57, 57",2026-04-13 03:05:42,"Video, People also ask, Related searches, AI overview","commercial, informational",Organic
pharmaceutical drugs online,3,3,140,30,2.5,https://www.polln.com/,4,0.08,10,0.85,45,"80, 80, 42, 53, 53, 53, 42, 53, 42, 34, 65, 42",2026-03-25 07:16:03,"Sitelinks, Video, Image, People also ask, Related searches",commercial,Organic
can you take medical weed on a plane,1,6,50,25,0,https://www.polln.com/library/travelling-as-a-medicinal-cannabis-patient-in-australia-what-you-need-to-know,4,0.08,0,0.33,608000,"78, 50, 35, 35, 35, 35, 50, 28, 14, 14, 14, 14",2026-04-02 00:08:53,"Sitelinks, Discussions and forums, AI overview",informational,Organic
medical cannabis prescription online,4,4,70,44,0,https://www.polln.com/,4,0.08,0,0,45400000,"18, 100, 100, 18, 100, 63, 63, 36, 81, 45, 63, 81",2026-04-07 20:19:05,"Video, Related searches, Discussions and forums",commercial,Organic
polln login,8,8,720,12,3.68,https://www.polln.com/pricing,4,0.08,14,0.02,51,"100, 81, 81, 54, 54, 81, 81, 67, 54, 81, 100, 67",2026-04-18 01:41:55,"Sitelinks, Video, Related searches","navigational, transactional",Organic
polln login,9,25,720,12,3.68,https://www.polln.com/condition/mental-health,4,0.08,14,0.02,51,"100, 81, 81, 54, 54, 81, 81, 67, 54, 81, 100, 67",2026-04-18 01:41:55,"Sitelinks, Video, Related searches","navigational, transactional",Organic
cannabis doctors australia,7,7,170,52,0,https://www.polln.com/,4,0.08,0,0,6400000,"13, 13, 16, 10, 13, 8, 16, 10, 10, 6, 6, 6",2026-03-25 13:03:42,"Local pack, Video, Image, Related searches",commercial,Organic
indica vs sativa vs hybrid,1,1,140,61,0,https://www.polln.com/library/sativa-vs-indica-vs-hybrid-cannabis-what-to-expect,4,0.08,0,0,150,"82, 100, 100, 82, 82, 64, 82, 64, 82, 82, 64, 52",2026-03-15 14:44:31,"Image pack, Sitelinks, Video, Video Carousel, Related searches, Short videos, Discussions and forums, AI overview","commercial, informational",AI overview
cannabis clinic australia,5,5,140,45,0,https://www.polln.com/,4,0.08,0,0,0,"34, 26, 34, 26, 26, 26, 80, 80, 80, 80, 100, 80",2026-03-15 13:37:43,"Local pack, Video, Related searches",commercial,Organic
how long does weed stay in bloodstream,1,1,140,60,0,https://www.polln.com/library/how-long-does-cannabis-stay-in-your-system,4,0.08,0,0,170000000,"64, 82, 64, 82, 82, 82, 64, 82, 100, 64, 64, 100",2026-03-20 02:22:31,"Video, People also ask, Discussions and forums, AI overview",informational,AI overview
how long will thc stay in system,1,1,140,61,0,https://www.polln.com/library/how-long-does-cannabis-stay-in-your-system,4,0.08,0,0,134,"66, 66, 52, 52, 66, 52, 52, 66, 80, 66, 100, 100",2026-03-15 18:33:33,"Sitelinks, Video, Discussions and forums, AI overview",informational,AI overview
does weed show up in a blood test,3,3,140,59,0,https://www.polln.com/library/how-long-does-cannabis-stay-in-your-system,4,0.08,0,0,50300000,"66, 100, 52, 66, 80, 80, 66, 100, 80, 66, 80, 52",2026-03-14 23:42:58,"Discussions and forums, AI overview",informational,Organic
medical cannabis prescription sydney,2,2,90,8,0,https://www.polln.com/locations/sydney,3,0.06,0,0,138,"64, 7, 50, 100, 100",2026-03-17 07:37:49,"Video, Related searches, Discussions and forums, AI overview",informational,Organic
how long does weed stay in your bloodstream,6,6,170,57,0,https://www.polln.com/library/how-long-does-cannabis-stay-in-your-system,3,0.06,0,0,0,"53, 43, 66, 43, 2, 43, 35, 35, 53, 53, 53, 43",2026-03-06 21:55:46,"Video, Discussions and forums, AI overview",informational,Organic
medical cannabis sunshine coast,5,5,70,4,0,https://www.polln.com/locations/sunshine-coast,3,0.06,0,0.33,1320000,"7, 7, 9, 7, 5, 7, 7, 7, 2, 2, 9, 7",2026-03-27 16:37:56,"Knowledge panel, Video, Related searches, Discussions and forums",informational,Organic
how long does cannabis stay in your system for,15,15,1300,60,0,https://www.polln.com/library/how-long-does-cannabis-stay-in-your-system,3,0.06,0,0,138,"36, 29, 29, 5, 8, 3, 0, 29, 2, 2, 100, 100",2026-03-10 09:10:04,"Sitelinks, Video, Related searches, Discussions and forums, AI overview",informational,Organic
medical marijuana brisbane,8,8,210,46,0,https://www.polln.com/locations/brisbane,3,0.06,0,0,145,"59, 9, 11, 11, 11, 9, 26, 26, 21, 26, 32, 26",2026-03-19 05:07:09,"Video, Related searches, Discussions and forums, AI overview",informational,Organic
polln reviews,1,1,50,3,3.57,https://www.polln.com/,3,0.06,10,0.17,0,"17, 11, 17, 11, 41, 41, 100, 5, 29, 17, 0, 41",2026-03-14 08:23:16,"Sitelinks, Related searches, AI overview",commercial,AI overview
polln reviews,3,3,50,3,3.57,https://www.polln.com/,3,0.06,10,0.17,0,"17, 11, 17, 11, 41, 41, 100, 5, 29, 17, 0, 41",2026-03-14 08:23:16,"Sitelinks, Related searches, AI overview",commercial,Organic
alternative medicine australia,5,2,110,49,44.75,https://www.polln.com/,3,0.06,134,0.79,403000000,"29, 64, 41, 52, 41, 52, 64, 82, 64, 64, 100, 64",2026-04-09 00:13:57,"Video, Image, Video Carousel, Related searches, AI overview",informational,Organic
schedule 9 drugs,1,1,110,25,0,https://www.polln.com/library/pharmacy-dispensing-limits-and-intervals,3,0.06,0,0,103,"33, 33, 66, 42, 42, 33, 42, 52, 42, 52, 100, 33",2026-03-26 00:20:13,"Image pack, Sitelinks, Video, Related searches, AI overview",informational,Image pack
what's the difference between sativa indica,1,0,90,68,0,https://www.polln.com/library/sativa-vs-indica-vs-hybrid-cannabis-what-to-expect,3,0.06,0,0,19200000,"78, 0, 78, 100, 100, 78, 78, 100, 0, 0, 0, 100",2026-04-20 19:13:50,"Image pack, Sitelinks, Video, People also ask, Related searches, Short videos, Discussions and forums, AI overview",informational,People also ask
medicinal doctor near me,1,1,50,49,0,https://www.polln.com/,3,0.06,0,0.14,113,"81, 0, 27, 100, 0, 27, 9, 36, 9, 81, 63, 63",2026-03-26 10:10:45,"Local pack, Related searches",transactional,Organic
how to get medical marijuanas card australia 2024,6,13,140,54,63.89,https://www.polln.com/library/getting-access-to-prescription-natural-medicine-in-australia,3,0.06,191,0.77,92,"55, 24, 16, 8, 8, 5, 5, 3, 3, 3, 2, 5",2026-04-10 00:21:05,"Video, Related searches, Discussions and forums, AI overview",informational,Organic
medical cannabis gold coast,8,26,140,19,0,https://www.polln.com/locations/gold-coast,3,0.06,0,0,2130000,"33, 33, 23, 23, 42, 23, 80, 100, 100, 80, 80, 80",2026-04-02 01:13:07,"Knowledge panel, Video, Related searches",informational,Organic
when do prescriptions expire australia,6,19,170,21,0,https://www.polln.com/faqs/do-my-prescriptions-expire,3,0.06,0,0,602000,"44, 35, 35, 28, 28, 23, 23, 23, 23, 23, 23, 18",2026-04-19 11:01:53,"Sitelinks, Featured snippet, People also ask, Related searches",informational,Organic
indica sativa difference,1,1,590,63,0,https://www.polln.com/library/sativa-vs-indica-vs-hybrid-cannabis-what-to-expect,3,0.06,0,0,6230000,"52, 20, 46, 37, 46, 37, 16, 16, 31, 11, 25, 25",2026-04-20 21:01:20,"Image pack, Sitelinks, Video, Image, Video Carousel, People also ask, Related searches, Short videos, Discussions and forums, AI overview",informational,AI overview
clinic weed,6,9,90,44,71.13,https://www.polln.com/,3,0.06,213,0.3,51500000,"63, 63, 63, 63, 81, 81, 63, 81, 100, 100, 81, 81",2026-04-07 14:52:02,"Video, Related searches",commercial,Organic
sativa indica difference,1,0,720,61,0,https://www.polln.com/library/sativa-vs-indica-vs-hybrid-cannabis-what-to-expect,3,0.06,0,0,148,"76, 24, 55, 45, 100, 100, 24, 3, 1, 10, 76, 100",2026-04-04 10:55:12,"Image pack, Sitelinks, Video, Image, Related searches, Discussions and forums, AI overview",informational,AI overview
indica meaning,12,8,1300,50,0,https://www.polln.com/library/sativa-vs-indica-vs-hybrid-cannabis-what-to-expect,3,0.06,0,0,43300000,"3, 1, 1, 1, 1, 0, 100, 4, 2, 2, 1, 1",2026-03-27 18:30:02,"Knowledge panel, Image pack, Video, People also ask, Related searches",informational,Organic
medical marijuanas online,5,5,70,43,74.47,https://www.polln.com/,3,0.06,223,0.06,0,"15, 3, 21, 9, 6, 12, 21, 21, 21, 100, 21, 21",2026-03-19 04:04:07,Video,commercial,Organic
price of medical marijuanas,2,2,50,9,20.9,https://www.polln.com/library/how-much-does-medicinal-cannabis-cost-in-australia,3,0.06,62,0.22,45400000,"41, 11, 17, 100, 29, 17, 17, 23, 17, 29, 23, 29",2026-03-20 02:10:05,"Sitelinks, Video, Related searches, AI overview",informational,Organic
cost of medical marijuanas,4,2,110,34,20.9,https://www.polln.com/library/how-much-does-medicinal-cannabis-cost-in-australia,3,0.06,62,0.22,63400000,"52, 66, 52, 66, 100, 66, 52, 52, 33, 52, 52, 33",2026-04-29 09:02:36,"Sitelinks, Video, People also ask, Related searches, Discussions and forums, AI overview",informational,Organic
medical cannabis doctors australia,4,0,50,,0,https://www.polln.com/,3,0.06,0,0,3450000,"9, 9, 19, 9, 9, 9, 23, 23, 23, 23, 100, 19",2026-04-14 22:15:53,"Knowledge panel, Video, Image, Related searches",informational,Organic
medical weed online,5,5,70,49,0,https://www.polln.com/,3,0.06,0,0,225,"36, 27, 45, 45, 81, 81, 100, 100, 100, 81, 81, 45",2026-03-21 17:51:31,"Video, Related searches",commercial,Organic
medicinal marijuanas brisbane,9,9,170,43,0,https://www.polln.com/locations/brisbane,3,0.06,0,0,150,"67, 1, 12, 12, 54, 29, 10, 15, 10, 12, 12, 10",2026-03-25 03:58:48,"Local pack, Video, Related searches",commercial,Organic
best medical cannabis australia,1,0,90,39,0,https://www.polln.com/,3,0.06,0,0,24000000,"0, 0, 0, 5, 23, 29, 82, 82, 82, 100, 100, 64",2026-04-11 22:30:20,"Sitelinks, Video, Related searches, Discussions and forums, AI overview",commercial,AI overview
best cannabis clinic australia,1,1,110,49,0,https://www.polln.com/,3,0.06,0,0,3960000,"33, 19, 42, 33, 52, 100, 80, 80, 80, 66, 52, 52",2026-03-22 13:52:04,"Knowledge panel, Sitelinks, Video, People also ask, Related searches, Discussions and forums, AI overview",commercial,AI overview
how long thc stay in blood,6,6,140,54,0,https://www.polln.com/library/how-long-does-cannabis-stay-in-your-system,3,0.06,0,0,122,"0, 0, 0, 0, 0, 81, 65, 81, 81, 81, 65, 65",2026-03-16 18:56:22,"Video, Discussions and forums, AI overview",informational,Organic
medical cannabis adelaide,6,6,140,39,0,https://www.polln.com/locations/adelaide,3,0.06,0,0,0,"34, 34, 26, 26, 26, 19, 65, 65, 65, 80, 100, 80",2026-03-10 22:31:31,"Local pack, Video, Related searches",commercial,Organic
aus medical weed,16,16,2400,58,60.24,https://www.polln.com/,3,0.06,180,0.48,206,"80, 80, 100, 80, 80, 66, 3, 36, 80, 66, 66, 66",2026-04-23 02:43:20,"Video, Video Carousel, People also ask, Related searches, AI overview",informational,Organic
when do scripts expire,5,12,110,16,0,https://www.polln.com/faqs/do-my-prescriptions-expire,3,0.06,0,0.33,12800000,"100, 64, 64, 52, 52, 52, 41, 52, 100, 41, 41, 41",2026-04-16 11:46:41,"Sitelinks, Related searches, AI overview",informational,Organic
how long is weed in your system for,1,1,110,59,0,https://www.polln.com/library/how-long-does-cannabis-stay-in-your-system,3,0.06,0,0,67600000,"23, 17, 35, 66, 35, 17, 12, 17, 17, 17, 17, 23",2026-03-20 17:21:28,"Video, People also ask, Discussions and forums, AI overview",informational,AI overview
online medical cannabis,4,0,50,47,0,https://www.polln.com/,3,0.06,0,0,113000000,"33, 44, 44, 11, 33, 33, 55, 100, 77, 100, 100, 100",2026-04-15 03:53:00,"Video, Related searches, Discussions and forums",commercial,Organic
indica vs sativa vs hybrid,5,5,140,61,0,https://www.polln.com/library/sativa-vs-indica-vs-hybrid-cannabis-what-to-expect,3,0.06,0,0,150,"82, 100, 100, 82, 82, 64, 82, 64, 82, 82, 64, 52",2026-03-15 14:44:31,"Image pack, Sitelinks, Video, Video Carousel, Related searches, Short videos, Discussions and forums, AI overview","commercial, informational",Organic
what is sativa,9,9,210,71,0,https://www.polln.com/library/sativa-vs-indica-vs-hybrid-cannabis-what-to-expect,3,0.06,0,0,0,"65, 80, 100, 100, 100, 65, 80, 80, 80, 80, 100, 100",2026-03-14 10:47:33,"Image pack, Video, Related searches, AI overview",informational,Organic
buy medical cannabinoids online,3,3,40,41,41.92,https://www.polln.com/,3,0.06,125,0.23,18600000,"63, 63, 36, 63, 81, 81, 18, 18, 18, 18, 18, 18",2026-04-19 20:33:14,"Video, Related searches",transactional,Organic
doctors who can prescribe cbd oil in adelaide,1,1,110,3,0,https://www.polln.com/practitioners/dr-joel-wren,3,0.06,0,0,92,"64, 100, 64, 52, 52, 52, 52, 52, 64, 64, 64, 52",2026-03-06 07:26:48,"Sitelinks, Video, Related searches, Discussions and forums, AI overview",informational,AI overview
doctors who can prescribe cbd oil in adelaide,3,3,110,3,0,https://www.polln.com/practitioners/dr-joel-wren,3,0.06,0,0,92,"64, 100, 64, 52, 52, 52, 52, 52, 64, 64, 64, 52",2026-03-06 07:26:48,"Sitelinks, Video, Related searches, Discussions and forums, AI overview",informational,Organic
drug schedules australia,4,4,260,35,0,https://www.polln.com/library/pharmacy-dispensing-limits-and-intervals,3,0.06,0,0,0,"14, 39, 39, 32, 32, 21, 21, 21, 26, 32, 21, 17",2026-03-16 03:37:33,"Image pack, Related searches, AI overview",informational,Image pack
volcano medic 2 australia,5,5,90,9,0,https://shop.polln.com/products/volcano-medic-2,3,0.06,0,0,174,"100, 100, 100, 100, 81, 100, 100, 81, 45, 81, 100, 63",2026-03-28 18:24:56,"Video, People also ask, Related searches","commercial, informational",Organic
medical cannabis clinic australia,2,2,110,42,0,https://www.polln.com/,3,0.06,0,0,4770000,"33, 23, 33, 42, 33, 33, 52, 66, 66, 80, 100, 80",2026-03-26 04:54:16,"Local pack, Video, Related searches, Discussions and forums",commercial,Organic
medical marijuana clinic,5,5,110,50,0,https://www.polln.com/,3,0.06,0,0,48500000,"2, 29, 29, 29, 29, 29, 29, 22, 14, 29, 29, 14",2026-03-30 03:24:39,"Local pack, Video, Image, Related searches",commercial,Organic
medical cannabis online consultation,4,0,50,46,0,https://www.polln.com/,3,0.06,0,0,10600000,"11, 11, 11, 22, 22, 22, 100, 100, 100, 77, 55, 77",2026-04-29 14:54:39,"Video, Image, Related searches",informational,Organic
medicinal cannabinoids sydney,9,9,170,37,0,https://www.polln.com/locations/sydney,3,0.06,0,0,8560000,"66, 35, 43, 53, 53, 53, 35, 43, 35, 43, 43, 43",2026-03-21 01:05:08,"Knowledge panel, Sitelinks, Video, Ads bottom, Related searches, AI overview",informational,Organic
med card,3,0,90,56,0,https://www.polln.com/faqs/how-do-i-get-a-medical-card-in-australia,3,0.06,0,0,2730000000,"65, 65, 100, 43, 65, 3, 3, 3, 0, 0, 3, 3",2026-04-29 14:01:42,"Sitelinks, People also ask, Related searches, AI overview",informational,Organic
vaporizing cannabis,12,5,2400,34,0,https://www.polln.com/library/ultimate-guide-to-vaping-medicinal-cannabis,3,0.06,0,0,23100000,"81, 44, 81, 100, 81, 100, 10, 44, 2, 1, 0, 2",2026-04-26 06:59:45,"Sitelinks, Video, Video Carousel, People also ask, Related searches, Discussions and forums, AI overview",informational,Organic
how long does marijuana stay in system driving,1,1,50,42,0,https://www.polln.com/library/how-long-does-cannabis-stay-in-your-system,3,0.06,0,0,16200000,"11, 26, 53, 65, 15, 7, 7, 11, 15, 11, 3, 0",2026-03-26 10:05:27,"Sitelinks, Video, People also ask, Related searches, Discussions and forums, AI overview",informational,AI overview
cannabis online,7,7,140,43,0,https://www.polln.com/,3,0.06,0,0,580000000,"35, 35, 35, 35, 35, 35, 35, 35, 35, 35, 35, 35",2026-03-22 12:05:45,"Video, Discussions and forums",informational,Organic
vaporizing weed,14,63,1600,67,0,https://www.polln.com/library/ultimate-guide-to-vaping-medicinal-cannabis,2,0.04,0,0,8410000,"100, 54, 3, 3, 2, 4, 54, 54, 2, 2, 100, 65",2026-04-22 03:57:36,"Video, Video Carousel, People also ask, Related searches, Discussions and forums, AI overview",informational,Organic
vape pen for weed,3,0,170,44,0,https://www.polln.com/library/ultimate-guide-to-vaping-medicinal-cannabis,2,0.04,0,0,17000000,"10, 6, 10, 14, 18, 18, 22, 18, 100, 66, 66, 66",2026-04-04 11:00:43,"Video, People also ask, Related searches",commercial,People also ask
indica hybrid,1,0,70,47,0,https://www.polln.com/library/sativa-vs-indica-vs-hybrid-cannabis-what-to-expect,2,0.04,0,0,26900000,"81, 63, 45, 63, 63, 63, 81, 100, 63, 81, 63, 100",2026-04-16 05:10:12,"Video, Video Carousel, People also ask, Related searches, Short videos, AI overview","commercial, informational",AI overview
how much does a weed cost,6,9,210,11,0,https://www.polln.com/library/how-much-does-medicinal-cannabis-cost-in-australia,2,0.04,0,0.01,167000000,"80, 80, 42, 100, 100, 80, 42, 80, 80, 65, 80, 65",2026-04-24 14:24:18,"Sitelinks, Video, People also ask, Related searches, Discussions and forums, AI overview",informational,Organic
polln reviews,4,4,50,3,3.57,https://www.polln.com/pricing,2,0.04,7,0.17,0,"17, 11, 17, 11, 41, 41, 100, 5, 29, 17, 0, 41",2026-03-14 08:23:16,"Sitelinks, Related searches, AI overview",commercial,Organic
polln contact,1,0,90,14,4.26,https://www.polln.com/,2,0.04,8,0.13,52,"63, 100, 100, 63, 63, 63, 100, 81, 63, 100, 63, 81",2026-04-28 06:23:21,"Local pack, Related searches",navigational,Local pack
medicinal cannabis adelaide,8,4,110,51,0,https://www.polln.com/locations/adelaide,2,0.04,0,0,125,"66, 42, 52, 52, 80, 52, 42, 42, 52, 42, 66, 42",2026-04-07 19:58:03,"Local pack, Video, Related searches",commercial,Organic
for how long does weed stay in your system,15,15,1600,62,0,https://www.polln.com/library/how-long-does-cannabis-stay-in-your-system,2,0.04,0,0,122000000,"24, 34, 44, 34, 34, 20, 30, 55, 55, 82, 82, 100",2026-04-02 17:14:33,"Video, People also ask, Short videos, Discussions and forums, AI overview",informational,Organic
medicinal cannabinoids adelaide,5,5,110,37,0,https://www.polln.com/locations/adelaide,2,0.04,0,0,0,"64, 82, 64, 82, 82, 64, 41, 52, 82, 41, 64, 52",2026-03-19 10:06:52,"Local pack, Video, Related searches, AI overview",informational,Organic
medical marijuanas vape,4,0,50,13,0,https://www.polln.com/library/ultimate-guide-to-vaping-medicinal-cannabis,2,0.04,0,0,6980000,"0, 0, 0, 0, 0, 0, 0, 0, 100, 82, 82, 82",2026-04-29 15:01:33,"Video, Video Carousel, Related searches, Discussions and forums, AI overview",informational,Organic
difference between sativa and indica,9,11,590,68,0,https://www.polln.com/library/sativa-vs-indica-vs-hybrid-cannabis-what-to-expect,2,0.04,0,0,21600000,"76, 55, 55, 36, 45, 24, 55, 45, 76, 24, 76, 30",2026-04-03 11:41:12,"Image pack, Sitelinks, Video, Related searches, Discussions and forums, AI overview",informational,Organic
how to get medical marijuanas card australia 2024,1,1,140,54,63.89,https://www.polln.com/library/getting-access-to-prescription-natural-medicine-in-australia,2,0.04,127,0.77,92,"55, 24, 16, 8, 8, 5, 5, 3, 3, 3, 2, 5",2026-04-10 00:21:05,"Video, Related searches, Discussions and forums, AI overview",informational,AI overview
indica,28,27,3600,65,0,https://www.polln.com/library/sativa-vs-indica-vs-hybrid-cannabis-what-to-expect,2,0.04,0,0,286000000,"54, 19, 15, 19, 15, 15, 100, 29, 23, 19, 15, 13",2026-04-26 11:23:25,"Knowledge panel, Video, Video Carousel, People also ask, Related searches",informational,Organic
medical cannabis australia,14,0,1600,65,0,https://www.polln.com/,2,0.04,0,0,34000000,"53, 29, 24, 18, 24, 29, 29, 24, 18, 24, 44, 35",2026-04-26 15:25:22,"Local pack, Video, Image, People also ask, Related searches, Discussions and forums, AI overview",informational,Organic
medicinal cannabis sunshine coast,4,4,50,4,0,https://www.polln.com/locations/sunshine-coast,2,0.04,0,0.33,129,"64, 50, 35, 50, 35, 50, 35, 35, 14, 14, 14, 14",2026-03-25 03:47:22,"Knowledge panel, Video, Related searches, AI overview",informational,Organic
sativa indica difference,11,8,720,61,0,https://www.polln.com/library/sativa-vs-indica-vs-hybrid-cannabis-what-to-expect,2,0.04,0,0,148,"76, 24, 55, 45, 100, 100, 24, 3, 1, 10, 76, 100",2026-04-04 10:55:12,"Image pack, Sitelinks, Video, Image, Related searches, Discussions and forums, AI overview",informational,Organic
cannibis vape,9,0,110,48,0,https://www.polln.com/library/ultimate-guide-to-vaping-medicinal-cannabis,2,0.04,0,0,60700000,"3, 1, 3, 5, 5, 3, 5, 1, 100, 81, 0, 0",2026-04-11 10:54:44,"Video, Related searches",commercial,Organic
how to obtain a medical card,5,0,90,59,34.11,https://www.polln.com/faqs/how-do-i-get-a-medical-card-in-australia,2,0.04,68,0.41,1310000000,"100, 100, 100, 100, 100, 100, 63, 81, 63, 63, 36, 63",2026-04-27 02:50:03,"Sitelinks, Video, People also ask, Related searches, AI overview",informational,Organic
easy cannabis clinic,6,6,90,49,0,https://www.polln.com/,2,0.04,0,0,27800000,"64, 64, 64, 64, 82, 100, 64, 0, 11, 11, 11, 17",2026-03-21 10:48:43,AI overview,informational,Organic
medical marijuana prescription online,5,0,50,,0,https://www.polln.com/,2,0.04,0,0,207,"7, 7, 14, 7, 14, 14, 100, 100, 64, 35, 50, 14",2026-04-14 07:34:57,"Video, People also ask, Related searches",commercial,Organic
how can i get my medical card,6,0,90,58,34.11,https://www.polln.com/faqs/how-do-i-get-a-medical-card-in-australia,2,0.04,68,0.41,1540000000,"100, 100, 100, 100, 100, 100, 63, 81, 63, 63, 9, 63",2026-04-27 04:43:36,"Video, People also ask, Related searches, AI overview",informational,Organic
medical marijuana doctor,10,11,140,25,0,https://www.polln.com/,2,0.04,0,0,65500000,"29, 29, 29, 29, 29, 29, 29, 22, 29, 29, 29, 29",2026-04-04 02:15:22,"Video, Image, Related searches, AI overview",informational,Organic
best medical cannabis australia,4,0,90,39,0,https://www.polln.com/,2,0.04,0,0,24000000,"0, 0, 0, 5, 23, 29, 82, 82, 82, 100, 100, 64",2026-04-11 22:30:20,"Sitelinks, Video, Related searches, Discussions and forums, AI overview",commercial,Organic
polln review,4,4,70,4,3.57,https://www.polln.com/alternative-healthcare,2,0.04,7,0.17,0,"52, 11, 11, 52, 11, 0, 64, 82, 41, 52, 64, 29",2026-03-15 15:55:06,"Sitelinks, Related searches, AI overview",commercial,Organic
flying with medical marijuanas qld,6,6,110,16,6.11,https://www.polln.com/library/travelling-as-a-medicinal-cannabis-patient-in-australia-what-you-need-to-know,2,0.04,12,0.03,16900,"64, 64, 64, 64, 64, 64, 82, 100, 82, 64, 52, 41",2026-04-14 20:20:01,"Sitelinks, Video, Related searches, Discussions and forums, AI overview",informational,Organic
how long does weed stay on ur system,8,8,210,53,0,https://www.polln.com/library/how-long-does-cannabis-stay-in-your-system,2,0.04,0,0,139,"0, 0, 0, 0, 0, 0, 0, 100, 0, 0, 0, 31",2026-03-18 20:53:04,"Video, Discussions and forums, AI overview",informational,Organic
medical cannabis consult,5,5,90,39,0,https://www.polln.com/,2,0.04,0,0,0,"63, 63, 100, 100, 63, 63, 45, 81, 100, 63, 63, 63",2026-03-07 13:19:11,"Video, Related searches, Discussions and forums",commercial,Organic
buy medical marijuanas online,7,6,70,48,41.92,https://www.polln.com/,2,0.04,83,0.23,194,"63, 63, 36, 63, 81, 81, 27, 45, 45, 63, 45, 45",2026-04-19 20:40:33,"Video, People also ask, Related searches",transactional,Organic
what is cbd oil,15,15,590,92,0,https://www.polln.com/library/cbd-oil-explained,2,0.04,0,0,223,"24, 16, 20, 16, 36, 7, 16, 30, 24, 30, 30, 20",2026-04-03 21:47:27,"Video, Related searches, AI overview",informational,Organic
medicinal cannabis online,4,10,70,44,0,https://www.polln.com/,2,0.04,0,0,110000000,"71, 100, 100, 71, 71, 71, 100, 100, 100, 71, 71, 100",2026-04-26 00:06:02,"Video, People also ask, Related searches, Discussions and forums",informational,Organic
list of authorised prescribers nsw,5,5,260,27,108.85,https://www.polln.com/locations/sydney,2,0.04,217,0.57,5130,"81, 44, 36, 29, 54, 44, 36, 29, 23, 19, 19, 29",2026-03-24 21:01:46,"Related searches, AI overview",informational,Organic
cannabisöl shop,10,8,170,44,0,https://www.polln.com/,2,0.04,0,0,143,"80, 100, 42, 53, 53, 53, 42, 53, 65, 65, 65, 65",2026-04-06 16:25:52,"Local pack, Sitelinks, Video, Image, Related searches",commercial,Organic
how much is medical marijuanas,1,0,110,13,28.33,https://www.polln.com/library/how-much-does-medicinal-cannabis-cost-in-australia,2,0.04,56,0.19,167,"52, 82, 52, 82, 64, 64, 29, 52, 52, 82, 52, 52",2026-04-29 14:30:33,"Video, People also ask, Related searches, AI overview",informational,AI overview
online cannabis dispensary australia,5,5,110,49,0,https://www.polln.com/,2,0.04,0,0,738000,"17, 29, 64, 52, 64, 52, 82, 64, 82, 100, 100, 64",2026-03-25 07:02:46,"Video, Image, People also ask, Related searches, Discussions and forums, AI overview",informational,Organic
cannabis prescription melbourne,5,5,70,39,0,https://www.polln.com/locations/melbourne,2,0.04,0,0.33,605000,"78, 50, 35, 50, 64, 50, 50, 50, 50, 50, 50, 78",2026-03-25 02:43:40,"Local pack, Video, Related searches",commercial,Organic
medicinal cannabis price,7,8,90,16,0,https://www.polln.com/library/how-much-does-medicinal-cannabis-cost-in-australia,2,0.04,0,0.03,34100000,"63, 100, 81, 81, 100, 81, 63, 63, 63, 63, 63, 63",2026-04-03 01:20:58,"Video, Related searches, AI overview",transactional,Organic
medical marijuana south australia,7,0,90,39,0,https://www.polln.com/locations/adelaide,2,0.04,0,0,6890000,"17, 11, 17, 23, 17, 17, 82, 82, 82, 100, 82, 100",2026-04-11 14:59:07,"Video, Image, Related searches, AI overview",informational,Organic
order weed online,9,9,90,39,0,https://www.polln.com/,2,0.04,0,0,183,"4, 29, 29, 29, 29, 29, 29, 22, 2, 2, 2, 2",2026-03-30 02:19:07,Image,commercial,Organic
can i help clinic,6,6,70,39,5.81,https://www.polln.com/,2,0.04,11,0.75,1620000000,"1, 1, 4, 3, 2, 3, 3, 6, 6, 6, 6, 5",2026-03-30 12:51:00,"Ads bottom, AI overview",informational,Organic
medicinal cannabis clinic australia,4,0,50,50,0,https://www.polln.com/,2,0.04,0,0,699000,"3, 18, 3, 0, 0, 11, 8, 11, 18, 11, 15, 11",2026-04-14 08:03:47,"Local pack, Video, Related searches, Discussions and forums",commercial,Organic
how long does it for weed to leave your system,14,14,320,61,0,https://www.polln.com/library/how-long-does-cannabis-stay-in-your-system,2,0.04,0,0,0,"100, 81, 43, 54, 66, 54, 35, 54, 66, 81, 81, 66",2026-03-18 14:08:32,"Sitelinks, Featured snippet",informational,Organic
medical weed card,1,1,70,61,48.48,https://www.polln.com/library/getting-access-to-prescription-natural-medicine-in-australia,2,0.04,96,0.18,229,"52, 33, 42, 33, 52, 33, 33, 42, 33, 33, 33, 33",2026-03-20 02:58:04,"Video, People also ask, Related searches, Discussions and forums, AI overview",informational,AI overview
online medical marijuana,4,0,50,47,0,https://www.polln.com/,2,0.04,0,0,66800000,"33, 33, 33, 33, 33, 22, 55, 55, 100, 100, 100, 100",2026-04-14 12:41:11,"Video, Related searches, AI overview",commercial,Organic
cannabis brisbane,7,16,90,48,0,https://www.polln.com/locations/brisbane,2,0.04,0,0,138,"64, 64, 50, 50, 50, 50, 64, 64, 78, 78, 50, 64",2026-03-31 22:36:34,"Local pack, Video, Related searches",informational,Organic
how long does the thc stay in your blood,12,12,320,53,0,https://www.polln.com/library/how-long-does-cannabis-stay-in-your-system,1,0.02,0,0,323000000,"100, 100, 100, 100, 81, 81, 81, 81, 81, 81, 81, 65",2026-03-18 22:50:29,"Video, Related searches, Discussions and forums, AI overview",informational,Organic
cost of medical marijuanas australia,5,0,50,,0,https://www.polln.com/library/how-much-does-medicinal-cannabis-cost-in-australia,1,0.02,0,0,5690000,"23, 9, 4, 9, 9, 9, 52, 42, 33, 23, 33, 42",2026-04-13 12:33:27,"Image pack, Sitelinks, Video, Related searches, AI overview",informational,Organic
medicinal marijuana,19,19,720,70,0,https://www.polln.com/,1,0.02,0,0,64100000,"34, 24, 20, 20, 24, 16, 34, 34, 20, 20, 20, 20",2026-03-26 02:25:09,"Video, Image, Related searches, AI overview",informational,Organic
what is stronger sativa or indica,3,1,50,48,0,https://www.polln.com/library/sativa-vs-indica-vs-hybrid-cannabis-what-to-expect,1,0.02,0,0.33,21100000,"81, 63, 81, 45, 63, 63, 36, 9, 9, 18, 36, 36",2026-04-05 07:14:28,"Image pack, Sitelinks, Video, Featured snippet, People also ask, Related searches, Discussions and forums",informational,Organic
cannabis wellness clinic,9,0,70,43,0,https://www.polln.com/,1,0.02,0,0,13100000,"0, 0, 0, 0, 0, 0, 100, 78, 100, 100, 100, 100",2026-04-13 09:07:30,"Knowledge panel, Video, Image, Related searches, AI overview",informational,Organic
doctors medical marijuanas,10,0,210,39,115.11,https://www.polln.com/,1,0.02,115,0.06,77700000,"100, 80, 65, 100, 100, 80, 65, 100, 100, 100, 80, 80",2026-04-26 01:57:08,"Local pack, Video, Ads bottom, Related searches, Discussions and forums",commercial,Organic
vaping pen for weed,1,0,110,45,0,https://www.polln.com/library/ultimate-guide-to-vaping-medicinal-cannabis,1,0.02,0,0,204,"0, 0, 0, 0, 0, 0, 0, 0, 100, 66, 66, 66",2026-04-11 16:46:48,"Video, People also ask, Related searches, AI overview","commercial, informational",People also ask
how to get medical marijuanas australia,17,17,1000,61,48.45,https://www.polln.com/library/getting-access-to-prescription-natural-medicine-in-australia,1,0.02,48,0.79,152,"62, 55, 81, 36, 55, 45, 81, 100, 81, 81, 81, 55",2026-03-28 21:03:11,"Video, Related searches, Discussions and forums, AI overview",informational,Organic
how to get medical marijuanas australia,20,17,1000,61,48.45,https://www.polln.com/library/getting-access-to-prescription-natural-medicine-in-australia,1,0.02,48,0.79,152,"62, 55, 81, 36, 55, 45, 81, 100, 81, 81, 81, 55",2026-03-28 21:03:11,"Video, Related searches, Discussions and forums, AI overview",informational,Organic
buying medical weed online,4,3,40,39,41.92,https://www.polln.com/,1,0.02,41,0.23,71100000,"81, 63, 18, 45, 81, 81, 18, 18, 18, 18, 18, 18",2026-04-19 20:31:22,"Video, Related searches, Discussions and forums",informational,Organic
how long does cannabis take to come out your system,15,15,320,62,0,https://www.polln.com/library/how-long-does-cannabis-stay-in-your-system,1,0.02,0,0,123000000,"100, 81, 43, 54, 66, 54, 35, 54, 66, 81, 81, 66",2026-03-24 03:53:57,"Sitelinks, Featured snippet, People also ask",informational,Organic
polln reviews,1,1,50,3,3.57,https://www.polln.com/alternative-healthcare,1,0.02,3,0.17,0,"17, 11, 17, 11, 41, 41, 100, 5, 29, 17, 0, 41",2026-03-14 08:23:16,"Sitelinks, Related searches, AI overview",commercial,AI overview
polln reviews,7,7,50,3,3.57,https://www.polln.com/alternative-healthcare,1,0.02,3,0.17,0,"17, 11, 17, 11, 41, 41, 100, 5, 29, 17, 0, 41",2026-03-14 08:23:16,"Sitelinks, Related searches, AI overview",commercial,Organic
polln reviews,9,9,50,3,3.57,https://www.polln.com/faqs,1,0.02,3,0.17,0,"17, 11, 17, 11, 41, 41, 100, 5, 29, 17, 0, 41",2026-03-14 08:23:16,"Sitelinks, Related searches, AI overview",commercial,Organic
cannabis doctor tasmania,3,3,70,34,0,https://www.polln.com/locations/hobart,1,0.02,0,0,391000,"100, 52, 82, 64, 17, 11, 23, 17, 23, 23, 29, 17",2026-03-21 04:01:06,"Knowledge panel, Sitelinks, Video, Image, Related searches",navigational,Organic
authorised prescriber adelaide,1,0,50,25,65.96,https://www.polln.com/locations/adelaide,1,0.02,65,0.56,67,"5, 3, 3, 3, 3, 3, 4, 4, 3, 2, 3, 2",2026-04-07 19:11:44,"Video, Related searches, AI overview",informational,AI overview
authorised prescriber adelaide,7,5,50,25,65.96,https://www.polln.com/practitioners/dr-joel-wren,1,0.02,65,0.56,67,"5, 3, 3, 3, 3, 3, 4, 4, 3, 2, 3, 2",2026-04-07 19:11:44,"Video, Related searches, AI overview",informational,Organic
how much is medical marijuanas in australia,13,13,210,21,26.36,https://www.polln.com/library/how-much-does-medicinal-cannabis-cost-in-australia,1,0.02,26,0.52,198,"65, 43, 53, 65, 65, 43, 65, 65, 65, 43, 100, 81",2026-03-16 00:12:07,"Video, Related searches, AI overview",informational,Organic
polln contact,1,1,90,14,4.26,https://www.polln.com/contact,1,0.02,4,0.13,52,"63, 100, 100, 63, 63, 63, 100, 81, 63, 100, 63, 81",2026-04-28 06:23:21,"Local pack, Related searches",navigational,Organic
polln contact,2,2,90,14,4.26,https://www.polln.com/,1,0.02,4,0.13,52,"63, 100, 100, 63, 63, 63, 100, 81, 63, 100, 63, 81",2026-04-28 06:23:21,"Local pack, Related searches",navigational,Organic
online weed prescription,5,4,70,50,80.06,https://www.polln.com/,1,0.02,80,0.85,30400000,"100, 35, 50, 35, 50, 50, 64, 64, 64, 35, 35, 28",2026-04-08 23:38:55,"Video, Related searches, Discussions and forums, AI overview",informational,Organic
free consultation medical weed,7,7,70,50,116.36,https://www.polln.com/,1,0.02,116,0.94,143,"52, 29, 17, 17, 29, 52, 64, 52, 41, 52, 64, 64",2026-03-27 21:13:08,"Video, People also ask, Related searches, AI overview",informational,Organic
marajuana prescription online,4,0,50,47,0,https://www.polln.com/,1,0.02,0,0,33500000,100,2026-04-29 12:46:22,"Video, People also ask, Related searches, Discussions and forums, AI overview",informational,Organic
medicinal cannabinoids melbourne,10,10,170,52,0,https://www.polln.com/,1,0.02,0,0,3830000,"82, 100, 0, 0, 2, 66, 43, 7, 82, 66, 53, 53",2026-03-21 18:14:57,"Local pack, Sitelinks, Video, Related searches",commercial,Organic
how to get medical marijuanas card qld free,15,0,590,59,60,https://www.polln.com/library/getting-access-to-prescription-natural-medicine-in-australia,1,0.02,60,0.71,53,"81, 67, 100, 81, 81, 67, 54, 100, 67, 67, 67, 54",2026-04-08 23:40:09,"Video, People also ask, Related searches, AI overview",informational,Organic
cannabis clinic brisbane,7,7,90,37,0,https://www.polln.com/locations/brisbane,1,0.02,0,0.33,0,"26, 26, 26, 26, 34, 34, 34, 34, 34, 42, 42, 34",2026-03-12 02:32:02,"Local pack, Video, Image, Related searches, Discussions and forums",commercial,Organic
medical cannabis telehealth,8,8,70,33,0,https://www.polln.com/,1,0.02,0,0.33,0,"100, 27, 18, 27, 100, 18, 18, 18, 100, 45, 100, 81",2026-03-08 22:46:34,"Video, Related searches, AI overview",informational,Organic
how long does weed stay in your blood,8,18,260,65,0,https://www.polln.com/library/how-long-does-cannabis-stay-in-your-system,1,0.02,0,0,140,"82, 66, 66, 82, 66, 66, 66, 66, 53, 53, 53, 43",2026-04-02 09:52:34,"Video, People also ask, Discussions and forums, AI overview",informational,Organic
indica or sativa,9,9,390,71,0,https://www.polln.com/library/sativa-vs-indica-vs-hybrid-cannabis-what-to-expect,1,0.02,0,0,149,"100, 26, 72, 26, 59, 14, 26, 26, 26, 26, 32, 21",2026-03-28 13:45:17,"Knowledge panel, Sitelinks, Video, Related searches, Short videos",informational,Organic
how much should weed cost,8,7,210,10,0,https://www.polln.com/library/how-much-does-medicinal-cannabis-cost-in-australia,1,0.02,0,0.01,146000000,"80, 80, 42, 100, 100, 80, 42, 80, 80, 65, 80, 65",2026-04-24 14:23:46,"Sitelinks, Video, People also ask, Discussions and forums, AI overview",informational,Organic
difference between indica and sativa,1,1,1000,69,0,https://www.polln.com/library/sativa-vs-indica-vs-hybrid-cannabis-what-to-expect,1,0.02,0,0,22000000,"67, 67, 67, 76, 67, 76, 76, 76, 55, 100, 55, 100",2026-03-23 20:10:38,"Image pack, Sitelinks, Video, Video Carousel, People also ask, Related searches, Short videos, Discussions and forums, AI overview",informational,AI overview
difference between indica and sativa,9,9,1000,69,0,https://www.polln.com/library/sativa-vs-indica-vs-hybrid-cannabis-what-to-expect,1,0.02,0,0,22000000,"67, 67, 67, 76, 67, 76, 76, 76, 55, 100, 55, 100",2026-03-23 20:10:38,"Image pack, Sitelinks, Video, Video Carousel, People also ask, Related searches, Short videos, Discussions and forums, AI overview",informational,Organic
medicinal cannabis clinic,9,7,70,39,0,https://www.polln.com/,1,0.02,0,0,50700000,"23, 23, 23, 23, 23, 19, 33, 23, 66, 100, 66, 14",2026-04-18 09:56:04,"Local pack, Video, Related searches",commercial,Organic
sativa and indica differences,9,9,320,64,0,https://www.polln.com/library/sativa-vs-indica-vs-hybrid-cannabis-what-to-expect,1,0.02,0,0.33,4980000,"0, 0, 100, 100, 100, 0, 0, 1, 0, 0, 1, 1",2026-03-30 15:32:19,"Image pack, Sitelinks, Video, Video Carousel, Discussions and forums, AI overview",informational,Organic
indica versus sativa versus hybrid,5,5,90,44,0,https://www.polln.com/library/sativa-vs-indica-vs-hybrid-cannabis-what-to-expect,1,0.02,0,0,5640000,"64, 100, 64, 0, 14, 64, 78, 64, 100, 78, 64, 0",2026-03-21 05:49:58,"Image pack, Sitelinks, Video, People also ask, Related searches, AI overview","commercial, informational",Organic
cannabis doctor,10,10,170,30,0,https://www.polln.com/,1,0.02,0,0,223,"43, 43, 43, 43, 43, 43, 53, 53, 81, 81, 81, 43",2026-03-27 16:56:51,"Local pack, Video, Image, Related searches",commercial,Organic
cannabis clinics,1,1,50,43,0,https://www.polln.com/,1,0.02,0,0,134,"55, 33, 33, 44, 55, 55, 100, 55, 55, 44, 44, 33",2026-03-15 13:52:11,"Local pack, Video, Image, Related searches, AI overview",commercial,AI overview
cannabis clinics,5,5,50,43,0,https://www.polln.com/,1,0.02,0,0,134,"55, 33, 33, 44, 55, 55, 100, 55, 55, 44, 44, 33",2026-03-15 13:52:11,"Local pack, Video, Image, Related searches, AI overview",commercial,Organic
what's the difference between sativa and indica,8,8,90,69,0,https://www.polln.com/library/sativa-vs-indica-vs-hybrid-cannabis-what-to-expect,1,0.02,0,0,22300000,"34, 100, 19, 19, 19, 26, 34, 34, 34, 42, 34, 0",2026-03-23 21:57:56,"Image pack, Sitelinks, Video, Related searches, AI overview",informational,Organic
how long does weed get out of your system,16,16,210,57,0,https://www.polln.com/library/how-long-does-cannabis-stay-in-your-system,1,0.02,0,0,0,"82, 43, 66, 66, 43, 43, 43, 35, 66, 66, 66, 53",2026-03-18 22:09:21,"Sitelinks, Featured snippet",informational,Organic
medicinal marijuanas brisbane,11,9,170,43,0,https://www.polln.com/locations/brisbane,1,0.02,0,0,150,"67, 1, 12, 12, 54, 29, 10, 15, 10, 12, 12, 10",2026-03-25 03:58:48,"Local pack, Video, Related searches",commercial,Organic
medical marijuana gold coast,10,10,70,24,0,https://www.polln.com/,1,0.02,0,0,2380000,"28, 28, 28, 28, 35, 28, 78, 78, 64, 64, 100, 78",2026-03-11 08:40:08,"Video, Related searches, AI overview",informational,Organic
medically approved vaporizers australia,9,0,70,4,0,https://www.polln.com/library/ultimate-guide-to-vaping-medicinal-cannabis,1,0.02,0,0,403000,"78, 50, 35, 28, 21, 21, 64, 50, 50, 50, 78, 35",2026-04-16 02:05:50,"Video, Image, Related searches",informational,Organic
medical marijuanas perth,16,16,880,54,66.98,https://www.polln.com/,1,0.02,66,0.71,136,"81, 81, 55, 62, 81, 81, 45, 30, 55, 24, 62, 24",2026-03-23 10:59:04,"Knowledge panel, Video, People also ask, Related searches, Discussions and forums, AI overview",informational,Organic
medical weed vape,6,0,50,19,0,https://www.polln.com/library/ultimate-guide-to-vaping-medicinal-cannabis,1,0.02,0,0,8880000,"28, 21, 21, 21, 28, 21, 7, 0, 50, 100, 50, 64",2026-04-29 15:00:46,"Video, People also ask, Related searches",informational,Organic
pot vape,36,15,1600,53,0,https://www.polln.com/library/ultimate-guide-to-vaping-medicinal-cannabis,1,0.02,0,0,33100000,"0, 0, 0, 0, 0, 0, 0, 0, 81, 100, 81, 53",2026-04-04 23:07:57,"Image pack, Video, Related searches, AI overview","commercial, informational",Organic
plant sativa,29,25,2400,55,0,https://www.polln.com/library/sativa-vs-indica-vs-hybrid-cannabis-what-to-expect,1,0.02,0,0,193,"66, 80, 100, 100, 100, 66, 3, 36, 80, 66, 66, 66",2026-04-26 10:46:47,"Knowledge panel, Sitelinks, Video, Image, Video Carousel, People also ask, Related searches",informational,Organic
cannabis vape,12,19,320,37,0,https://www.polln.com/library/ultimate-guide-to-vaping-medicinal-cannabis,1,0.02,0,0,59600000,"5, 4, 7, 8, 8, 10, 13, 1, 24, 20, 24, 13",2026-04-26 03:07:11,"Image pack, Video, People also ask, Related searches",commercial,Organic
pot doctor near me,6,65,50,50,81.55,https://www.polln.com/practitioners/dr-joel-wren,1,0.02,81,0.36,538000000,"78, 78, 78, 100, 7, 0, 21, 28, 21, 28, 28, 21",2026-04-19 18:53:54,"Video, Related searches, AI overview","informational, transactional",Organic
medicinal cannabis perth,11,11,260,21,0,https://www.polln.com/locations/perth,1,0.02,0,0,845000,"81, 81, 65, 65, 81, 81, 81, 81, 65, 81, 65, 65",2026-03-06 07:23:23,"Knowledge panel, Sitelinks, Video, Related searches, Discussions and forums, AI overview",informational,Organic
medical pot doctors,1,1,210,32,115.11,https://www.polln.com/,1,0.02,115,0.06,232,"100, 80, 65, 100, 100, 80, 65, 100, 100, 100, 80, 80",2026-03-20 02:24:53,"Video, Related searches, AI overview",informational,AI overview
can you take medical weed on a plane,1,0,50,25,0,https://www.polln.com/library/travelling-as-a-medicinal-cannabis-patient-in-australia-what-you-need-to-know,1,0.02,0,0.33,608000,"78, 50, 35, 35, 35, 35, 50, 28, 14, 14, 14, 14",2026-04-02 00:08:53,"Sitelinks, Discussions and forums, AI overview",informational,AI overview
cbd oil sunshine coast,5,5,50,6,0,https://www.polln.com/locations/sunshine-coast,1,0.02,0,0,1250000,"50, 35, 28, 35, 50, 50, 35, 28, 28, 28, 28, 35",2026-03-29 14:54:04,"Local pack, Sitelinks, Video, Related searches, Discussions and forums",commercial,Organic
how long does cannabinoid oil stay in your system,5,0,50,14,0,https://www.polln.com/library/how-long-does-cannabis-stay-in-your-system,1,0.02,0,0.33,88,"18, 18, 100, 100, 100, 18, 18, 18, 18, 100, 100, 18",2026-04-13 23:08:19,"Sitelinks, People also ask, Related searches, AI overview",informational,Organic
medical marijuana vape australia,4,4,70,30,0,https://www.polln.com/library/ultimate-guide-to-vaping-medicinal-cannabis,1,0.02,0,0,172,"100, 55, 100, 55, 55, 77, 77, 100, 44, 55, 77, 33",2026-04-10 17:00:36,"Image pack, Video, People also ask, Related searches",informational,People also ask
how long does bhang stay in the blood,4,4,140,55,0,https://www.polln.com/library/how-long-does-cannabis-stay-in-your-system,1,0.02,0,0,105,"64, 82, 64, 82, 82, 82, 64, 82, 100, 64, 64, 100",2026-03-20 15:07:48,"Video, Image, People also ask, Discussions and forums, AI overview",informational,Organic
polln review,7,7,70,4,3.57,https://www.polln.com/,1,0.02,3,0.17,0,"52, 11, 11, 52, 11, 0, 64, 82, 41, 52, 64, 29",2026-03-15 15:55:06,"Sitelinks, Related searches, AI overview",commercial,Organic
polln review,9,9,70,4,3.57,https://www.polln.com/faqs,1,0.02,3,0.17,0,"52, 11, 11, 52, 11, 0, 64, 82, 41, 52, 64, 29",2026-03-15 15:55:06,"Sitelinks, Related searches, AI overview",commercial,Organic
polln login,11,8,720,12,3.68,https://www.polln.com/pricing,1,0.02,3,0.02,51,"100, 81, 81, 54, 54, 81, 81, 67, 54, 81, 100, 67",2026-04-18 01:41:55,"Sitelinks, Video, Related searches","navigational, transactional",Organic
weed clinics,9,8,90,41,71.13,https://www.polln.com/,1,0.02,71,0.3,9660000,"50, 50, 7, 100, 64, 64, 64, 64, 64, 50, 64, 64",2026-04-07 01:07:43,"Video, Image, Related searches, AI overview",informational,Organic
difference between sativa indica,8,8,1000,71,0,https://www.polln.com/library/sativa-vs-indica-vs-hybrid-cannabis-what-to-expect,1,0.02,0,0,20500000,"55, 100, 100, 100, 100, 100, 24, 67, 76, 100, 76, 100",2026-03-27 23:03:17,"Image pack, Sitelinks, Video, Video Carousel, Related searches, Short videos, Discussions and forums, AI overview",informational,Organic
getting a med card,3,0,40,57,63.55,https://www.polln.com/faqs/how-do-i-get-a-medical-card-in-australia,1,0.02,63,0.73,844000000,"50, 28, 78, 78, 14, 14, 14, 14, 0, 14, 21, 0",2026-04-22 21:59:14,"Video, Ads bottom, Related searches, Discussions and forums, AI overview",informational,Organic
marijuana prescription perth,7,0,50,20,0,https://www.polln.com/locations/perth,1,0.02,0,0,163000,"55, 55, 77, 44, 33, 22, 100, 100, 77, 44, 55, 22",2026-04-14 20:59:32,"Sitelinks, Video, Related searches, AI overview",informational,Organic
weed prescription perth,7,16,70,17,66.78,https://www.polln.com/locations/perth,1,0.02,66,0.89,145000,"63, 27, 36, 45, 36, 36, 100, 100, 100, 63, 63, 45",2026-04-27 03:41:02,"Sitelinks, Video, Ads top, Related searches, Discussions and forums, Ads middle, AI overview",informational,Organic
cannabidiol oil online,11,11,90,41,30.05,https://www.polln.com/library/cbd-oil-explained,1,0.02,30,0.94,0,"33, 52, 52, 52, 42, 33, 33, 33, 100, 33, 33, 33",2026-03-13 05:24:58,"Sitelinks, Video, Related searches",commercial,Organic
medical marijuanas australia,25,19,1900,65,60.24,https://www.polln.com/,1,0.02,60,0.48,34100000,"43, 54, 65, 36, 54, 29, 54, 36, 43, 43, 54, 36",2026-04-27 13:37:32,"Local pack, Video, Related searches, Discussions and forums, AI overview",informational,Organic
aus medical cannabis,13,18,880,66,60.24,https://www.polln.com/,1,0.02,60,0.48,48300000,"7, 80, 100, 80, 8, 4, 3, 4, 3, 2, 3, 5",2026-04-09 22:04:36,"Local pack, Video, Video Carousel, Related searches, Discussions and forums, AI overview",informational,Organic
telehealth alternative medicine,8,0,70,48,0,https://www.polln.com/,1,0.02,0,0,41900000,"55, 100",2026-04-14 21:34:56,"Video, People also ask, Related searches, AI overview",informational,Organic
medical cannabis clinic,11,7,170,37,0,https://www.polln.com/,1,0.02,0,0,136,"43, 43, 43, 43, 43, 43, 65, 65, 53, 53, 65, 43",2026-04-19 06:28:50,"Local pack, Video, Related searches",commercial,Organic
cheapest medical cannabis australia,15,0,720,44,0,https://www.polln.com/library/how-much-does-medicinal-cannabis-cost-in-australia,1,0.02,0,0,2080000,"100, 81, 81, 81, 100, 81, 81, 100, 81, 67, 54, 54",2026-04-04 20:56:30,"Sitelinks, People also ask, Related searches, Discussions and forums, AI overview",informational,Organic
cannabinoid oil,12,12,880,58,17.83,https://www.polln.com/library/cbd-oil-explained,1,0.02,17,0.66,237000000,"65, 100, 8, 4, 4, 4, 2, 2, 5, 2, 10, 3",2026-03-20 03:48:00,"Local pack, Sitelinks, Video, Video Carousel, People also ask, Popular products, Related searches, Discussions and forums, AI overview","commercial, informational",Organic
vapes for medical weed australia,8,8,90,8,0,https://www.polln.com/library/ultimate-guide-to-vaping-medicinal-cannabis,1,0.02,0,0.33,0,"50, 21, 50, 35, 35, 64, 78, 78, 78, 78, 100, 50",2026-03-10 19:11:51,"Video, Related searches, Discussions and forums",informational,Organic
vaporizing pot,32,30,3600,60,0,https://www.polln.com/library/ultimate-guide-to-vaping-medicinal-cannabis,1,0.02,0,0,608000,"81, 44, 81, 100, 81, 100, 2, 44, 81, 100, 81, 53",2026-04-27 05:46:25,"Video, Video Carousel, People also ask, Related searches, Discussions and forums, AI overview",informational,Organic
medical marijuanas victoria,23,0,880,39,0,https://www.polln.com/locations/melbourne,1,0.02,0,0,142,"36, 36, 55, 8, 20, 76, 100, 100, 76, 100, 100, 76",2026-04-01 18:45:15,"Video, Related searches, Discussions and forums, AI overview",informational,Organic
indica sativa and hybrid,6,4,90,44,0,https://www.polln.com/library/sativa-vs-indica-vs-hybrid-cannabis-what-to-expect,1,0.02,0,0,117,"34, 26, 34, 26, 26, 26, 34, 34, 26, 34, 26, 42",2026-04-16 04:46:57,"Sitelinks, Video, People also ask, Related searches, AI overview",informational,Organic
medical weed brisbane,3,0,110,48,65.03,https://www.polln.com/faqs/how-do-i-get-a-medical-card-in-australia,1,0.02,65,0.9,166,"64, 29, 41, 41, 64, 52, 64, 82, 64, 64, 100, 64",2026-04-24 22:47:09,"Video, People also ask, Related searches, Discussions and forums, AI overview",informational,People also ask
do prescriptions expire australia,1,0,50,9,0,https://www.polln.com/faqs/do-my-prescriptions-expire,1,0.02,0,0.33,330000,"33, 33, 33, 55, 55, 44, 55, 77, 77, 77, 55, 77",2026-04-13 15:35:10,"Sitelinks, Video, Related searches, AI overview",informational,AI overview
medical cannabis scripts,7,7,70,50,0,https://www.polln.com/,1,0.02,0,0,142,"64, 11, 11, 64, 52, 41, 41, 52, 52, 64, 41, 41",2026-03-19 06:25:45,"Video, Related searches, Discussions and forums, AI overview",informational,Organic
cannabis telehealth,11,0,110,28,5.62,https://www.polln.com/,1,0.02,5,0.41,673000,"17, 100, 5, 17, 17, 11, 100, 100, 82, 100, 100, 64",2026-04-07 00:44:40,"Video, Related searches","commercial, informational",Organic
how long does thc last in blood,13,13,170,59,0,https://www.polln.com/library/how-long-does-cannabis-stay-in-your-system,1,0.02,0,0,30700000,"5, 43, 66, 43, 2, 43, 35, 66, 53, 53, 53, 43",2026-03-10 22:59:54,"Video, AI overview",informational,Organic
medicinal marijuana perth,6,6,50,22,0,https://www.polln.com/locations/perth,1,0.02,0,0,396000,"14, 21, 35, 28, 21, 14, 78, 100, 50, 50, 50, 28",2026-03-16 20:42:07,"Knowledge panel, Sitelinks, Video, Image, Related searches, Discussions and forums, AI overview",informational,Organic
medical cannabis perth,7,14,260,27,0,https://www.polln.com/locations/perth,1,0.02,0,0,1030000,"35, 28, 35, 28, 35, 28, 82, 82, 100, 100, 82, 82",2026-04-22 09:55:52,"Knowledge panel, Sitelinks, Video, People also ask, Related searches, Discussions and forums, AI overview",informational,Organic
whats the difference between indica and sativa,1,1,50,72,0,https://www.polln.com/library/sativa-vs-indica-vs-hybrid-cannabis-what-to-expect,1,0.02,0,0,149,"50, 50, 78, 78, 64, 21, 78, 7, 35, 0, 0, 21",2026-03-21 23:13:08,"Sitelinks, Video, People also ask, Related searches, Discussions and forums, AI overview",informational,AI overview
list of authorised prescribers wa,1,1,320,17,112.65,https://www.polln.com/locations/perth,1,0.02,112,0.55,6130,"66, 44, 44, 66, 54, 54, 66, 44, 66, 66, 66, 44",2026-04-30 01:51:12,"People also ask, Related searches, AI overview",informational,AI overview
how long does weed last in your system,1,1,210,58,0,https://www.polln.com/library/how-long-does-cannabis-stay-in-your-system,1,0.02,0,0,107000000,"81, 65, 53, 81, 65, 81, 53, 53, 65, 65, 65, 65",2026-03-09 11:29:56,"Video, Related searches, Short videos, Discussions and forums, AI overview",informational,AI overview
cbd prescription melbourne,7,7,40,44,16.49,https://www.polln.com/,1,0.02,16,0.81,129,"100, 57, 57, 57, 57, 57, 71, 42, 28, 28, 28, 28",2026-03-27 17:06:23,"Local pack, Video, Related searches",commercial,Organic
mmj doctor near me,10,0,90,55,0,https://www.polln.com/practitioners/dr-joel-wren,1,0.02,0,0,6010000,"22, 29, 22, 4, 4, 29, 22, 22, 22, 22, 18, 2",2026-04-23 23:11:27,"Sitelinks, Image, People also ask, Related searches, AI overview",transactional,Organic
how to get a medical marijuanas card,4,4,70,51,34.11,https://www.polln.com/library/getting-access-to-prescription-natural-medicine-in-australia,1,0.02,34,0.41,0,"82, 11, 17, 17, 29, 5, 29, 41, 100, 41, 41, 41",2026-03-16 17:48:52,"Video, Related searches, Discussions and forums, AI overview",informational,Organic
cannabis doctors brisbane,9,9,70,42,0,https://www.polln.com/locations/brisbane,1,0.02,0,0.33,0,"50, 50, 35, 35, 50, 35, 50, 35, 50, 50, 78, 78",2026-03-14 16:09:47,"Local pack, Video, Image, Related searches",commercial,Organic
vaping weed,1,0,1300,54,0,https://www.polln.com/library/ultimate-guide-to-vaping-medicinal-cannabis,1,0.02,0,0,195,"0, 0, 0, 0, 0, 0, 0, 0, 81, 100, 81, 53",2026-04-04 23:25:49,"Sitelinks, Video, Video Carousel, People also ask, AI overview",informational,AI overview
polln dashboard,2,2,50,9,0,https://www.polln.com/,1,0.02,0,0.02,859,"100, 64, 78, 35, 28, 35, 35, 28, 14, 14, 14, 14",2026-03-09 18:33:46,"Sitelinks, Related searches","navigational, transactional",Organic
vape for medical weed,7,0,50,,0,https://www.polln.com/library/ultimate-guide-to-vaping-medicinal-cannabis,1,0.02,0,0.33,165,"77, 55, 55, 33, 77, 33, 22, 33, 77, 77, 22, 22",2026-04-15 03:04:13,"Video, Related searches, Discussions and forums, AI overview",informational,Organic
canna clinic,14,14,210,31,5.21,https://www.polln.com/,1,0.02,5,0.07,115,"66, 43, 43, 43, 8, 43, 35, 66, 43, 43, 10, 54",2026-03-08 00:41:58,"Video, Related searches",commercial,Organic
online cannabis prescription australia bulk bill,4,0,50,31,0,https://www.polln.com/,1,0.02,0,0,100,"22, 100",2026-04-30 03:03:42,"Video, People also ask, Related searches, AI overview",informational,Organic
medicinal cannabis telehealth,9,10,50,36,0,https://www.polln.com/,1,0.02,0,0.33,150,"100, 36, 18, 18, 100, 18, 36, 27, 100, 18, 100, 27",2026-04-01 09:16:40,"Video, Related searches, AI overview",informational,Organic
medicinal marijuanas sunshine coast,6,5,50,8,0,https://www.polln.com/locations/sunshine-coast,1,0.02,0,0,210000,"53, 53, 3, 3, 7, 53, 7, 3, 3, 3, 3, 3",2026-04-05 21:19:02,"Local pack, Video, Related searches",commercial,Organic
medical marijuanas qld online,1,1,210,41,0,https://www.polln.com/,1,0.02,0,0,187000,"67, 16, 13, 8, 3, 6, 13, 16, 13, 13, 16, 6",2026-03-29 10:18:49,"Video, Related searches, AI overview",informational,AI overview
drug schedule australia,3,3,210,34,0,https://www.polln.com/library/pharmacy-dispensing-limits-and-intervals,1,0.02,0,0,106,"43, 29, 35, 43, 66, 66, 81, 22, 54, 22, 35, 43",2026-03-27 16:48:43,"Image pack, Sitelinks, Video, People also ask, Related searches, AI overview",informational,Image pack
cannabis clinic melbourne,6,6,70,45,0,https://www.polln.com/,1,0.02,0,0,784000,"28, 28, 35, 28, 50, 21, 64, 64, 50, 100, 64, 50",2026-03-27 01:01:47,"Local pack, Video, Related searches, Discussions and forums, AI overview",commercial,Organic
medical pot dispensaries,10,10,260,50,49.72,https://www.polln.com/,1,0.02,49,0.03,0,"66, 100, 53, 66, 100, 66, 53, 66, 53, 66, 53, 43",2026-03-18 01:49:52,"Video, Image, Related searches, Discussions and forums, AI overview",informational,Organic
difference between indica,18,0,1000,60,0,https://www.polln.com/library/sativa-vs-indica-vs-hybrid-cannabis-what-to-expect,1,0.02,0,0,131,"100, 81, 81, 81, 81, 81, 20, 55, 62, 81, 62, 81",2026-04-22 01:32:47,"Image pack, Sitelinks, Video, Video Carousel, Related searches, AI overview",informational,Organic
medicinal cannabis prescription online,5,0,50,37,0,https://www.polln.com/,1,0.02,0,0,42700000,"18, 27, 18, 18, 27, 18, 27, 63, 100, 63, 63, 63",2026-04-29 15:27:44,"Video, People also ask, Related searches, Discussions and forums",commercial,Organic
vape weed,30,25,1600,58,0,https://www.polln.com/library/ultimate-guide-to-vaping-medicinal-cannabis,1,0.02,0,0,41200000,"0, 0, 1, 1, 1, 0, 0, 0, 81, 100, 81, 53",2026-04-06 15:00:26,"Video, People also ask, Discussions and forums, AI overview",informational,Organic
how long does marinol stay in your system,17,17,390,50,0,https://www.polln.com/library/how-long-does-cannabis-stay-in-your-system,0,0,0,0,0,"1, 1, 76, 1, 1, 1, 76, 67, 67, 1, 76, 1",2026-03-07 10:34:27,"Related searches, Discussions and forums, AI overview",informational,Organic
what does cbd oil do,54,52,140,67,0,https://www.polln.com/library/cbd-oil-explained,0,0,0,0,243000000,"5, 5, 5, 5, 5, 5, 5, 4, 5, 5, 5, 5",2026-04-03 07:46:33,"Video, Discussions and forums, AI overview",informational,Organic
medical weed qld,51,51,210,54,51.89,https://www.polln.com/,0,0,0,0.84,481000,"100, 81, 81, 65, 65, 43, 53, 81, 81, 43, 28, 34",2026-03-07 16:32:06,"Sitelinks, Video, Image, Ads top, Related searches, Discussions and forums, Ads middle, AI overview",informational,Organic
indica sativa and,1,1,210,81,0,https://www.polln.com/library/sativa-vs-indica-vs-hybrid-cannabis-what-to-expect,0,0,0,0,149,"65, 65, 65, 80, 100, 65, 100, 100, 80, 80, 80, 80",2026-03-25 21:44:56,"Knowledge panel, Sitelinks, Video, Video Carousel, Related searches, Short videos, Discussions and forums, AI overview",informational,AI overview
indica sativa and,11,11,210,81,0,https://www.polln.com/library/sativa-vs-indica-vs-hybrid-cannabis-what-to-expect,0,0,0,0,149,"65, 65, 65, 80, 100, 65, 100, 100, 80, 80, 80, 80",2026-03-25 21:44:56,"Knowledge panel, Sitelinks, Video, Video Carousel, Related searches, Short videos, Discussions and forums, AI overview",informational,Organic
where to buy medical cannabis,24,48,50,50,0,https://www.polln.com/,0,0,0,0.03,88000000,"18, 18, 18, 18, 100, 63, 63, 63, 63, 45, 81, 81",2026-04-29 08:58:31,"Local pack, Video, People also ask, Related searches, Discussions and forums",transactional,Organic
telegreen medical,29,29,110,20,3.57,https://www.polln.com/,0,0,0,0.28,891,"53, 43, 65, 34, 43, 43, 34, 28, 28, 34, 21, 21",2026-03-30 00:59:33,"Knowledge panel, Sitelinks, Related searches",navigational,Organic
telegreen medical,75,75,110,20,3.57,https://www.polln.com/locations/perth,0,0,0,0.28,891,"53, 43, 65, 34, 43, 43, 34, 28, 28, 34, 21, 21",2026-03-30 00:59:33,"Knowledge panel, Sitelinks, Related searches",navigational,Organic
how long does pot show up on a drug test,19,19,50,59,0,https://www.polln.com/library/how-long-does-cannabis-stay-in-your-system,0,0,0,0.33,160000000,"100, 18, 100, 100, 100, 18, 18, 18, 18, 18, 18, 18",2026-03-21 17:29:32,"Sitelinks, Video, People also ask, Short videos, AI overview",informational,Organic
how long does pot show up on a drug test,24,19,50,59,0,https://www.polln.com/library/how-long-does-cannabis-stay-in-your-system,0,0,0,0.33,160000000,"100, 18, 100, 100, 100, 18, 18, 18, 18, 18, 18, 18",2026-03-21 17:29:32,"Sitelinks, Video, People also ask, Short videos, AI overview",informational,Organic
can you smoke medical marijuanas in australia in public nsw,24,24,110,39,0,https://www.polln.com/library/travelling-as-a-medicinal-cannabis-patient-in-australia-what-you-need-to-know,0,0,0,0.03,104,"52, 52, 42, 66, 52, 42, 66, 42, 52, 52, 66, 42",2026-03-07 18:20:06,"Sitelinks, Video, Related searches, Discussions and forums, AI overview",informational,Organic
can you smoke medical marijuanas in australia in public nsw,78,78,110,39,0,https://www.polln.com/library/medicinal-cannabis-and-driving-what-you-need-to-know-as-a-patient-in-australia,0,0,0,0.03,104,"52, 52, 42, 66, 52, 42, 66, 42, 52, 52, 66, 42",2026-03-07 18:20:06,"Sitelinks, Video, Related searches, Discussions and forums, AI overview",informational,Organic
traveling with prescription medication,29,12,70,39,0,https://www.polln.com/faqs/can-i-travel-with-my-prescription-medications,0,0,0,0.01,148,"63, 9, 63, 63, 63, 63, 63, 81, 63, 63, 63, 63",2026-04-06 00:05:54,"Video, Image, Related searches, AI overview",informational,Organic
traveling with prescription medication,41,12,70,39,0,https://www.polln.com/faqs/can-i-travel-with-my-prescription-medications,0,0,0,0.01,148,"63, 9, 63, 63, 63, 63, 63, 81, 63, 63, 63, 63",2026-04-06 00:05:54,"Video, Image, Related searches, AI overview",informational,Organic
indica pot strains,50,0,210,50,0,https://www.polln.com/library/sativa-vs-indica-vs-hybrid-cannabis-what-to-expect,0,0,0,0,8310000,"53, 53, 43, 66, 66, 66, 43, 53, 53, 66, 53, 43",2026-04-21 13:06:14,"Sitelinks, Video, Video Carousel, Related searches, Discussions and forums, AI overview",informational,Organic
little health company,41,24,110,16,4.23,https://www.polln.com/,0,0,0,0.11,1980000000,"64, 41, 41, 41, 41, 52, 64, 82, 64, 82, 64, 52",2026-04-01 12:58:53,"Sitelinks, Video, Related searches",navigational,Organic
sativa indica hybrid,7,5,70,51,0,https://www.polln.com/library/sativa-vs-indica-vs-hybrid-cannabis-what-to-expect,0,0,0,0,9410000,"63, 63, 63, 63, 63, 63, 63, 81, 63, 63, 45, 81",2026-04-19 08:41:19,"Video, Video Carousel, People also ask, Related searches, Short videos, Discussions and forums, AI overview","commercial, informational",Organic
sativa indica hybrid,8,5,70,51,0,https://www.polln.com/library/sativa-vs-indica-vs-hybrid-cannabis-what-to-expect,0,0,0,0,9410000,"63, 63, 63, 63, 63, 63, 63, 81, 63, 63, 45, 81",2026-04-19 08:41:19,"Video, Video Carousel, People also ask, Related searches, Short videos, Discussions and forums, AI overview","commercial, informational",Organic
how long does the thc stay in your blood,1,1,320,53,0,https://www.polln.com/library/how-long-does-cannabis-stay-in-your-system,0,0,0,0,323000000,"100, 100, 100, 100, 81, 81, 81, 81, 81, 81, 81, 65",2026-03-18 22:50:29,"Video, Related searches, Discussions and forums, AI overview",informational,AI overview
how long does pot stay in urine test,21,21,170,63,0,https://www.polln.com/library/how-long-does-cannabis-stay-in-your-system,0,0,0,0,6470000,"34, 21, 34, 43, 43, 43, 53, 65, 65, 81, 100, 100",2026-04-20 06:48:52,"Sitelinks, Video, People also ask, Related searches, Discussions and forums, AI overview",informational,Organic
cbd cbd,24,22,320,53,0,https://www.polln.com/library/cbd-oil-explained,0,0,0,0,153,"1, 1, 1, 1, 1, 1, 1, 1, 88, 100, 100, 100",2026-04-04 18:52:04,"Local pack, Sitelinks, Video, Image, Video Carousel, Related searches, AI overview",informational,Organic
endocanabinoid system,64,0,50,66,0,https://www.polln.com/library/the-endocannabinoid-system-explained,0,0,0,0,2610000,"0, 19, 19, 19, 26, 7, 26, 0, 15, 100, 7, 0",2026-04-13 17:22:03,"Image pack, Video, Video Carousel, Related searches, AI overview",informational,Organic
online perscription,36,82,70,46,0,https://www.polln.com/,0,0,0,0,193000000,"7, 10, 7, 7, 10, 10, 5, 4, 4, 7, 5, 10",2026-04-02 01:09:48,"Sitelinks, Video, Ads bottom, Related searches","commercial, informational",Organic
online perscription,47,82,70,46,0,https://www.polln.com/,0,0,0,0,193000000,"7, 10, 7, 7, 10, 10, 5, 4, 4, 7, 5, 10",2026-04-02 01:09:48,"Sitelinks, Video, Ads bottom, Related searches","commercial, informational",Organic
dispensed - natural therapy clinic,51,28,170,55,0,https://www.polln.com/,0,0,0,0,1480000,"55, 30, 10, 8, 8, 13, 13, 10, 10, 8, 2, 0",2026-04-01 16:53:58,"Local pack, Sitelinks, Video, Related searches",navigational,Organic
medical cannabis prescription sydney,1,1,90,8,0,https://www.polln.com/locations/sydney,0,0,0,0,138,"64, 7, 50, 100, 100",2026-03-17 07:37:49,"Video, Related searches, Discussions and forums, AI overview",informational,AI overview
medical cannabis prescription sydney,20,20,90,8,0,https://www.polln.com/,0,0,0,0,138,"64, 7, 50, 100, 100",2026-03-17 07:37:49,"Video, Related searches, Discussions and forums, AI overview",informational,Organic
medical cannabis oil,12,14,140,40,0,https://www.polln.com/,0,0,0,0,417000000,"35, 35, 35, 35, 35, 35, 35, 28, 35, 35, 35, 35",2026-04-02 03:46:01,"Local pack, Sitelinks, Video, People also ask, Related searches, Discussions and forums, AI overview",informational,Organic
how long does cannabis stay in the system for,18,21,110,61,0,https://www.polln.com/library/how-long-does-cannabis-stay-in-your-system,0,0,0,0,120,"81, 81, 21, 28, 21, 9, 21, 28, 43, 21, 21, 21",2026-04-07 03:53:37,"Video, People also ask, Discussions and forums",informational,Organic
how long does cannabis stay in the system for,24,21,110,61,0,https://www.polln.com/library/how-long-does-cannabis-stay-in-your-system,0,0,0,0,120,"81, 81, 21, 28, 21, 9, 21, 28, 43, 21, 21, 21",2026-04-07 03:53:37,"Video, People also ask, Discussions and forums",informational,Organic
urine weed,44,0,70,61,0,https://www.polln.com/library/how-long-does-cannabis-stay-in-your-system,0,0,0,0,29700000,"17, 17, 17, 23, 17, 17, 17, 23, 17, 17, 17, 17",2026-04-29 13:54:29,"Sitelinks, Video, Image, Video Carousel, People also ask, Related searches, Discussions and forums, AI overview",informational,Organic
natural clinic,18,18,140,37,3.03,https://www.polln.com/,0,0,0,0.11,0,"80, 53, 26, 53, 34, 65, 65, 65, 53, 53, 65, 53",2026-03-07 06:00:23,"Knowledge panel, Video, Image, Related searches, Discussions and forums",commercial,Organic
weed terpenes,22,22,140,50,0,https://www.polln.com/library/everything-you-need-to-know-about-cannabis-terpenes,0,0,0,0.06,11100000,"64, 82, 82, 100, 82, 64, 82, 100, 52, 41, 52, 100",2026-03-09 06:37:53,"Video, Video Carousel, Related searches, Discussions and forums, AI overview",informational,Organic
different weed strains,53,53,70,61,0,https://www.polln.com/library/sativa-vs-indica-vs-hybrid-cannabis-what-to-expect,0,0,0,0.33,20200000,"53, 53, 53, 81, 15, 3, 9, 6, 6, 6, 0, 3",2026-03-13 23:34:37,"Video, Related searches, Short videos, AI overview",informational,Organic
where to buy storz and bickel australia online,27,53,50,14,0,https://shop.polln.com/collections/storz-and-bickel,0,0,0,0.33,73000,"63, 63, 63, 45, 45, 18, 18, 18, 18, 18, 100, 18",2026-04-08 13:59:23,"Related searches, Discussions and forums, AI overview",informational,Organic
where to buy storz and bickel australia online,50,53,50,14,0,https://shop.polln.com/collections/storz-and-bickel,0,0,0,0.33,73000,"63, 63, 63, 45, 45, 18, 18, 18, 18, 18, 100, 18",2026-04-08 13:59:23,"Related searches, Discussions and forums, AI overview",informational,Organic
thc pil,42,42,90,38,0,https://www.polln.com/,0,0,0,0,380000000,"35, 8, 6, 100, 10, 8, 14, 14, 10, 10, 14, 14",2026-03-26 15:24:45,"Knowledge panel, Sitelinks, Video, Popular products, Related searches, Discussions and forums",informational,Organic
get the pill online,63,0,50,4,0,https://www.polln.com/,0,0,0,0,129,"50, 35, 35, 35, 21, 35, 50, 35, 28, 28, 35, 21",2026-04-03 23:12:33,"Sitelinks, Video, Related searches",transactional,Organic
how to apply for medical weed,77,0,90,50,68.29,https://www.polln.com/locations/perth,0,0,0,0.42,84000000,"81, 63, 100, 81, 81, 63, 63, 81, 63, 63, 63, 63",2026-04-29 02:49:18,"Sitelinks, Video, Ads bottom, People also ask, Related searches, Discussions and forums, AI overview",informational,Organic
medical marijuana consultation,16,0,50,49,0,https://www.polln.com/,0,0,0,0,11100000,"27, 18, 18, 18, 18, 36, 45, 63, 100, 81, 63, 81",2026-04-14 22:12:40,"Knowledge panel, Video, People also ask, Related searches",informational,Organic
medical marijuana consultation,24,0,50,49,0,https://www.polln.com/,0,0,0,0,11100000,"27, 18, 18, 18, 18, 36, 45, 63, 100, 81, 63, 81",2026-04-14 22:12:40,"Knowledge panel, Video, People also ask, Related searches",informational,Organic
sirius green clinic,61,61,70,14,4.28,https://www.polln.com/,0,0,0,0.58,393000,"11, 11, 11, 11, 11, 64, 100, 64, 64, 11, 82, 11",2026-03-14 04:32:31,"Sitelinks, Related searches",navigational,Organic
meaning sativa,25,0,110,19,0,https://www.polln.com/library/sativa-vs-indica-vs-hybrid-cannabis-what-to-expect,0,0,0,0,27600000,"53, 26, 7, 15, 7, 7, 7, 7, 80, 100, 80, 100",2026-04-11 14:59:14,"Video, Related searches, Short videos, AI overview",informational,Organic
weed prescription australia,11,11,140,61,55.52,https://www.polln.com/,0,0,0,0.86,4270000,"72, 21, 5, 5, 11, 9, 7, 9, 5, 7, 7, 5",2026-04-02 21:21:08,"Video, Ads bottom, Video Carousel, People also ask, Related searches, Discussions and forums, AI overview",informational,Organic
weed prescription australia,88,0,140,61,55.52,https://www.polln.com/locations/canberra,0,0,0,0.86,4270000,"72, 21, 5, 5, 11, 9, 7, 9, 5, 7, 7, 5",2026-04-02 21:21:08,"Video, Ads bottom, Video Carousel, People also ask, Related searches, Discussions and forums, AI overview",informational,Organic
medical marijuana pharmacy near me,53,0,50,31,0,https://www.polln.com/locations/perth,0,0,0,0,21900000,"3, 0, 0, 0, 3, 3, 15, 19, 26, 26, 100, 26",2026-04-29 14:56:31,"Local pack, Video, Image, People also ask, Related searches, AI overview","informational, transactional",Organic
medical marijuana pharmacy near me,74,0,50,31,0,https://www.polln.com/locations/perth,0,0,0,0,21900000,"3, 0, 0, 0, 3, 3, 15, 19, 26, 26, 100, 26",2026-04-29 14:56:31,"Local pack, Video, Image, People also ask, Related searches, AI overview","informational, transactional",Organic
log in patient portal,45,45,390,33,0,https://patient.polln.com/,0,0,0,0,105,"81, 66, 35, 66, 100, 81, 23, 100, 100, 81, 66, 44",2026-03-16 04:55:26,"Related searches, AI overview","informational, transactional",Organic
cannabis indica strains,31,31,170,57,0,https://www.polln.com/library/sativa-vs-indica-vs-hybrid-cannabis-what-to-expect,0,0,0,0,0,"53, 53, 53, 53, 53, 43, 35, 53, 43, 43, 53, 28",2026-03-15 12:51:51,"Image pack, Sitelinks, Video, Related searches, AI overview",informational,Organic
natural doctor wetherill park,47,0,40,15,1.74,https://www.polln.com/our-doctors,0,0,0,0.14,220000,"7, 0, 23, 12, 5, 17, 10, 7, 7, 10, 7, 7",2026-04-28 18:25:01,"Knowledge panel, Video, Related searches",informational,Organic
doctor canabis,12,12,170,37,6.28,https://www.polln.com/,0,0,0,0.58,0,"81, 5, 15, 6, 3, 5, 23, 35, 81, 54, 35, 44",2026-03-13 20:10:59,"Video, Video Carousel, Related searches",informational,Organic
online doctor script,48,48,110,40,0,https://www.polln.com/,0,0,0,0,148,"80, 66, 80, 100, 52, 42, 52, 23, 33, 33, 66, 80",2026-03-23 19:43:27,"Video, Related searches",informational,Organic
can i take medicine on the plane,60,60,70,39,0,https://www.polln.com/faqs/can-i-travel-with-my-prescription-medications,0,0,0,0,0,"100, 18, 18, 100, 18, 100, 100, 36, 63, 100, 63, 63",2026-03-06 05:12:15,"Video, Image, Related searches, AI overview",informational,Organic
modafinil in australia,37,0,140,19,2.79,https://www.polln.com/,0,0,0,0.02,384000,"18, 11, 15, 11, 11, 15, 15, 18, 15, 28, 28, 81",2026-04-06 16:57:18,"Sitelinks, Image, Related searches, AI overview",informational,Organic
modafinil in australia,74,0,140,19,2.79,https://www.polln.com/,0,0,0,0.02,384000,"18, 11, 15, 11, 11, 15, 15, 18, 15, 28, 28, 81",2026-04-06 16:57:18,"Sitelinks, Image, Related searches, AI overview",informational,Organic
how long does weed stay in blood,5,5,140,53,0,https://www.polln.com/library/how-long-does-cannabis-stay-in-your-system,0,0,0,0,0,"53, 53, 53, 53, 65, 53, 53, 53, 53, 42, 42, 65",2026-03-09 09:55:15,"Image pack, Video, Image, Short videos, Discussions and forums, AI overview",informational,Organic
cannabist shop,24,21,110,52,0,https://www.polln.com/,0,0,0,0,121000,"14, 100, 100, 100, 100, 100, 14, 78, 100, 100, 100, 100",2026-04-03 22:02:46,"Local pack, Video, Image, Video Carousel",commercial,Organic
how to get medical marijuana,19,19,90,51,0,https://www.polln.com/library/getting-access-to-prescription-natural-medicine-in-australia,0,0,0,0,0,"2, 2, 6, 8, 14, 6, 29, 35, 43, 35, 29, 18",2026-03-16 17:55:41,"Video, Related searches, Discussions and forums, AI overview",informational,Organic
how long does cannabis stay in system,14,19,260,62,0,https://www.polln.com/library/how-long-does-cannabis-stay-in-your-system,0,0,0,0,101000000,"66, 66, 29, 35, 81, 43, 66, 66, 54, 54, 54, 54",2026-04-07 15:18:57,"Sitelinks, Video, People also ask, Discussions and forums, AI overview",informational,Organic
escripts australia,84,84,480,38,2.19,https://www.polln.com/,0,0,0,0.83,798000,"45, 20, 36, 36, 36, 45, 76, 16, 36, 36, 30, 36",2026-03-11 12:03:06,"Video, Image, Related searches, AI overview",informational,Organic
what are terpenes,78,31,210,36,0,https://www.polln.com/library/everything-you-need-to-know-about-cannabis-terpenes,0,0,0,0,13000000,"43, 43, 43, 43, 53, 82, 43, 82, 53, 53, 66, 53",2026-04-06 21:10:35,"Image pack, Sitelinks, Video, People also ask, Related searches, AI overview",informational,Organic
dr prescribe,54,54,110,51,2.82,https://www.polln.com/,0,0,0,0.56,138,"0, 0, 0, 0, 0, 0, 53, 81, 100, 81, 43, 53",2026-03-20 18:15:17,"Video, People also ask, Related searches, AI overview",informational,Organic
medicinal gummies australia,28,0,70,50,10.38,https://www.polln.com/,0,0,0,0.6,850000,"63, 36, 63, 63, 81, 100, 100, 81, 45, 63, 63, 63",2026-04-05 08:32:41,"Sitelinks, Video, Related searches, AI overview",informational,Organic
buy cannabidiol,34,34,40,24,5.1,https://www.polln.com/,0,0,0,0.7,0,"3, 6, 5, 3, 5, 5, 2, 3, 0, 0, 0, 1",2026-03-17 12:19:04,"Local pack, Sitelinks, Video, Image, Related searches",transactional,Organic
buy cannabidiol,48,34,40,24,5.1,https://www.polln.com/,0,0,0,0.7,0,"3, 6, 5, 3, 5, 5, 2, 3, 0, 0, 0, 1",2026-03-17 12:19:04,"Local pack, Sitelinks, Video, Image, Related searches",transactional,Organic
how long does marijuana stay in system for roadside test,23,0,480,28,0,https://www.polln.com/library/how-long-does-cannabis-stay-in-your-system,0,0,0,0,459000,"0, 0, 0, 13, 30, 30, 100, 36, 36, 45, 45, 55",2026-04-16 17:04:23,"Sitelinks, Video, Related searches, AI overview",informational,Organic
dispensed clinic,69,69,110,31,6.16,https://www.polln.com/locations/brisbane,0,0,0,0.73,0,"52, 66, 66, 52, 52, 52, 52, 52, 42, 52, 42, 42",2026-03-12 03:01:45,"Knowledge panel, Related searches",navigational,Organic
medical marijuana dispensary brisbane,18,0,50,43,0,https://www.polln.com/locations/brisbane,0,0,0,0,118,"27, 27, 27, 36, 27, 36, 100, 100, 81, 81, 63, 36",2026-04-14 21:35:23,"Knowledge panel, Video, Related searches, AI overview",informational,Organic
how much does weed,34,0,210,37,0,https://www.polln.com/library/how-much-does-medicinal-cannabis-cost-in-australia,0,0,0,0.01,178000000,"80, 80, 42, 100, 100, 80, 42, 80, 80, 65, 80, 65",2026-04-19 07:24:44,"Video, People also ask, Related searches, AI overview",informational,Organic
how long does thc stay in blood,1,1,70,52,0,https://www.polln.com/library/how-long-does-cannabis-stay-in-your-system,0,0,0,0,9640000,"63, 63, 63, 63, 63, 63, 63, 63, 100, 63, 63, 63",2026-03-13 15:33:14,"Video, Discussions and forums, AI overview",informational,AI overview
how long does thc stay in blood,1,1,70,52,0,https://www.polln.com/library/how-long-does-cannabis-stay-in-your-system,0,0,0,0,9640000,"63, 63, 63, 63, 63, 63, 63, 63, 100, 63, 63, 63",2026-03-13 15:33:14,"Video, Discussions and forums, AI overview",informational,AI overview
how long does thc stay in blood,10,10,70,52,0,https://www.polln.com/library/how-long-does-cannabis-stay-in-your-system,0,0,0,0,9640000,"63, 63, 63, 63, 63, 63, 63, 63, 100, 63, 63, 63",2026-03-13 15:33:14,"Video, Discussions and forums, AI overview",informational,Organic
how long does thc stay in blood,20,10,70,52,0,https://www.polln.com/library/how-long-does-cannabis-stay-in-your-system,0,0,0,0,9640000,"63, 63, 63, 63, 63, 63, 63, 63, 100, 63, 63, 63",2026-03-13 15:33:14,"Video, Discussions and forums, AI overview",informational,Organic
true green health,32,32,170,28,4.95,https://www.polln.com/locations/adelaide,0,0,0,0.11,2050000000,"21, 100, 53, 65, 34, 53, 43, 53, 53",2026-03-19 18:20:42,"Local pack, Sitelinks, Video, Related searches",navigational,Organic
true green health,74,74,170,28,4.95,https://www.polln.com/,0,0,0,0.11,2050000000,"21, 100, 53, 65, 34, 53, 43, 53, 53",2026-03-19 18:20:42,"Local pack, Sitelinks, Video, Related searches",navigational,Organic
true green health,78,32,170,28,4.95,https://www.polln.com/locations/adelaide,0,0,0,0.11,2050000000,"21, 100, 53, 65, 34, 53, 43, 53, 53",2026-03-19 18:20:42,"Local pack, Sitelinks, Video, Related searches",navigational,Organic
medicinal marijuana,32,19,720,70,0,https://www.polln.com/,0,0,0,0,64100000,"34, 24, 20, 20, 24, 16, 34, 34, 20, 20, 20, 20",2026-03-26 02:25:09,"Video, Image, Related searches, AI overview",informational,Organic
how long will weed stay in your urine,32,0,70,58,0,https://www.polln.com/library/how-long-does-cannabis-stay-in-your-system,0,0,0,0,172000000,"100, 100, 100, 100, 100, 63, 100, 63, 27, 18, 27, 18",2026-04-18 01:03:44,"Sitelinks, Video, People also ask, Discussions and forums, AI overview",informational,Organic
how long does weed last in your saliva,65,0,50,45,0,https://www.polln.com/library/how-long-does-cannabis-stay-in-your-system,0,0,0,0.33,4370000,"33, 33, 33, 33, 33, 33, 9, 9, 9, 9, 9, 52",2026-04-24 10:54:18,"Video, People also ask, Discussions and forums, AI overview",informational,Organic
dr canna contact,42,0,40,9,3.43,https://www.polln.com/locations/adelaide,0,0,0,0.62,9850000,"18, 18, 18, 18, 18, 27, 100, 81, 45, 27, 63, 27",2026-04-15 11:44:34,"Knowledge panel, Video, People also ask, Related searches",navigational,Organic
dr canna contact,85,0,40,9,3.43,https://www.polln.com/locations/perth,0,0,0,0.62,9850000,"18, 18, 18, 18, 18, 27, 100, 81, 45, 27, 63, 27",2026-04-15 11:44:34,"Knowledge panel, Video, People also ask, Related searches",navigational,Organic
medical cannabis melbourne,19,0,260,39,0,https://www.polln.com/locations/melbourne,0,0,0,0,3410000,"43, 43, 53, 43, 53, 35, 82, 82, 82, 100, 82, 100",2026-04-28 11:52:14,"Local pack, Sitelinks, Related searches, Discussions and forums",informational,Organic
medical cannabis melbourne,43,21,260,39,0,https://www.polln.com/,0,0,0,0,3410000,"43, 43, 53, 43, 53, 35, 82, 82, 82, 100, 82, 100",2026-04-28 11:52:14,"Local pack, Sitelinks, Related searches, Discussions and forums",informational,Organic
integrative medicine near me,63,68,260,40,1.17,https://www.polln.com/,0,0,0,0.55,48800000,"66, 43, 43, 54, 43, 66, 100, 54, 66, 54, 18, 43",2026-04-04 00:21:01,"Local pack, Related searches, AI overview","informational, transactional",Organic
medical cannabis aus,10,0,50,57,0,https://www.polln.com/,0,0,0,0,43700000,"5, 1, 0, 1, 1, 8, 18, 15, 18, 18, 15, 15",2026-04-14 21:35:07,"Local pack, Video, Related searches, Discussions and forums, AI overview",informational,Organic
medical mary jane,95,95,390,58,60.25,https://www.polln.com/locations/perth,0,0,0,0.11,141,"0, 0, 0, 0, 0, 0, 0, 0, 0, 0, 100, 100",2026-03-17 01:34:35,"Video, Video Carousel, Related searches, AI overview",informational,Organic
indica strain,46,37,110,72,0,https://www.polln.com/library/sativa-vs-indica-vs-hybrid-cannabis-what-to-expect,0,0,0,0,23200000,"28, 34, 43, 34, 65, 34, 34, 43, 34, 34, 43, 28",2026-04-25 03:26:47,"Image pack, Sitelinks, Video, Video Carousel, People also ask, Related searches, Discussions and forums, AI overview",informational,Organic
medical weed melbourne,29,16,90,41,41.76,https://www.polln.com/,0,0,0,0.15,2990000,"78, 21, 100, 35, 78, 28, 78, 50, 78, 64, 78, 64",2026-04-17 09:21:49,"Sitelinks, Video, People also ask, Related searches, Discussions and forums, AI overview",informational,Organic
medical weed melbourne,48,6,90,41,41.76,https://www.polln.com/locations/melbourne,0,0,0,0.15,2990000,"78, 21, 100, 35, 78, 28, 78, 50, 78, 64, 78, 64",2026-04-17 09:21:49,"Sitelinks, Video, People also ask, Related searches, Discussions and forums, AI overview",informational,Organic
medical cannibis doctors,69,0,140,35,115.11,https://www.polln.com/practitioners/dr-joel-wren,0,0,0,0.06,112000000,"0, 0, 0, 0, 0, 80, 65, 100, 100, 100, 80, 80",2026-04-23 07:24:04,"Local pack, Video, Related searches",commercial,Organic
doctor prescription online australia,50,50,90,40,4.08,https://www.polln.com/,0,0,0,0.85,141,"21, 21, 21, 21, 21, 21, 43, 34, 43, 43, 43, 12",2026-03-29 05:29:42,"Video, Related searches, AI overview",informational,Organic
driving on weed,37,56,70,30,56.79,https://www.polln.com/library/medicinal-cannabis-and-driving-what-you-need-to-know-as-a-patient-in-australia,0,0,0,0.05,92400000,"63, 63, 45, 63, 45, 63, 63, 81, 81, 63, 63, 81",2026-04-25 00:35:07,"Sitelinks, Video, Video Carousel, People also ask, Discussions and forums, AI overview",informational,Organic
marijuana prescription victoria,9,0,50,33,0,https://www.polln.com/locations/melbourne,0,0,0,0,1180000,"0, 0, 2, 6, 9, 6, 9, 6, 5, 9, 9, 6",2026-04-29 12:49:56,"Video, Image, People also ask, Related searches, Discussions and forums, AI overview",informational,Organic
weed sydney,66,0,70,28,0,https://www.polln.com/locations/sydney,0,0,0,0,18500000,"29, 2, 2, 2, 2, 4, 14, 14, 29, 29, 35, 29",2026-04-12 11:12:49,"Sitelinks, Video, People also ask, Related searches, Discussions and forums",informational,Organic
how long are scripts valid for australia,71,0,50,9,0,https://www.polln.com/faqs/do-my-prescriptions-expire,0,0,0,0.33,11000000,"35, 21, 35, 14, 50, 64, 50, 14, 14, 64, 21, 28",2026-04-13 23:10:49,"Sitelinks, Video, Related searches, Discussions and forums, AI overview",informational,Organic
dispensary brisbane,90,90,170,44,72.49,https://www.polln.com/locations/brisbane,0,0,0,0.53,321000,"100, 80, 80, 80, 100, 66, 80, 66, 66, 80, 80, 66",2026-03-30 14:04:53,"Local pack, Sitelinks, Video, Image, Related searches",commercial,Organic
doctors who can prescribe cbd oil melbourne,38,38,70,33,0,https://www.polln.com/locations/melbourne,0,0,0,0,39300,"33, 42, 33, 42, 42, 33, 42, 33, 23, 33, 19, 19",2026-03-31 07:36:14,"Local pack, Video, People also ask, Related searches, AI overview",informational,Organic
doctors who can prescribe cbd oil melbourne,84,84,70,33,0,https://www.polln.com/our-doctors,0,0,0,0,39300,"33, 42, 33, 42, 42, 33, 42, 33, 23, 33, 19, 19",2026-03-31 07:36:14,"Local pack, Video, People also ask, Related searches, AI overview",informational,Organic
how long does weed show up on drug test,22,22,50,56,0,https://www.polln.com/library/how-long-does-cannabis-stay-in-your-system,0,0,0,0.33,0,"15, 2, 15, 15, 15, 2, 2, 2, 2, 2, 2, 2",2026-03-10 06:11:28,"Sitelinks, Video, Related searches, AI overview",informational,Organic
cannalink clinic,9,19,260,22,5.5,https://www.polln.com/,0,0,0,0.74,91,"28, 5, 28, 28, 43, 53, 100, 100, 82, 100, 82, 100",2026-04-05 05:13:09,"Knowledge panel, Sitelinks, People also ask, Related searches",navigational,Organic
australian access clinics,64,0,720,40,5.72,https://www.polln.com/locations/perth,0,0,0,0.3,117,"67, 67, 76, 67, 55, 36, 55, 45, 30, 45, 45, 45",2026-04-08 15:03:13,"Local pack, Sitelinks, Video, Related searches",navigational,Organic
cannabis in system for how long,17,20,90,64,0,https://www.polln.com/library/how-long-does-cannabis-stay-in-your-system,0,0,0,0,117000000,"64, 50, 50, 64, 50, 50, 50, 50, 35, 50, 100, 50",2026-04-08 03:40:46,"Video, People also ask, Related searches, Discussions and forums, AI overview",informational,Organic
medical mj doctors,40,28,210,38,115.11,https://www.polln.com/practitioners/dr-joel-wren,0,0,0,0.06,287000000,"100, 80, 65, 100, 100, 80, 65, 100, 100, 100, 80, 80",2026-04-11 02:14:20,"Video, People also ask, Related searches, AI overview",informational,Organic
medical mj doctors,66,0,210,38,115.11,https://www.polln.com/locations/perth,0,0,0,0.06,287000000,"100, 80, 65, 100, 100, 80, 65, 100, 100, 100, 80, 80",2026-04-11 02:14:20,"Video, People also ask, Related searches, AI overview",informational,Organic
mmj clinic near me,51,51,90,40,88.29,https://www.polln.com/locations/brisbane,0,0,0,0.05,111,"42, 33, 42, 52, 42, 100, 33, 42, 33, 52, 33, 42",2026-03-11 21:42:34,"Knowledge panel, Image, Related searches, AI overview","informational, transactional",Organic
mmj clinic near me,64,64,90,40,88.29,https://www.polln.com/locations/adelaide,0,0,0,0.05,111,"42, 33, 42, 52, 42, 100, 33, 42, 33, 52, 33, 42",2026-03-11 21:42:34,"Knowledge panel, Image, Related searches, AI overview","informational, transactional",Organic
indica hybrid,1,0,70,47,0,https://www.polln.com/library/sativa-vs-indica-vs-hybrid-cannabis-what-to-expect,0,0,0,0,26900000,"81, 63, 45, 63, 63, 63, 81, 100, 63, 81, 63, 100",2026-04-16 05:10:12,"Video, Video Carousel, People also ask, Related searches, Short videos, AI overview","commercial, informational",AI overview
online cannabis prescription,1,1,210,47,0,https://www.polln.com/,0,0,0,0,0,"65, 81, 53, 65, 65, 53, 65, 34, 53, 43, 65, 100",2026-03-07 21:04:40,"Video, Related searches, AI overview",commercial,AI overview
online cannabis prescription,21,21,210,47,0,https://www.polln.com/locations/adelaide,0,0,0,0,0,"65, 81, 53, 65, 65, 53, 65, 34, 53, 43, 65, 100",2026-03-07 21:04:40,"Video, Related searches, AI overview",commercial,Organic
online cannabis prescription,63,21,210,47,0,https://www.polln.com/locations/adelaide,0,0,0,0,0,"65, 81, 53, 65, 65, 53, 65, 34, 53, 43, 65, 100",2026-03-07 21:04:40,"Video, Related searches, AI overview",commercial,Organic
how long does weed last in saliva,61,61,50,41,0,https://www.polln.com/library/how-long-does-cannabis-stay-in-your-system,0,0,0,0.33,6110000,"26, 26, 26, 34, 34, 26, 7, 7, 7, 7, 7, 42",2026-03-19 07:14:12,"Video, Discussions and forums, AI overview",informational,Organic
where to get weed in perth,33,0,50,17,103.82,https://www.polln.com/locations/perth,0,0,0,0.27,7520000,"14, 14, 14, 14, 14, 14, 50, 50, 78, 50, 64, 64",2026-04-12 12:09:12,"Sitelinks, Video, People also ask, Discussions and forums, AI overview",informational,Organic
medicinal marijuanas victoria driving,49,72,110,27,31.48,https://www.polln.com/library/medicinal-cannabis-and-driving-what-you-need-to-know-as-a-patient-in-australia,0,0,0,0.39,355000,"82, 64, 64, 64, 64, 64, 100, 82, 52, 23, 29, 17",2026-04-24 03:02:32,"Sitelinks, Video, Ads bottom, People also ask, Related searches, Discussions and forums, AI overview",informational,Organic
how long does cannabis stay in your bloodstream,18,17,260,45,0,https://www.polln.com/library/how-long-does-cannabis-stay-in-your-system,0,0,0,0,109,"66, 66, 43, 66, 82, 66, 53, 66, 66, 66, 53, 53",2026-04-05 13:04:39,"Sitelinks, Video, People also ask, Discussions and forums, AI overview",informational,Organic
holistic doctors near me,39,77,70,48,1.49,https://www.polln.com/,0,0,0,0.72,195000000,"28, 21, 28, 15, 21, 15, 34, 21, 21, 15, 21, 21",2026-04-02 07:47:21,"Local pack, Video, People also ask, Related searches",transactional,Organic
medican clinics,57,28,70,28,0,https://www.polln.com/,0,0,0,0,17600,"8, 2, 100, 54, 2, 0, 2, 4, 2, 4, 2, 2",2026-04-03 18:13:12,"Knowledge panel, Sitelinks, Video, Image, Related searches",navigational,Organic
medical cannabidiol,78,0,110,62,12.64,https://www.polln.com/locations/adelaide,0,0,0,0.2,6360000,"43, 14, 22, 18, 29, 14, 14, 18, 22, 22, 10, 18",2026-04-01 16:45:12,"Local pack, Sitelinks, Video, People also ask, Related searches, AI overview",informational,Organic
medical cannabidiol,98,32,110,62,12.64,https://www.polln.com/,0,0,0,0.2,6360000,"43, 14, 22, 18, 29, 14, 14, 18, 22, 22, 10, 18",2026-04-01 16:45:12,"Local pack, Sitelinks, Video, People also ask, Related searches, AI overview",informational,Organic
cannabis doctors,7,7,90,51,0,https://www.polln.com/,0,0,0,0,149,"26, 26, 19, 26, 19, 26, 65, 42, 42, 34, 34, 26",2026-03-20 14:52:44,"Local pack, Video, Image, People also ask, Related searches",commercial,Organic
cannabis doctors,23,23,90,51,0,https://www.polln.com/practitioners/dr-joel-wren,0,0,0,0,149,"26, 26, 19, 26, 19, 26, 65, 42, 42, 34, 34, 26",2026-03-20 14:52:44,"Local pack, Video, Image, People also ask, Related searches",commercial,Organic
cannabis doctors,67,23,90,51,0,https://www.polln.com/practitioners/dr-joel-wren,0,0,0,0,149,"26, 26, 19, 26, 19, 26, 65, 42, 42, 34, 34, 26",2026-03-20 14:52:44,"Local pack, Video, Image, People also ask, Related searches",commercial,Organic
cannabis doctors,93,93,90,51,0,https://www.polln.com/locations/sunshine-coast,0,0,0,0,149,"26, 26, 19, 26, 19, 26, 65, 42, 42, 34, 34, 26",2026-03-20 14:52:44,"Local pack, Video, Image, People also ask, Related searches",commercial,Organic
cost of marijuana,18,18,140,20,0,https://www.polln.com/library/how-much-does-medicinal-cannabis-cost-in-australia,0,0,0,0,190,"29, 29, 29, 29, 29, 29, 29, 22, 29, 29, 29, 29",2026-03-24 22:37:30,"Sitelinks, Video, Featured snippet, People also ask, Related searches",informational,Organic
leaf doctors strathpine,48,48,110,56,3.28,https://www.polln.com/our-doctors,0,0,0,0.69,0,"0, 0, 0, 7, 7, 42, 53, 65, 65, 100, 65, 65",2026-03-19 04:48:06,"Sitelinks, Video, Related searches, AI overview","informational, navigational",Organic
cannabis wellness clinic,12,0,70,43,0,https://www.polln.com/,0,0,0,0,13100000,"0, 0, 0, 0, 0, 0, 100, 78, 100, 100, 100, 100",2026-04-13 09:07:30,"Knowledge panel, Video, Image, Related searches, AI overview",informational,Organic
how.long does weed stay in your system for,16,16,210,61,0,https://www.polln.com/library/how-long-does-cannabis-stay-in-your-system,0,0,0,0,154000000,"0, 0, 0, 0, 0, 0, 0, 0, 0, 0, 0, 100",2026-03-25 01:47:44,"Video, People also ask, Related searches, Short videos, Discussions and forums, AI overview",informational,Organic
how.long does weed stay in your system for,20,16,210,61,0,https://www.polln.com/library/how-long-does-cannabis-stay-in-your-system,0,0,0,0,154000000,"0, 0, 0, 0, 0, 0, 0, 0, 0, 0, 0, 100",2026-03-25 01:47:44,"Video, People also ask, Related searches, Short videos, Discussions and forums, AI overview",informational,Organic
dry flower vaping,69,0,90,28,0,https://www.polln.com/library/ultimate-guide-to-vaping-medicinal-cannabis,0,0,0,0,694000,"63, 63, 81, 81, 81, 63, 81, 81, 81, 63, 100, 63",2026-04-15 23:11:46,"Sitelinks, Video, Video Carousel, Related searches, Discussions and forums, AI overview",informational,Organic
indica pot,22,18,140,67,0,https://www.polln.com/library/sativa-vs-indica-vs-hybrid-cannabis-what-to-expect,0,0,0,0,83400000,"66, 66, 52, 66, 66, 66, 52, 80, 100, 80, 66, 80",2026-04-25 05:42:26,"Knowledge panel, Sitelinks, Video, Video Carousel, People also ask, Popular products, Related searches, Discussions and forums",informational,Organic
indica pot,34,18,140,67,0,https://www.polln.com/library/sativa-vs-indica-vs-hybrid-cannabis-what-to-expect,0,0,0,0,83400000,"66, 66, 52, 66, 66, 66, 52, 80, 100, 80, 66, 80",2026-04-25 05:42:26,"Knowledge panel, Sitelinks, Video, Video Carousel, People also ask, Popular products, Related searches, Discussions and forums",informational,Organic
indica pot,42,18,140,67,0,https://www.polln.com/library/sativa-vs-indica-vs-hybrid-cannabis-what-to-expect,0,0,0,0,83400000,"66, 66, 52, 66, 66, 66, 52, 80, 100, 80, 66, 80",2026-04-25 05:42:26,"Knowledge panel, Sitelinks, Video, Video Carousel, People also ask, Popular products, Related searches, Discussions and forums",informational,Organic
medicinal legal,54,54,320,60,2.62,https://www.polln.com/,0,0,0,0.14,3000000000,"54, 66, 54, 66, 100, 44, 35, 44, 35, 44, 35, 28",2026-03-25 20:34:39,"Video, Related searches, AI overview",informational,Organic
how long does pot last in your system,17,17,210,57,0,https://www.polln.com/library/how-long-does-cannabis-stay-in-your-system,0,0,0,0,0,"81, 43, 65, 81, 65, 81, 34, 53, 65, 53, 43, 53",2026-03-10 17:22:32,"Sitelinks, Video, Discussions and forums",informational,Organic
weed dispensary,41,41,210,47,0,https://www.polln.com/,0,0,0,0,0,"19, 19, 36, 29, 36, 36, 29, 19, 15, 23, 19, 23",2026-03-17 20:11:01,"Video, Image, Related searches, See results about, Discussions and forums, AI overview",informational,Organic
medical weed sydney,21,0,50,31,0,https://www.polln.com/locations/sydney,0,0,0,0,3600000,"33, 44, 55, 55, 33, 11, 55, 77, 77, 100, 100, 77",2026-04-14 07:56:44,"Video, People also ask, Related searches, Discussions and forums, AI overview",informational,Organic
thc testing,95,0,110,30,0,https://www.polln.com/,0,0,0,0,43300000,"29, 4, 10, 4, 4, 10, 10, 10, 54, 43, 43, 43",2026-04-05 16:10:49,"Sitelinks, Video, Video Carousel, People also ask, Related searches, AI overview",informational,Organic
where to get medical marijuanas,52,52,90,55,27.41,https://www.polln.com/locations/adelaide,0,0,0,0.28,0,"50, 78, 78, 78, 100, 64, 50, 64, 50, 50, 50, 35",2026-03-11 21:35:26,"Local pack, Video",informational,Organic
how long does a weed stay in your system,25,75,1300,60,0,https://www.polln.com/library/how-long-does-cannabis-stay-in-your-system,0,0,0,0,166000000,"44, 36, 36, 36, 36, 36, 7, 24, 36, 36, 36, 36",2026-04-22 10:14:25,"Video, People also ask, Related searches, Discussions and forums, AI overview",informational,Organic
dr nic wellness,22,0,140,18,0,https://www.polln.com/our-doctors,0,0,0,0.01,8510000,"52, 52, 52, 52, 42, 80, 100, 52, 52, 66, 80, 52",2026-04-30 02:37:27,"Sitelinks, Related searches",navigational,Organic
cbd oil gold coast,27,11,140,23,0,https://www.polln.com/locations/gold-coast,0,0,0,0,4930000,"5, 5, 5, 5, 6, 6, 10, 13, 13, 10, 10, 10",2026-04-01 14:11:55,"Knowledge panel, Sitelinks, Video, Related searches, AI overview",informational,Organic
satuva vs indica,1,1,140,59,0,https://www.polln.com/library/sativa-vs-indica-vs-hybrid-cannabis-what-to-expect,0,0,0,0,21900000,"100, 10, 43, 43, 54, 10, 10, 14, 10, 10, 10, 14",2026-03-28 06:08:54,"Image pack, Sitelinks, Video, Related searches, Short videos, Discussions and forums, AI overview","commercial, informational",AI overview
satuva vs indica,15,15,140,59,0,https://www.polln.com/library/sativa-vs-indica-vs-hybrid-cannabis-what-to-expect,0,0,0,0,21900000,"100, 10, 43, 43, 54, 10, 10, 14, 10, 10, 10, 14",2026-03-28 06:08:54,"Image pack, Sitelinks, Video, Related searches, Short videos, Discussions and forums, AI overview","commercial, informational",Organic
best online chemist,42,42,40,63,1.37,https://www.polln.com/,0,0,0,0.95,0,"9, 9, 9, 9, 9, 9, 52, 66, 9, 9, 9, 9",2026-03-10 18:27:37,"Sitelinks, Video, Related searches, Discussions and forums, AI overview","commercial, informational",Organic
cannabidiol australia,27,25,390,61,7.21,https://www.polln.com/,0,0,0,0.21,208,"100, 29, 100, 3, 2, 81, 54, 19, 67, 54, 19, 29",2026-04-02 16:17:59,"Local pack, Sitelinks, Video, Related searches, AI overview",informational,Organic
my health my life,25,38,170,33,2.18,https://www.polln.com/,0,0,0,0.02,3920000000,"12, 23, 66, 35, 28, 23, 82, 53, 43, 53, 53, 66",2026-04-03 03:46:26,"Local pack, Sitelinks, Video, People also ask, Related searches",navigational,Organic
my health my life,49,38,170,33,2.18,https://www.polln.com/,0,0,0,0.02,3920000000,"12, 23, 66, 35, 28, 23, 82, 53, 43, 53, 53, 66",2026-04-03 03:46:26,"Local pack, Sitelinks, Video, People also ask, Related searches",navigational,Organic
how long does pot stay in your system drug test,18,0,110,61,0,https://www.polln.com/library/how-long-does-cannabis-stay-in-your-system,0,0,0,0,127,"42, 33, 42, 52, 52, 52, 52, 42, 52, 66, 80, 100",2026-04-08 13:02:22,"Sitelinks, Video, People also ask, Short videos, AI overview",informational,Organic
weed online australia,13,0,70,49,0,https://www.polln.com/,0,0,0,0,16700000,"21, 7, 28, 14, 21, 21, 50, 64, 64, 100, 100, 78",2026-04-15 11:43:53,"Video, Related searches, Discussions and forums",commercial,Organic
weed online australia,26,0,70,49,0,https://www.polln.com/,0,0,0,0,16700000,"21, 7, 28, 14, 21, 21, 50, 64, 64, 100, 100, 78",2026-04-15 11:43:53,"Video, Related searches, Discussions and forums",commercial,Organic
weed online australia,32,0,70,49,0,https://www.polln.com/,0,0,0,0,16700000,"21, 7, 28, 14, 21, 21, 50, 64, 64, 100, 100, 78",2026-04-15 11:43:53,"Video, Related searches, Discussions and forums",commercial,Organic
how long weed stay in system,34,21,70,54,0,https://www.polln.com/library/how-long-does-cannabis-stay-in-your-system,0,0,0,0.33,159000000,"64, 50, 50, 50, 50, 35, 35, 50, 35, 35, 50, 14",2026-04-20 05:52:14,"Video, People also ask, Discussions and forums, AI overview",informational,Organic
how long does thc remain in the body,31,0,50,59,0,https://www.polln.com/library/how-long-does-cannabis-stay-in-your-system,0,0,0,0.33,41400000,"2, 2, 2, 2, 2, 2, 2, 2, 2, 15, 15, 15",2026-04-28 11:46:24,"Video, People also ask, AI overview",informational,Organic
how long weed stays in the system,64,0,70,60,0,https://www.polln.com/library/how-long-does-cannabis-stay-in-your-system,0,0,0,0.33,131,"64, 50, 64, 50, 50, 35, 35, 50, 35, 35, 50, 14",2026-04-20 05:37:16,"Video, People also ask, Discussions and forums, AI overview",informational,Organic
medical marijuanas melbourne,21,24,260,39,47.91,https://www.polln.com/,0,0,0,0.44,1690000,"36, 29, 44, 29, 29, 36, 36, 36, 44, 19, 29, 36",2026-04-10 06:15:08,"Local pack, Video, Related searches, Discussions and forums",commercial,Organic
medical marijuanas melbourne,50,14,260,39,47.91,https://www.polln.com/locations/melbourne,0,0,0,0.44,1690000,"36, 29, 44, 29, 29, 36, 36, 36, 44, 19, 29, 36",2026-04-10 06:15:08,"Local pack, Video, Related searches, Discussions and forums",commercial,Organic
medical marijuanas melbourne,79,14,260,39,47.91,https://www.polln.com/locations/melbourne,0,0,0,0.44,1690000,"36, 29, 44, 29, 29, 36, 36, 36, 44, 19, 29, 36",2026-04-10 06:15:08,"Local pack, Video, Related searches, Discussions and forums",commercial,Organic
cannabid oil,93,0,110,63,0,https://www.polln.com/library/cbd-oil-explained,0,0,0,0,71300000,"0, 0, 0, 0, 0, 0, 0, 0, 0, 0, 100, 0",2026-03-31 20:13:55,"Knowledge panel, Sitelinks, Video, Video Carousel, Popular products, Related searches, Discussions and forums, AI overview",informational,Organic
how long does a prescription last,23,23,590,16,0,https://www.polln.com/faqs/do-my-prescriptions-expire,0,0,0,0,208000000,"81, 100, 81, 81, 54, 66, 81, 81, 54, 54, 81, 66",2026-03-30 03:08:08,"Related searches, AI overview",informational,Organic
med west,70,47,90,17,0,https://www.polln.com/locations/perth,0,0,0,0.02,105,"100, 27, 100, 100, 81, 63, 63, 63, 63, 63, 63, 63",2026-04-09 19:05:43,"Knowledge panel, Sitelinks, Image, Related searches",navigational,Organic
cannabis seeds online,91,91,140,38,0,https://www.polln.com/,0,0,0,0,16200000,"100, 100, 100, 100, 100, 100, 100, 100, 100, 100, 100, 100",2026-03-26 11:00:36,"Image, People also ask, Discussions and forums",commercial,Organic
strains in weed,66,0,1300,,0,https://www.polln.com/library/sativa-vs-indica-vs-hybrid-cannabis-what-to-expect,0,0,0,0.01,20500000,"66, 54, 66, 66, 79, 54, 10, 41, 54, 54, 41, 41",2026-04-08 19:46:16,"Video, Video Carousel, Related searches, Discussions and forums, AI overview",informational,Organic
sativa plant,95,0,720,83,0,https://www.polln.com/library/sativa-vs-indica-vs-hybrid-cannabis-what-to-expect,0,0,0,0,34800000,"16, 3, 16, 13, 24, 10, 10, 54, 13, 10, 79, 100",2026-04-03 06:37:54,"Knowledge panel, Video, Image, Video Carousel, People also ask, Related searches, See results about",informational,Organic
medical marijuana vic,17,0,70,42,0,https://www.polln.com/locations/melbourne,0,0,0,0,945000,"0, 0, 0, 0, 0, 0, 52, 52, 66, 66, 80, 80",2026-04-14 21:35:30,"Video, Image, People also ask, Related searches, Discussions and forums, AI overview",informational,Organic
doctors who can prescribe cbd oil gold coast,6,0,70,6,0,https://www.polln.com/locations/gold-coast,0,0,0,0,75300,"77, 55, 55, 77, 100, 55, 77, 77, 77, 100, 55, 55",2026-04-30 01:38:09,"Local pack, Video, People also ask, Related searches, Discussions and forums",commercial,Organic
doctors who can prescribe cbd oil gold coast,45,19,70,6,0,https://www.polln.com/,0,0,0,0,75300,"77, 55, 55, 77, 100, 55, 77, 77, 77, 100, 55, 55",2026-04-30 01:38:09,"Local pack, Video, People also ask, Related searches, Discussions and forums",commercial,Organic
doctors who can prescribe cbd oil gold coast,81,65,70,6,0,https://www.polln.com/practitioners/dr-joel-wren,0,0,0,0,75300,"77, 55, 55, 77, 100, 55, 77, 77, 77, 100, 55, 55",2026-04-30 01:38:09,"Local pack, Video, People also ask, Related searches, Discussions and forums",commercial,Organic
medicinal marajuana,49,0,50,67,0,https://www.polln.com/,0,0,0,0,206,"0, 2, 8, 10, 10, 2, 6, 10, 2, 4, 66, 8",2026-04-14 07:37:58,"Video, People also ask, Related searches, AI overview",informational,Organic
how long is a prescription valid,84,84,50,17,0,https://www.polln.com/faqs/do-my-prescriptions-expire,0,0,0,0,200000000,"10, 5, 17, 12, 17, 7, 12, 23, 12, 17, 23, 17",2026-03-30 20:19:19,"Image, Related searches, AI overview",informational,Organic
medical marijuana australia,26,26,320,56,0,https://www.polln.com/,0,0,0,0,19200000,"36, 24, 20, 16, 16, 20, 13, 20, 24, 20, 24, 24",2026-03-23 20:48:36,"Video, Image, Related searches, Discussions and forums, AI overview",informational,Organic
what does cbd stand for in sydney,14,14,50,27,0,https://www.polln.com/library/cbd-oil-explained,0,0,0,0.33,5130000,"18, 18, 100, 100, 18, 18, 100, 100, 18, 18, 18, 18",2026-03-28 20:20:43,"Sitelinks, Video, Related searches, AI overview",informational,Organic
medical cannabis product list australia,26,22,390,44,0,https://www.polln.com/library/what-prescription-natural-medicine-products-are-available-in-australia,0,0,0,0,125,"100, 81, 100, 66, 81, 66, 66, 54, 44, 35, 18, 11",2026-04-03 05:23:36,"Sitelinks, Video, Related searches, AI overview",informational,Organic
sativa vs indica high,12,12,70,54,0,https://www.polln.com/library/sativa-vs-indica-vs-hybrid-cannabis-what-to-expect,0,0,0,0,144,"23, 23, 33, 33, 33, 33, 42, 33, 19, 23, 23, 14",2026-03-12 11:11:54,"Image pack, Sitelinks, Video, Video Carousel, Related searches, Discussions and forums, AI overview","commercial, informational",Organic
drug testing service,44,44,210,24,0,https://www.polln.com/,0,0,0,0.04,153,"22, 14, 22, 18, 18, 14, 43, 66, 35, 66, 100, 54",2026-03-23 19:44:56,"Local pack, Video, Image, Related searches",commercial,Organic
how long does thc last in your system,31,0,50,59,0,https://www.polln.com/library/how-long-does-cannabis-stay-in-your-system,0,0,0,0.33,48700000,"2, 2, 2, 2, 2, 2, 2, 2, 2, 19, 15, 29",2026-04-28 11:19:53,"Sitelinks, Video, People also ask, Related searches, Discussions and forums, AI overview",informational,Organic
cbd oil tasmania,21,21,50,27,0,https://www.polln.com/locations/hobart,0,0,0,0,1580000,"4, 2, 4, 4, 5, 7, 7, 4, 5, 5, 5, 3",2026-03-08 05:02:41,"Sitelinks, Video, Related searches, AI overview",informational,Organic
what does sativa do,25,0,50,38,0,https://www.polln.com/library/sativa-vs-indica-vs-hybrid-cannabis-what-to-expect,0,0,0,0.33,39900000,"57, 71, 71, 57, 71, 57, 71, 57, 71, 42, 100, 57",2026-04-15 11:59:27,"Image pack, Video, People also ask, Short videos, AI overview",informational,Organic
what does sativa do,35,0,50,38,0,https://www.polln.com/library/sativa-vs-indica-vs-hybrid-cannabis-what-to-expect,0,0,0,0.33,39900000,"57, 71, 71, 57, 71, 57, 71, 57, 71, 42, 100, 57",2026-04-15 11:59:27,"Image pack, Video, People also ask, Short videos, AI overview",informational,Organic
medical marijuanas adelaide,28,0,260,47,52.96,https://www.polln.com/locations/adelaide,0,0,0,0.73,449000,"81, 29, 15, 10, 12, 10, 15, 29, 36, 36, 36, 36",2026-04-10 10:07:14,"Knowledge panel, Video, Related searches, AI overview",commercial,Organic
medical marijuana dispensary,16,16,140,52,0,https://www.polln.com/,0,0,0,0,0,"29, 29, 29, 29, 29, 29, 29, 22, 29, 29, 29, 29",2026-03-07 17:02:07,"Knowledge panel, Video, Image, AI overview",informational,Organic
how long is pot detectable in urine,23,26,140,61,0,https://www.polln.com/library/how-long-does-cannabis-stay-in-your-system,0,0,0,0,135,"100, 52, 52, 52, 66, 66, 52, 66, 80, 66, 66, 80",2026-04-08 13:29:01,"Sitelinks, Video, People also ask, Discussions and forums, AI overview",informational,Organic
vape for weed,36,36,1600,30,0,https://www.polln.com/library/ultimate-guide-to-vaping-medicinal-cannabis,0,0,0,0,225,"0, 0, 0, 0, 0, 0, 0, 0, 81, 100, 81, 53",2026-03-30 02:04:14,"Video, People also ask, Discussions and forums, AI overview",informational,Organic
get medical marijuanas card,9,0,40,,63.55,https://www.polln.com/library/getting-access-to-prescription-natural-medicine-in-australia,0,0,0,0.73,40600000,"28, 28, 28, 28, 28, 28, 57, 71, 71, 100, 100, 100",2026-04-15 07:42:06,"Video, Related searches, Ads middle, AI overview",informational,Organic
difference between indica and,20,8,1000,74,0,https://www.polln.com/library/sativa-vs-indica-vs-hybrid-cannabis-what-to-expect,0,0,0,0,61500000,"100, 81, 81, 81, 81, 81, 20, 55, 62, 81, 62, 81",2026-04-20 07:43:35,"Image pack, Sitelinks, Video, Video Carousel, People also ask, Related searches, Discussions and forums, AI overview",informational,Organic
medical cannabis nsw,36,36,110,50,0,https://www.polln.com/locations/sydney,0,0,0,0,154,"2, 2, 2, 12, 23, 23, 53, 53, 53, 53, 43, 53",2026-03-27 02:06:19,"Knowledge panel, Video, Image, People also ask, Related searches, AI overview",informational,Organic
cannabis oil australia,37,37,260,35,0,https://www.polln.com/,0,0,0,0,0,"16, 16, 16, 20, 24, 20, 20, 24, 20, 20, 16, 16",2026-03-10 18:34:58,"Local pack, Sitelinks, Video, Popular products, Related searches, See results about, Discussions and forums, AI overview",commercial,Organic
how to get medical marijuanas australia,35,35,1000,61,48.45,https://www.polln.com/,0,0,0,0.79,152,"62, 55, 81, 36, 55, 45, 81, 100, 81, 81, 81, 55",2026-03-28 21:03:11,"Video, Related searches, Discussions and forums, AI overview",informational,Organic
how to get medical marijuanas australia,43,35,1000,61,48.45,https://www.polln.com/,0,0,0,0.79,152,"62, 55, 81, 36, 55, 45, 81, 100, 81, 81, 81, 55",2026-03-28 21:03:11,"Video, Related searches, Discussions and forums, AI overview",informational,Organic
thc and driving,67,21,90,30,56.79,https://www.polln.com/library/medicinal-cannabis-and-driving-what-you-need-to-know-as-a-patient-in-australia,0,0,0,0.05,128,"78, 50, 64, 50, 78, 78, 78, 64, 64, 50, 50, 64",2026-04-29 05:57:33,"Sitelinks, Video, People also ask, Related searches, Discussions and forums, AI overview",informational,Organic
medical marijuana brisbane,13,13,210,46,0,https://www.polln.com/,0,0,0,0,145,"59, 9, 11, 11, 11, 9, 26, 26, 21, 26, 32, 26",2026-03-19 05:07:09,"Video, Related searches, Discussions and forums, AI overview",informational,Organic
medical marijuana brisbane,37,13,210,46,0,https://www.polln.com/,0,0,0,0,145,"59, 9, 11, 11, 11, 9, 26, 26, 21, 26, 32, 26",2026-03-19 05:07:09,"Video, Related searches, Discussions and forums, AI overview",informational,Organic
how long does thc stay in the body,27,0,50,64,0,https://www.polln.com/library/how-long-does-cannabis-stay-in-your-system,0,0,0,0.33,34900000,"3, 3, 3, 3, 3, 3, 3, 3, 3, 18, 18, 18",2026-04-28 11:21:15,"Video, Featured snippet, People also ask, Short videos, Discussions and forums",informational,Organic
storz and bickel,12,12,1000,17,0,https://shop.polln.com/collections/storz-and-bickel,0,0,0,0,1720000,"54, 41, 54, 36, 54, 41, 54, 41, 36, 41, 41, 41",2026-03-29 17:01:08,"Sitelinks, Video, Video Carousel, People also ask, Related searches, See results about",navigational,Organic
can you drive with medical marijuanas nsw,33,17,40,37,54.1,https://www.polln.com/library/medicinal-cannabis-and-driving-what-you-need-to-know-as-a-patient-in-australia,0,0,0,0.12,513000,"29, 29, 41, 41, 17, 23, 11, 11, 29, 23, 41, 11",2026-04-28 14:57:13,"Video, Video Carousel, People also ask, Related searches, AI overview",informational,Organic
cbd australia,37,31,1000,48,0,https://www.polln.com/,0,0,0,0,213,"20, 30, 65, 20, 24, 44, 55, 44, 34, 20, 34, 34",2026-04-04 03:06:30,"Local pack, Sitelinks, Video, Image, Related searches, AI overview",informational,Organic
how long marijuana stay in system,29,21,70,55,0,https://www.polln.com/library/how-long-does-cannabis-stay-in-your-system,0,0,0,0,66900000,"100, 100, 100, 100, 100, 7, 7, 7, 7, 7, 7, 7",2026-04-20 05:01:16,"Video, People also ask, Discussions and forums, AI overview",informational,Organic
how long does dagga stay in your system,25,0,50,,0,https://www.polln.com/library/how-long-does-cannabis-stay-in-your-system,0,0,0,0,276000,"0, 0, 0, 0, 0, 0, 0, 0, 0, 5, 0, 100",2026-04-28 11:22:56,"Video, Image, People also ask, Related searches, AI overview",informational,Organic
difference between indica and sativa weed,10,10,390,68,0,https://www.polln.com/library/sativa-vs-indica-vs-hybrid-cannabis-what-to-expect,0,0,0,0,12500000,"81, 23, 54, 54, 54, 44, 19, 10, 54, 36, 7, 29",2026-04-08 09:06:50,"Image pack, Sitelinks, Video, Video Carousel, People also ask, Discussions and forums, AI overview",informational,Organic
cannabis gold coast,17,0,50,10,0,https://www.polln.com/locations/gold-coast,0,0,0,0,7530000,"33, 22, 22, 33, 22, 22, 77, 77, 77, 100, 77, 55",2026-04-13 09:06:32,"Knowledge panel, Video, Image, Related searches, Discussions and forums",informational,Organic
how long is a script valid for in nsw,41,41,110,24,0,https://www.polln.com/faqs/do-my-prescriptions-expire,0,0,0,0,1100000,"100, 50, 100, 100, 78, 35, 100, 78, 78, 78, 50, 21",2026-03-21 16:49:06,"Sitelinks, Related searches, AI overview",informational,Organic
travel prescription medications,17,17,70,31,0,https://www.polln.com/faqs/can-i-travel-with-my-prescription-medications,0,0,0,0.01,34000000,"63, 0, 63, 63, 63, 63, 63, 81, 63, 63, 63, 63",2026-03-13 16:17:30,"Sitelinks, Video, Related searches, AI overview",informational,Organic
buy online drugs,42,47,50,61,2.21,https://www.polln.com/,0,0,0,0.19,101,"0, 81, 81, 100, 81, 100, 63, 100, 0, 0, 0, 0",2026-04-06 18:56:29,"Sitelinks, Video, Related searches",transactional,Organic
might medic,9,9,50,6,0,https://shop.polln.com/products/mighty-medic-1,0,0,0,0,0,"66, 12, 12, 2, 17, 5, 12, 0, 7, 10, 12, 10",2026-03-12 19:43:44,"Image pack, Sitelinks, Video, Video Carousel, Related searches",informational,Organic
medical marijuanas qld laws,72,72,260,32,3.64,https://www.polln.com/library/travelling-as-a-medicinal-cannabis-patient-in-australia-what-you-need-to-know,0,0,0,0.2,133,"66, 35, 54, 43, 54, 35, 43, 54, 43, 43, 66, 43",2026-03-18 20:34:44,"Video, Related searches, AI overview",informational,Organic
authorised prescriber,18,18,50,14,5.32,https://www.polln.com/faqs/what-is-an-authorised-prescriber,0,0,0,0.42,0,"63, 63, 45, 36, 36, 18, 18, 100, 18, 100, 18, 18",2026-03-07 17:26:15,"Video, Related searches, AI overview",informational,Organic
authorised prescriber,26,18,50,14,5.32,https://www.polln.com/faqs/what-is-an-authorised-prescriber,0,0,0,0.42,0,"63, 63, 45, 36, 36, 18, 18, 100, 18, 100, 18, 18",2026-03-07 17:26:15,"Video, Related searches, AI overview",informational,Organic
authorised prescriber,31,18,50,14,5.32,https://www.polln.com/faqs/what-is-an-authorised-prescriber,0,0,0,0.42,0,"63, 63, 45, 36, 36, 18, 18, 100, 18, 100, 18, 18",2026-03-07 17:26:15,"Video, Related searches, AI overview",informational,Organic
how long does pot,23,0,110,62,0,https://www.polln.com/library/how-long-does-cannabis-stay-in-your-system,0,0,0,0,1410000000,"64, 78, 78, 78, 78, 78, 78, 78, 78, 78, 78, 100",2026-04-10 09:59:34,"Video, People also ask, Related searches, Short videos, AI overview",informational,Organic
dr pols,56,56,140,18,0,https://www.polln.com/our-doctors,0,0,0,0,5350000,"66, 66, 52, 66, 66, 66, 52, 80, 80, 66, 52, 42",2026-03-18 16:49:13,"Video, Image, Video Carousel, Related searches",informational,Organic
doctors who prescribe medical marijuanas near me,78,78,70,40,63.33,https://www.polln.com/practitioners/dr-joel-wren,0,0,0,0.7,132,"27, 27, 100, 27, 36, 18, 63, 100, 100, 81, 63, 63",2026-03-17 17:12:19,"Local pack, Video, Related searches, Ads middle, AI overview","informational, transactional",Organic
doctors who prescribe medical marijuanas near me,88,88,70,40,63.33,https://www.polln.com/locations/adelaide,0,0,0,0.7,132,"27, 27, 100, 27, 36, 18, 63, 100, 100, 81, 63, 63",2026-03-17 17:12:19,"Local pack, Video, Related searches, Ads middle, AI overview","informational, transactional",Organic
doctors who prescribe medical marijuanas near me,92,92,70,40,63.33,https://www.polln.com/locations/brisbane,0,0,0,0.7,132,"27, 27, 100, 27, 36, 18, 63, 100, 100, 81, 63, 63",2026-03-17 17:12:19,"Local pack, Video, Related searches, Ads middle, AI overview","informational, transactional",Organic
how long is cannabis in urine,27,20,70,61,0,https://www.polln.com/library/how-long-does-cannabis-stay-in-your-system,0,0,0,0,122,"63, 63, 100, 63, 63, 63, 45, 63, 45, 63, 81, 63",2026-04-09 21:36:17,"Video, People also ask, Discussions and forums, AI overview",informational,Organic
how long is cannabis in urine,32,20,70,61,0,https://www.polln.com/library/how-long-does-cannabis-stay-in-your-system,0,0,0,0,122,"63, 63, 100, 63, 63, 63, 45, 63, 45, 63, 81, 63",2026-04-09 21:36:17,"Video, People also ask, Discussions and forums, AI overview",informational,Organic
how to get prescription weed,52,0,40,63,44.78,https://www.polln.com/library/getting-access-to-prescription-natural-medicine-in-australia,0,0,0,0.58,135,"100, 55, 22, 77, 33, 22, 22, 22, 44, 44, 22, 33",2026-04-15 23:13:50,"Video, People also ask, Related searches, Discussions and forums, AI overview",informational,Organic
can you smoke medical marijuanas in australia in public,33,33,590,59,4.56,https://www.polln.com/library/travelling-as-a-medicinal-cannabis-patient-in-australia-what-you-need-to-know,0,0,0,0.09,0,"81, 54, 54, 44, 36, 67, 81, 81, 67, 81, 67, 54",2026-03-18 12:04:08,"Sitelinks, Video, Related searches, Discussions and forums, AI overview",informational,Organic
dispensaries melbourne,96,46,50,39,45.71,https://www.polln.com/locations/melbourne,0,0,0,0.46,255000,"64, 14, 28, 28, 78, 21, 21, 28, 21, 28, 21, 28",2026-04-08 23:51:59,"Local pack, Video, Image, Related searches",commercial,Organic
how long do prescriptions last,20,20,480,10,0,https://www.polln.com/faqs/do-my-prescriptions-expire,0,0,0,0,116,"100, 66, 66, 66, 81, 66, 66, 100, 66, 66, 66, 66",2026-03-31 05:01:28,"Sitelinks, Related searches, AI overview",informational,Organic
mi dispensary,57,0,90,27,4.77,https://www.polln.com/,0,0,0,0.48,5410000,"64, 23, 64, 17, 23, 64, 64, 64, 52, 64, 82, 100",2026-04-24 19:41:04,"Knowledge panel, Sitelinks, Image, People also ask, Related searches",navigational,Organic
volcano medic 2 vaporizer,11,0,70,11,0,https://shop.polln.com/products/volcano-medic-2,0,0,0,0,39300,"9, 5, 0, 0, 1, 1, 1, 1, 1, 2, 100, 0",2026-04-12 10:47:51,"Image pack, Video, Video Carousel, People also ask, Related searches",informational,Organic
how to get cannabis prescription,55,15,70,56,44.78,https://www.polln.com/library/getting-access-to-prescription-natural-medicine-in-australia,0,0,0,0.58,130,"0, 43, 28, 65, 53, 3, 6, 9, 6, 53, 6, 3",2026-04-07 01:48:18,"Sitelinks, Video, Related searches, Discussions and forums, AI overview",informational,Organic
travelling with prescription medication,51,13,70,26,0,https://www.polln.com/faqs/can-i-travel-with-my-prescription-medications,0,0,0,0.01,191000000,"41, 17, 41, 41, 41, 41, 52, 52, 41, 41, 41, 41",2026-04-25 19:34:44,"Video, Image, Video Carousel, People also ask, Related searches, AI overview",informational,Organic
alternative medicine brisbane,30,0,50,14,46.52,https://www.polln.com/,0,0,0,0.67,114,"57, 42, 42, 28, 28, 28, 71, 100, 100, 100, 100, 100",2026-04-15 23:12:55,"Local pack, Video, People also ask, Related searches",commercial,Organic
testing for weed,56,56,90,58,0.56,https://www.polln.com/library/how-long-does-cannabis-stay-in-your-system,0,0,0,0.2,0,"100, 0, 52, 66, 100, 66, 9, 19, 9, 9, 19, 23",2026-03-09 20:47:34,"Video, Image, Video Carousel, Related searches, Discussions and forums, AI overview",informational,Organic
medical marijuanas victoria driving,26,26,260,27,31.48,https://www.polln.com/library/medicinal-cannabis-and-driving-what-you-need-to-know-as-a-patient-in-australia,0,0,0,0.39,179,"54, 66, 100, 81, 54, 54, 43, 54, 54, 22, 22, 18",2026-03-21 04:55:27,"Video, Video Carousel, Related searches, Discussions and forums, AI overview",informational,Organic
medical marijuanas victoria driving,28,26,260,27,31.48,https://www.polln.com/library/medicinal-cannabis-and-driving-what-you-need-to-know-as-a-patient-in-australia,0,0,0,0.39,179,"54, 66, 100, 81, 54, 54, 43, 54, 54, 22, 22, 18",2026-03-21 04:55:27,"Video, Video Carousel, Related searches, Discussions and forums, AI overview",informational,Organic
how long weed is in your system,28,0,140,58,0,https://www.polln.com/library/how-long-does-cannabis-stay-in-your-system,0,0,0,0,176000000,"53, 42, 34, 53, 53, 53, 42, 53, 53, 53, 65, 65",2026-04-24 11:52:05,"Video, People also ask, Related searches, Discussions and forums, AI overview",informational,Organic
how long does weed stay in your body,25,23,110,56,0,https://www.polln.com/library/how-long-does-cannabis-stay-in-your-system,0,0,0,0,113,"3, 2, 2, 3, 2, 2, 2, 2, 2, 1, 2, 2",2026-04-08 10:40:45,"Sitelinks, Video, People also ask, Discussions and forums, AI overview",informational,Organic
how long does weed stay in your body,34,23,110,56,0,https://www.polln.com/library/how-long-does-cannabis-stay-in-your-system,0,0,0,0,113,"3, 2, 2, 3, 2, 2, 2, 2, 2, 1, 2, 2",2026-04-08 10:40:45,"Sitelinks, Video, People also ask, Discussions and forums, AI overview",informational,Organic
medical marijuanas nsw driving test,30,66,70,46,5.71,https://www.polln.com/library/medicinal-cannabis-and-driving-what-you-need-to-know-as-a-patient-in-australia,0,0,0,0.1,316000,"45, 45, 45, 63, 81, 63, 100, 63, 45, 63, 63, 36",2026-04-24 18:01:05,"Sitelinks, Video, Video Carousel, People also ask, Related searches, AI overview",informational,Organic
cannabis pharmacy near me,88,88,320,41,73.88,https://www.polln.com/,0,0,0,0.05,113,"100, 66, 100, 54, 66, 66, 66, 81, 54, 66, 66, 66",2026-03-29 00:38:32,"Local pack, Image, Related searches",transactional,Organic
medicinal cannabinoids western australia,19,13,70,49,0,https://www.polln.com/locations/perth,0,0,0,0,6200000,"63, 63, 100, 81, 63, 63, 63, 63, 100, 63, 45, 45",2026-04-13 12:52:37,"Local pack, Video, People also ask, Related searches, AI overview",informational,Organic
natural medicine australia,19,19,50,57,1.95,https://www.polln.com/,0,0,0,1,0,"36, 18, 36, 63, 36, 36, 100, 100, 27, 18, 18, 18",2026-03-14 08:53:55,"Local pack, Video, Image, Related searches, AI overview",informational,Organic
natural medicine australia,80,19,50,57,1.95,https://www.polln.com/,0,0,0,1,0,"36, 18, 36, 63, 36, 36, 100, 100, 27, 18, 18, 18",2026-03-14 08:53:55,"Local pack, Video, Image, Related searches, AI overview",informational,Organic
how long does pot stay in your body,23,23,110,58,0,https://www.polln.com/library/how-long-does-cannabis-stay-in-your-system,0,0,0,0,348000000,"82, 64, 52, 82, 82, 64, 64, 64, 82, 64, 52, 52",2026-03-19 06:59:19,"Video, Discussions and forums, AI overview",informational,Organic
cannabis website,1,0,50,57,0,https://www.polln.com/,0,0,0,0,107000000,"0, 0, 2, 2, 0, 2, 2, 2, 29, 29, 29, 29",2026-04-26 18:36:53,"Video, People also ask, Related searches, AI overview",informational,AI overview
cannabis website,19,0,50,57,0,https://www.polln.com/,0,0,0,0,107000000,"0, 0, 2, 2, 0, 2, 2, 2, 29, 29, 29, 29",2026-04-26 18:36:53,"Video, People also ask, Related searches, AI overview",informational,Organic
cannabis website,21,0,50,57,0,https://www.polln.com/,0,0,0,0,107000000,"0, 0, 2, 2, 0, 2, 2, 2, 29, 29, 29, 29",2026-04-26 18:36:53,"Video, People also ask, Related searches, AI overview",informational,Organic
medical marijuana tasmania,29,0,70,28,0,https://www.polln.com/locations/hobart,0,0,0,0,243000,"0, 0, 0, 0, 0, 0, 42, 66, 52, 52, 66, 100",2026-04-14 07:47:04,"Video, Image, People also ask, Related searches, AI overview",informational,Organic
dispensed au,80,80,70,34,6.25,https://www.polln.com/,0,0,0,0.81,7350000,"8, 3, 3, 3, 6, 5, 8, 6, 8, 6, 54, 3",2026-03-25 03:50:09,"Sitelinks, Video, Related searches",navigational,Organic
medical marijuanas australia cost reddit,71,71,70,29,4.92,https://www.polln.com/library/how-much-does-medicinal-cannabis-cost-in-australia,0,0,0,0.35,114,"100, 45, 63, 63, 81, 63, 45, 63, 81, 63, 81, 63",2026-03-09 19:26:58,Related searches,"navigational, transactional",Organic
how long weed in urine,40,69,70,66,0,https://www.polln.com/library/how-long-does-cannabis-stay-in-your-system,0,0,0,0,93,"81, 63, 100, 63, 63, 81, 45, 63, 45, 63, 81, 63",2026-04-17 06:53:21,"Image pack, Sitelinks, Video, Featured snippet, Image, People also ask, Discussions and forums",informational,Organic
cannabis clinic near me,56,56,140,39,0,https://www.polln.com/locations/perth,0,0,0,0,0,"100, 100, 100, 100, 100, 100, 100, 78, 100, 100, 100, 100",2026-03-16 01:43:30,"Local pack, Video, Image, Related searches",transactional,Organic
buy cbd australia,39,39,50,34,0,https://www.polln.com/,0,0,0,0,173000000,"23, 33, 23, 33, 23, 23, 23, 23, 19, 23, 23, 42",2026-03-19 23:17:51,"Local pack, Sitelinks, Video, Image, Related searches",transactional,Organic
buy cannabinoid oil,34,93,210,28,19.43,https://www.polln.com/,0,0,0,0.67,294000000,"43, 43, 35, 54, 54, 29, 22, 29, 100, 29, 22, 18",2026-04-03 21:54:34,"Local pack, Sitelinks, Video, Image, People also ask, Popular products, Related searches, Discussions and forums",transactional,Organic
buy cannabinoid oil,47,93,210,28,19.43,https://www.polln.com/,0,0,0,0.67,294000000,"43, 43, 35, 54, 54, 29, 22, 29, 100, 29, 22, 18",2026-04-03 21:54:34,"Local pack, Sitelinks, Video, Image, People also ask, Popular products, Related searches, Discussions and forums",transactional,Organic
cbd health perth,80,0,50,24,0,https://www.polln.com/locations/perth,0,0,0,0,13500000,"0, 18, 0, 18, 18, 0, 100, 100, 100, 100, 81, 100",2026-04-13 10:14:49,"Local pack, Image, Related searches",commercial,Organic
how much does weed cost,16,15,210,22,0,https://www.polln.com/library/how-much-does-medicinal-cannabis-cost-in-australia,0,0,0,0.01,163000000,"100, 80, 80, 80, 80, 80, 80, 100, 80, 80, 100, 80",2026-04-10 08:32:31,"Sitelinks, Video, People also ask, AI overview",informational,Organic
how to get medical marijuanas qld,52,52,110,47,43.33,https://www.polln.com/library/getting-access-to-prescription-natural-medicine-in-australia,0,0,0,0.75,1110000,"64, 11, 64, 64, 100, 64, 100, 100, 52, 52, 41, 41",2026-03-31 02:15:23,"Video, Related searches, Discussions and forums, AI overview",informational,Organic
how to get medical marijuanas qld,64,64,110,47,43.33,https://www.polln.com/locations/brisbane,0,0,0,0.75,1110000,"64, 11, 64, 64, 100, 64, 100, 100, 52, 52, 41, 41",2026-03-31 02:15:23,"Video, Related searches, Discussions and forums, AI overview",informational,Organic
how to get medical marijuanas qld,94,64,110,47,43.33,https://www.polln.com/locations/brisbane,0,0,0,0.75,1110000,"64, 11, 64, 64, 100, 64, 100, 100, 52, 52, 41, 41",2026-03-31 02:15:23,"Video, Related searches, Discussions and forums, AI overview",informational,Organic
p-o-l-l-e-n,44,44,1000,66,0,https://www.polln.com/,0,0,0,0.06,98500000,"0, 0, 0, 0, 0, 0, 0, 0, 54, 100, 0, 0",2026-03-30 05:56:29,"Instant answer, Video, Image, Video Carousel, Related searches, See results about, AI overview",informational,Organic
how long does it take weed to leave system,55,30,320,61,0,https://www.polln.com/library/how-long-does-cannabis-stay-in-your-system,0,0,0,0,139000000,"100, 81, 43, 54, 66, 54, 35, 54, 66, 81, 81, 66",2026-04-10 22:36:08,"Featured snippet, People also ask",informational,Organic
medical cannibas,54,0,170,69,0,https://www.polln.com/locations/brisbane,0,0,0,0,113000000,"21, 26, 4, 11, 100, 9, 9, 11, 7, 9, 9, 7",2026-04-23 12:14:35,"Video, Video Carousel, People also ask, Related searches, AI overview",informational,Organic
medical cannibas,68,0,170,69,0,https://www.polln.com/,0,0,0,0,113000000,"21, 26, 4, 11, 100, 9, 9, 11, 7, 9, 9, 7",2026-04-23 12:14:35,"Video, Video Carousel, People also ask, Related searches, AI overview",informational,Organic
medicine alternative,96,0,40,,66.82,https://www.polln.com/,0,0,0,0.41,1190000000,"21, 0, 0, 0, 0, 0, 0, 0, 0, 0, 100, 0",2026-04-15 08:11:28,"Video, Image, Video Carousel, Related searches, AI overview",informational,Organic
how to sign up for medical marijuanas,14,0,50,,56.32,https://www.polln.com/library/getting-access-to-prescription-natural-medicine-in-australia,0,0,0,0.75,64900000,"14, 14, 14, 14, 14, 14, 21, 35, 50, 100, 50, 50",2026-04-15 08:01:39,"Video, Related searches, Discussions and forums, AI overview","informational, transactional",Organic
polln reviews,1,1,50,3,3.57,https://www.polln.com/faqs,0,0,0,0.17,0,"17, 11, 17, 11, 41, 41, 100, 5, 29, 17, 0, 41",2026-03-14 08:23:16,"Sitelinks, Related searches, AI overview",commercial,AI overview
polln reviews,10,10,50,3,3.57,https://www.polln.com/switch,0,0,0,0.17,0,"17, 11, 17, 11, 41, 41, 100, 5, 29, 17, 0, 41",2026-03-14 08:23:16,"Sitelinks, Related searches, AI overview",commercial,Organic
polln reviews,12,12,50,3,3.57,https://www.polln.com/library/choosing-a-natural-medicine-clinic-in-australia-what-to-look-for-and-what-to-avoid,0,0,0,0.17,0,"17, 11, 17, 11, 41, 41, 100, 5, 29, 17, 0, 41",2026-03-14 08:23:16,"Sitelinks, Related searches, AI overview",commercial,Organic
polln reviews,13,13,50,3,3.57,https://www.polln.com/locations/brisbane,0,0,0,0.17,0,"17, 11, 17, 11, 41, 41, 100, 5, 29, 17, 0, 41",2026-03-14 08:23:16,"Sitelinks, Related searches, AI overview",commercial,Organic
polln reviews,14,14,50,3,3.57,https://www.polln.com/condition/mental-health,0,0,0,0.17,0,"17, 11, 17, 11, 41, 41, 100, 5, 29, 17, 0, 41",2026-03-14 08:23:16,"Sitelinks, Related searches, AI overview",commercial,Organic
polln reviews,15,15,50,3,3.57,https://www.polln.com/library/how-prescription-natural-medicine-can-be-consumed,0,0,0,0.17,0,"17, 11, 17, 11, 41, 41, 100, 5, 29, 17, 0, 41",2026-03-14 08:23:16,"Sitelinks, Related searches, AI overview",commercial,Organic
vape for thc oil,75,0,70,16,0,https://www.polln.com/library/ultimate-guide-to-vaping-medicinal-cannabis,0,0,0,0,13200000,"3, 3, 0, 3, 3, 3, 3, 0, 80, 100, 80, 65",2026-04-12 10:46:47,"Video, Related searches, Discussions and forums",commercial,Organic
sativa sativa,53,0,2400,72,0,https://www.polln.com/library/sativa-vs-indica-vs-hybrid-cannabis-what-to-expect,0,0,0,0,48500000,"66, 80, 100, 100, 100, 66, 3, 36, 80, 66, 66, 66",2026-04-24 00:24:55,"Knowledge panel, Sitelinks, Video, Video Carousel, People also ask, Related searches",informational,Organic
weed system how long,11,11,70,60,0,https://www.polln.com/library/how-long-does-cannabis-stay-in-your-system,0,0,0,0,182000000,"64, 28, 50, 64, 50, 50, 50, 50, 35, 50, 100, 50",2026-03-29 06:52:10,"Featured snippet, People also ask",informational,Organic
how long does pot stay in system for urine test,19,0,170,55,0,https://www.polln.com/library/how-long-does-cannabis-stay-in-your-system,0,0,0,0,4540000,"34, 21, 34, 43, 43, 43, 53, 65, 65, 81, 100, 100",2026-04-24 02:10:51,"Sitelinks, Video, People also ask, Related searches, Discussions and forums, AI overview",informational,Organic
how long does pot stay in system for urine test,20,0,170,55,0,https://www.polln.com/library/how-long-does-cannabis-stay-in-your-system,0,0,0,0,4540000,"34, 21, 34, 43, 43, 43, 53, 65, 65, 81, 100, 100",2026-04-24 02:10:51,"Sitelinks, Video, People also ask, Related searches, Discussions and forums, AI overview",informational,Organic
how long does cannabis remain in your system,16,16,210,61,0,https://www.polln.com/library/how-long-does-cannabis-stay-in-your-system,0,0,0,0,121000000,"81, 65, 53, 81, 81, 81, 34, 53, 65, 53, 65, 65",2026-03-26 22:53:59,"Sitelinks, Video, Discussions and forums, AI overview",informational,Organic
how to get prescribed cannabinoids,32,0,170,54,44.78,https://www.polln.com/library/getting-access-to-prescription-natural-medicine-in-australia,0,0,0,0.58,6120000,"100, 26, 19, 53, 80, 100, 65, 100, 80, 53, 80, 80",2026-04-29 03:04:32,"Sitelinks, Video, People also ask, Related searches, Discussions and forums, Ads middle, AI overview",informational,Organic
how to get prescribed cannabinoids,79,0,170,54,44.78,https://www.polln.com/locations/sydney,0,0,0,0.58,6120000,"100, 26, 19, 53, 80, 100, 65, 100, 80, 53, 80, 80",2026-04-29 03:04:32,"Sitelinks, Video, People also ask, Related searches, Discussions and forums, Ads middle, AI overview",informational,Organic
how long can cannabis stay in your system,29,29,1300,60,0,https://www.polln.com/library/how-long-does-cannabis-stay-in-your-system,0,0,0,0,132,"100, 81, 81, 81, 81, 81, 16, 55, 81, 81, 81, 81",2026-03-31 02:52:02,"Sitelinks, Video, People also ask, AI overview",informational,Organic
medicinal cannabis brisbane,17,10,320,55,0,https://www.polln.com/locations/brisbane,0,0,0,0.01,1080000,"54, 36, 36, 29, 29, 36, 29, 29, 36, 29, 29, 23",2026-04-08 21:57:02,"Local pack, Sitelinks, Video, Related searches, Discussions and forums, AI overview",informational,Organic
medicinal cannabis prescription,41,22,390,52,0,https://www.polln.com/,0,0,0,0,153,"29, 36, 100, 54, 54, 44, 44, 44, 29, 19, 54, 54",2026-04-01 05:05:56,"Local pack, Video, Related searches, Discussions and forums, AI overview",informational,Organic
how long does pot stay in your pee,29,22,390,54,0,https://www.polln.com/library/how-long-does-cannabis-stay-in-your-system,0,0,0,0,25100000,"100, 66, 54, 81, 100, 81, 15, 44, 81, 81, 54, 54",2026-03-31 17:30:08,"Video, People also ask, Discussions and forums, AI overview",informational,Organic
how long does pot stay in your pee,35,22,390,54,0,https://www.polln.com/library/how-long-does-cannabis-stay-in-your-system,0,0,0,0,25100000,"100, 66, 54, 81, 100, 81, 15, 44, 81, 81, 54, 54",2026-03-31 17:30:08,"Video, People also ask, Discussions and forums, AI overview",informational,Organic
dispensary adelaide,35,0,40,26,66.21,https://www.polln.com/locations/adelaide,0,0,0,0.53,273000,"60, 60, 80, 80, 100, 100, 60, 80, 40, 60, 60, 100",2026-04-15 08:43:58,"Local pack, Video, Image, Related searches",commercial,Organic
cannabis doctor tasmania,17,17,70,34,0,https://www.polln.com/,0,0,0,0,391000,"100, 52, 82, 64, 17, 11, 23, 17, 23, 23, 29, 17",2026-03-21 04:01:06,"Knowledge panel, Sitelinks, Video, Image, Related searches",navigational,Organic
volcano medic 2,13,8,210,11,0,https://shop.polln.com/products/volcano-medic-2,0,0,0,0,168,"81, 43, 53, 53, 53, 65, 81, 81, 81, 100, 100, 81",2026-04-14 01:55:02,"Image pack, Video, Video Carousel, People also ask, Related searches","informational, transactional",Organic
buy rx drugs online,42,42,40,41,1.56,https://www.polln.com/,0,0,0,0.44,66700000,"18, 18, 18, 18, 18, 18, 100, 100, 18, 18, 18, 18",2026-03-20 22:08:25,"Sitelinks, Video, Related searches, AI overview",transactional,Organic
authorised prescriber adelaide,1,0,50,25,65.96,https://www.polln.com/locations/adelaide,0,0,0,0.56,67,"5, 3, 3, 3, 3, 3, 4, 4, 3, 2, 3, 2",2026-04-07 19:11:44,"Video, Related searches, AI overview",informational,AI overview
how long is pot in urine,29,25,70,61,0,https://www.polln.com/library/how-long-does-cannabis-stay-in-your-system,0,0,0,0,76800000,"63, 63, 81, 63, 63, 63, 45, 63, 45, 63, 81, 63",2026-04-09 08:02:34,"Video, People also ask, Related searches, Short videos, Discussions and forums, AI overview",informational,Organic
polln contact,3,3,90,14,4.26,https://www.polln.com/faqs/how-do-i-book-a-consultation,0,0,0,0.13,52,"63, 100, 100, 63, 63, 63, 100, 81, 63, 100, 63, 81",2026-04-28 06:23:21,"Local pack, Related searches",navigational,Organic
polln contact,4,21,90,14,4.26,https://www.polln.com/faqs,0,0,0,0.13,52,"63, 100, 100, 63, 63, 63, 100, 81, 63, 100, 63, 81",2026-04-28 06:23:21,"Local pack, Related searches",navigational,Organic
polln contact,5,10,90,14,4.26,https://www.polln.com/condition/mental-health,0,0,0,0.13,52,"63, 100, 100, 63, 63, 63, 100, 81, 63, 100, 63, 81",2026-04-28 06:23:21,"Local pack, Related searches",navigational,Organic
polln contact,6,0,90,14,4.26,https://www.polln.com/condition/mh-nursecall,0,0,0,0.13,52,"63, 100, 100, 63, 63, 63, 100, 81, 63, 100, 63, 81",2026-04-28 06:23:21,"Local pack, Related searches",navigational,Organic
polln contact,7,4,90,14,4.26,https://www.polln.com/free-discovery-call,0,0,0,0.13,52,"63, 100, 100, 63, 63, 63, 100, 81, 63, 100, 63, 81",2026-04-28 06:23:21,"Local pack, Related searches",navigational,Organic
polln contact,8,20,90,14,4.26,https://www.polln.com/faqs/who-is-polln-for,0,0,0,0.13,52,"63, 100, 100, 63, 63, 63, 100, 81, 63, 100, 63, 81",2026-04-28 06:23:21,"Local pack, Related searches",navigational,Organic
polln contact,9,0,90,14,4.26,https://www.polln.com/practitioners/dr-joel-wren,0,0,0,0.13,52,"63, 100, 100, 63, 63, 63, 100, 81, 63, 100, 63, 81",2026-04-28 06:23:21,"Local pack, Related searches",navigational,Organic
polln contact,10,0,90,14,4.26,https://www.polln.com/locations/melbourne,0,0,0,0.13,52,"63, 100, 100, 63, 63, 63, 100, 81, 63, 100, 63, 81",2026-04-28 06:23:21,"Local pack, Related searches",navigational,Organic
polln contact,12,5,90,14,4.26,https://www.polln.com/how-it-works,0,0,0,0.13,52,"63, 100, 100, 63, 63, 63, 100, 81, 63, 100, 63, 81",2026-04-28 06:23:21,"Local pack, Related searches",navigational,Organic
polln contact,13,13,90,14,4.26,https://www.polln.com/faqs-section/using-the-polln-platform,0,0,0,0.13,52,"63, 100, 100, 63, 63, 63, 100, 81, 63, 100, 63, 81",2026-04-28 06:23:21,"Local pack, Related searches",navigational,Organic
polln contact,14,0,90,14,4.26,https://www.polln.com/privacy-policy,0,0,0,0.13,52,"63, 100, 100, 63, 63, 63, 100, 81, 63, 100, 63, 81",2026-04-28 06:23:21,"Local pack, Related searches",navigational,Organic
polln contact,15,0,90,14,4.26,https://www.polln.com/alternative-healthcare,0,0,0,0.13,52,"63, 100, 100, 63, 63, 63, 100, 81, 63, 100, 63, 81",2026-04-28 06:23:21,"Local pack, Related searches",navigational,Organic
polln contact,17,8,90,14,4.26,https://www.polln.com/pricing,0,0,0,0.13,52,"63, 100, 100, 63, 63, 63, 100, 81, 63, 100, 63, 81",2026-04-28 06:23:21,"Local pack, Related searches",navigational,Organic
polln contact,18,0,90,14,4.26,https://www.polln.com/our-doctors,0,0,0,0.13,52,"63, 100, 100, 63, 63, 63, 100, 81, 63, 100, 63, 81",2026-04-28 06:23:21,"Local pack, Related searches",navigational,Organic
polln contact,19,0,90,14,4.26,https://www.polln.com/for-clinicians/refer-your-patient,0,0,0,0.13,52,"63, 100, 100, 63, 63, 63, 100, 81, 63, 100, 63, 81",2026-04-28 06:23:21,"Local pack, Related searches",navigational,Organic
polln contact,20,0,90,14,4.26,https://www.polln.com/faqs/what-sort-of-practitioners-does-polln-connect-me-with,0,0,0,0.13,52,"63, 100, 100, 63, 63, 63, 100, 81, 63, 100, 63, 81",2026-04-28 06:23:21,"Local pack, Related searches",navigational,Organic
polln contact,24,0,90,14,4.26,https://www.polln.com/faqs/how-do-i-get-a-medical-card-in-australia,0,0,0,0.13,52,"63, 100, 100, 63, 63, 63, 100, 81, 63, 100, 63, 81",2026-04-28 06:23:21,"Local pack, Related searches",navigational,Organic
polln contact,25,14,90,14,4.26,https://www.polln.com/location-faqs/can-i-get-a-polln-consultation-in-regional-queensland-e1afa,0,0,0,0.13,52,"63, 100, 100, 63, 63, 63, 100, 81, 63, 100, 63, 81",2026-04-28 06:23:21,"Local pack, Related searches",navigational,Organic
polln contact,26,11,90,14,4.26,https://www.polln.com/switch,0,0,0,0.13,52,"63, 100, 100, 63, 63, 63, 100, 81, 63, 100, 63, 81",2026-04-28 06:23:21,"Local pack, Related searches",navigational,Organic
polln contact,27,7,90,14,4.26,https://www.polln.com/who-we-are,0,0,0,0.13,52,"63, 100, 100, 63, 63, 63, 100, 81, 63, 100, 63, 81",2026-04-28 06:23:21,"Local pack, Related searches",navigational,Organic
polln contact,29,0,90,14,4.26,https://www.polln.com/location-faqs/can-i-get-a-polln-consultation-in-regional-victoria-f04d0,0,0,0,0.13,52,"63, 100, 100, 63, 63, 63, 100, 81, 63, 100, 63, 81",2026-04-28 06:23:21,"Local pack, Related searches",navigational,Organic
polln contact,30,0,90,14,4.26,https://www.polln.com/faqs/how-do-i-know-if-im-eligible-for-a-prescription,0,0,0,0.13,52,"63, 100, 100, 63, 63, 63, 100, 81, 63, 100, 63, 81",2026-04-28 06:23:21,"Local pack, Related searches",navigational,Organic
polln contact,31,25,90,14,4.26,https://www.polln.com/faqs/what-kind-of-consultation-do-i-need-to-book,0,0,0,0.13,52,"63, 100, 100, 63, 63, 63, 100, 81, 63, 100, 63, 81",2026-04-28 06:23:21,"Local pack, Related searches",navigational,Organic
polln contact,32,0,90,14,4.26,https://www.polln.com/faqs/how-does-polln-work,0,0,0,0.13,52,"63, 100, 100, 63, 63, 63, 100, 81, 63, 100, 63, 81",2026-04-28 06:23:21,"Local pack, Related searches",navigational,Organic
polln contact,36,0,90,14,4.26,https://www.polln.com/library/what-prescription-natural-medicine-products-are-available-in-australia,0,0,0,0.13,52,"63, 100, 100, 63, 63, 63, 100, 81, 63, 100, 63, 81",2026-04-28 06:23:21,"Local pack, Related searches",navigational,Organic
mighty+ medic,30,30,110,9,0,https://shop.polln.com/products/mighty-medic-1,0,0,0,0,113000000,"0, 1, 14, 11, 14, 14, 21, 26, 17, 21, 1, 0",2026-03-29 01:05:10,"Sitelinks, Video, Video Carousel, People also ask, Related searches",informational,Organic
scripts filled online,54,54,70,25,1.64,https://www.polln.com/,0,0,0,0.84,0,"7, 5, 5, 7, 7, 5, 5, 35, 100, 5, 5, 5",2026-03-17 03:52:49,"Sitelinks, Video, Related searches",informational,Organic
medicinal cannabis pharmacy near me,92,92,110,30,0,https://www.polln.com/locations/adelaide,0,0,0,0,0,"41, 52, 82, 82, 100, 52, 64, 64, 29, 17, 52, 64",2026-03-14 12:46:09,"Local pack, Related searches",transactional,Organic
how long does marijuana stay in system for,16,16,70,57,0,https://www.polln.com/library/how-long-does-cannabis-stay-in-your-system,0,0,0,0,42400000,"54, 66, 1, 3, 1, 0, 1, 1, 0, 0, 0, 0",2026-03-09 16:20:22,"Video, Discussions and forums, AI overview",informational,Organic
how long does pot stay in blood,15,15,90,55,0,https://www.polln.com/library/how-long-does-cannabis-stay-in-your-system,0,0,0,0,253000000,"23, 29, 0, 0, 23, 82, 64, 82, 100, 64, 64, 100",2026-03-25 16:36:11,"Video, People also ask, Discussions and forums, AI overview",informational,Organic
medical cannabis dispensary melbourne,12,12,70,50,0,https://www.polln.com/,0,0,0,0,0,"4, 4, 3, 4, 5, 4, 15, 12, 12, 12, 12, 12",2026-03-11 08:31:04,"Local pack, Video, Image, Related searches, Discussions and forums",commercial,Organic
medical cannabis dispensary melbourne,23,12,70,50,0,https://www.polln.com/,0,0,0,0,0,"4, 4, 3, 4, 5, 4, 15, 12, 12, 12, 12, 12",2026-03-11 08:31:04,"Local pack, Video, Image, Related searches, Discussions and forums",commercial,Organic
plant med,57,23,590,63,4.72,https://www.polln.com/,0,0,0,0.21,659000000,"55, 30, 30, 30, 45, 81, 45, 36, 36, 36, 24, 36",2026-04-17 23:41:23,"Knowledge panel, Sitelinks, Video, Related searches",navigational,Organic
plant med,59,23,590,63,4.72,https://www.polln.com/,0,0,0,0.21,659000000,"55, 30, 30, 30, 45, 81, 45, 36, 36, 36, 24, 36",2026-04-17 23:41:23,"Knowledge panel, Sitelinks, Video, Related searches",navigational,Organic
international travel with prescription medication,63,0,50,33,0,https://www.polln.com/faqs/can-i-travel-with-my-prescription-medications,0,0,0,0.33,66000000,"26, 26, 26, 26, 26, 19, 19, 26, 7, 7, 7, 7",2026-04-22 21:12:56,"Video, People also ask, Related searches, AI overview",informational,Organic
medical cannabis prescriber,13,56,110,42,0,https://www.polln.com/,0,0,0,0,135,"78, 100, 100, 100, 78, 64, 50, 78, 78, 78, 100, 78",2026-04-13 12:51:08,"Video, Related searches, Discussions and forums, AI overview",informational,Organic
medical cannabis prescriber,32,61,110,42,0,https://www.polln.com/practitioners/dr-joel-wren,0,0,0,0,135,"78, 100, 100, 100, 78, 64, 50, 78, 78, 78, 100, 78",2026-04-13 12:51:08,"Video, Related searches, Discussions and forums, AI overview",informational,Organic
medical cannabis driving nsw,36,0,50,26,0,https://www.polln.com/library/medicinal-cannabis-and-driving-what-you-need-to-know-as-a-patient-in-australia,0,0,0,0.33,369000,"22, 22, 22, 22, 44, 22, 77, 55, 100, 33, 100, 100",2026-04-29 14:59:25,"Video, Image, Video Carousel, People also ask, Related searches, AI overview",informational,Organic
how long does weed stay in saliva,18,18,320,27,0,https://www.polln.com/library/how-long-does-cannabis-stay-in-your-system,0,0,0,0,101,"66, 54, 36, 100, 54, 19, 44, 66, 29, 19, 29, 44",2026-03-15 06:00:38,"Discussions and forums, AI overview",informational,Organic
how long does weed stay in saliva,28,18,320,27,0,https://www.polln.com/library/how-long-does-cannabis-stay-in-your-system,0,0,0,0,101,"66, 54, 36, 100, 54, 19, 44, 66, 29, 19, 29, 44",2026-03-15 06:00:38,"Discussions and forums, AI overview",informational,Organic
cbd oil canberra,12,12,90,19,0,https://www.polln.com/locations/canberra,0,0,0,0,0,"3, 1, 3, 3, 3, 3, 3, 3, 4, 2, 3, 3",2026-03-15 07:04:38,"Local pack, Sitelinks, Video, Related searches",commercial,Organic
cbd oil canberra,21,12,90,19,0,https://www.polln.com/locations/canberra,0,0,0,0,0,"3, 1, 3, 3, 3, 3, 3, 3, 4, 2, 3, 3",2026-03-15 07:04:38,"Local pack, Sitelinks, Video, Related searches",commercial,Organic
cbd oil canberra,31,12,90,19,0,https://www.polln.com/locations/canberra,0,0,0,0,0,"3, 1, 3, 3, 3, 3, 3, 3, 4, 2, 3, 3",2026-03-15 07:04:38,"Local pack, Sitelinks, Video, Related searches",commercial,Organic
how to get medical marijuanas card qld,29,39,720,45,47.77,https://www.polln.com/library/getting-access-to-prescription-natural-medicine-in-australia,0,0,0,0.81,121000,"66, 36, 54, 54, 41, 41, 7, 30, 5, 4, 20, 24",2026-04-08 05:12:42,"Video, People also ask, Related searches, Discussions and forums, AI overview",informational,Organic
free medical cannabis consultation,27,27,170,46,0,https://www.polln.com/locations/canberra,0,0,0,0,123,"19, 15, 19, 19, 23, 19, 19, 23, 29, 29, 23, 23",2026-03-24 02:52:55,"Video, Related searches, AI overview",informational,Organic
free medical cannabis consultation,46,27,170,46,0,https://www.polln.com/locations/canberra,0,0,0,0,123,"19, 15, 19, 19, 23, 19, 19, 23, 29, 29, 23, 23",2026-03-24 02:52:55,"Video, Related searches, AI overview",informational,Organic
free medical cannabis consultation,69,69,170,46,0,https://www.polln.com/locations/brisbane,0,0,0,0,123,"19, 15, 19, 19, 23, 19, 19, 23, 29, 29, 23, 23",2026-03-24 02:52:55,"Video, Related searches, AI overview",informational,Organic
sativa versus indica,22,12,590,73,0,https://www.polln.com/library/sativa-vs-indica-vs-hybrid-cannabis-what-to-expect,0,0,0,0,11700000,"76, 76, 0, 1, 0, 67, 0, 0, 67, 76, 76, 100",2026-04-11 05:00:00,"Image pack, Sitelinks, Video, Video Carousel, Related searches, Discussions and forums, AI overview","commercial, informational",Organic
sativa and indica difference,8,8,210,69,0,https://www.polln.com/library/sativa-vs-indica-vs-hybrid-cannabis-what-to-expect,0,0,0,0,6930000,"81, 100, 7, 10, 10, 7, 7, 12, 7, 7, 5, 7",2026-03-28 01:03:43,"Image pack, Video, Video Carousel, Related searches, Short videos, Discussions and forums, AI overview",informational,Organic
how to get medical marijuanas nsw online,6,0,40,21,51.74,https://www.polln.com/,0,0,0,0.84,110,"0, 28, 28, 42, 100, 57, 100, 71, 71",2026-04-15 23:11:59,"Sitelinks, Video, People also ask, Related searches, Discussions and forums, Ads middle, AI overview",informational,Organic
how to get medical marijuanas nsw online,14,0,40,21,51.74,https://www.polln.com/,0,0,0,0.84,110,"0, 28, 28, 42, 100, 57, 100, 71, 71",2026-04-15 23:11:59,"Sitelinks, Video, People also ask, Related searches, Discussions and forums, Ads middle, AI overview",informational,Organic
how to get medical marijuanas nsw online,53,0,40,21,51.74,https://www.polln.com/locations/sydney,0,0,0,0.84,110,"0, 28, 28, 42, 100, 57, 100, 71, 71",2026-04-15 23:11:59,"Sitelinks, Video, People also ask, Related searches, Discussions and forums, Ads middle, AI overview",informational,Organic
weed adelaide,35,84,110,41,31.02,https://www.polln.com/locations/adelaide,0,0,0,0.27,4430000,"9, 52, 52, 52, 23, 14, 52, 80, 80, 80, 80, 80",2026-04-19 10:02:47,"Local pack, Sitelinks, Video, People also ask, Related searches, AI overview",informational,Organic
traveling with medicine,29,29,210,39,1.25,https://www.polln.com/faqs/can-i-travel-with-my-prescription-medications,0,0,0,0.42,0,"81, 65, 81, 65, 53, 65, 65, 81, 43, 43, 65, 65",2026-03-07 05:08:57,"Video, Image, Related searches, AI overview",informational,Organic
alternative medicines,31,31,320,82,66.82,https://www.polln.com/,0,0,0,0.41,149000000,"5, 17, 7, 2, 39, 32, 59, 21, 88, 88, 21, 21",2026-03-20 17:05:49,"Knowledge panel, Image pack, Video, Image, People also ask, Related searches, AI overview",informational,Organic
medicinal cannabis adelaide,23,4,110,51,0,https://www.polln.com/locations/adelaide,0,0,0,0,125,"66, 42, 52, 52, 80, 52, 42, 42, 52, 42, 66, 42",2026-04-07 19:58:03,"Local pack, Video, Related searches",commercial,Organic
medicinal cannabis adelaide,30,19,110,51,0,https://www.polln.com/,0,0,0,0,125,"66, 42, 52, 52, 80, 52, 42, 42, 52, 42, 66, 42",2026-04-07 19:58:03,"Local pack, Video, Related searches",commercial,Organic
medicinal cannabis adelaide,32,19,110,51,0,https://www.polln.com/,0,0,0,0,125,"66, 42, 52, 52, 80, 52, 42, 42, 52, 42, 66, 42",2026-04-07 19:58:03,"Local pack, Video, Related searches",commercial,Organic
how long does weed stay in saliva for mouth swab,47,47,70,47,0,https://www.polln.com/library/how-long-does-cannabis-stay-in-your-system,0,0,0,0.33,27200,"50, 50, 35, 35, 28, 14, 35, 64, 78, 78, 78, 100",2026-03-10 01:35:32,"Sitelinks, Video, Related searches, AI overview",informational,Organic
medicine delivery melbourne,29,29,70,27,0.67,https://www.polln.com/,0,0,0,0.94,10200000,"9, 9, 14, 23, 33, 19, 23, 42, 100, 80, 33, 23",2026-03-17 06:00:08,"Local pack, Sitelinks, Video, Related searches, AI overview",informational,Organic
cannabis drug test,33,33,140,41,0.56,https://www.polln.com/library/how-long-does-cannabis-stay-in-your-system,0,0,0,0.2,0,"100, 80, 100, 66, 66, 52, 66, 14, 66, 66, 66, 80",2026-03-14 01:46:41,"Sitelinks, Video, Image, Video Carousel, Popular products, Related searches, Discussions and forums, AI overview",commercial,Organic
functional medicine practitioner sydney,54,54,260,33,0,https://www.polln.com/,0,0,0,0.04,130,"4, 4, 4, 22, 22, 4, 81, 100, 100, 100, 100, 100",2026-03-23 20:55:59,"Local pack, Video, Image, Related searches",commercial,Organic
functional medicine practitioner sydney,82,54,260,33,0,https://www.polln.com/,0,0,0,0.04,130,"4, 4, 4, 22, 22, 4, 81, 100, 100, 100, 100, 100",2026-03-23 20:55:59,"Local pack, Video, Image, Related searches",commercial,Organic
how long does weed stay in your pee for,16,16,90,63,0,https://www.polln.com/library/how-long-does-cannabis-stay-in-your-system,0,0,0,0,14100000,"81, 63, 63, 81, 81, 100, 63, 81, 100, 100, 81, 81",2026-03-20 01:16:12,"Sitelinks, Video, People also ask, Related searches, Short videos, Discussions and forums, AI overview",informational,Organic
thc prescription,53,0,70,59,0,https://www.polln.com/locations/perth,0,0,0,0,399000000,"0, 0, 21, 35, 21, 28, 21, 100, 100, 78, 78, 64",2026-04-12 09:30:22,"Video, Video Carousel, People also ask, Related searches, AI overview",informational,Organic
thc prescription,84,0,70,59,0,https://www.polln.com/locations/sydney,0,0,0,0,399000000,"0, 0, 21, 35, 21, 28, 21, 100, 100, 78, 78, 64",2026-04-12 09:30:22,"Video, Video Carousel, People also ask, Related searches, AI overview",informational,Organic
online weed prescription,3,0,70,50,80.06,https://www.polln.com/,0,0,0,0.85,30400000,"100, 35, 50, 35, 50, 50, 64, 64, 64, 35, 35, 28",2026-04-08 23:38:55,"Video, Related searches, Discussions and forums, AI overview",informational,AI overview
online weed prescription,87,0,70,50,80.06,https://www.polln.com/locations/perth,0,0,0,0.85,30400000,"100, 35, 50, 35, 50, 50, 64, 64, 64, 35, 35, 28",2026-04-08 23:38:55,"Video, Related searches, Discussions and forums, AI overview",informational,Organic
medical cannabis dispensary,18,18,210,49,0,https://www.polln.com/,0,0,0,0,19500000,"53, 65, 65, 65, 81, 53, 100, 81, 53, 43, 53, 43",2026-03-28 18:59:39,"Local pack, Video, Image, People also ask, Related searches, Discussions and forums",commercial,Organic
medical cannabis dispensary,97,97,210,49,0,https://www.polln.com/locations/perth,0,0,0,0,19500000,"53, 65, 65, 65, 81, 53, 100, 81, 53, 43, 53, 43",2026-03-28 18:59:39,"Local pack, Video, Image, People also ask, Related searches, Discussions and forums",commercial,Organic
weed indica vs sativa,25,10,1000,62,0,https://www.polln.com/library/sativa-vs-indica-vs-hybrid-cannabis-what-to-expect,0,0,0,0,12200000,"76, 76, 76, 76, 67, 67, 76, 67, 67, 76, 100, 76",2026-04-10 13:04:05,"Image pack, Video, Video Carousel, People also ask, Related searches, Discussions and forums, AI overview","commercial, informational",Organic
buy medication online,40,40,210,36,3,https://www.polln.com/,0,0,0,0.76,0,"34, 28, 43, 43, 43, 43, 43, 100, 100, 100, 81, 43",2026-03-06 10:06:53,"Sitelinks, Video, Related searches, AI overview",informational,Organic
sativa and indica plants,12,12,480,83,0,https://www.polln.com/library/sativa-vs-indica-vs-hybrid-cannabis-what-to-expect,0,0,0,0,16200000,"100, 100, 0, 0, 0, 0, 0, 0, 67, 67, 55, 67",2026-03-27 03:56:28,"Knowledge panel, Sitelinks, Video, Image, Video Carousel, People also ask, Related searches, Discussions and forums",informational,Organic
how long can you drive after weed,13,13,50,23,0,https://www.polln.com/library/medicinal-cannabis-and-driving-what-you-need-to-know-as-a-patient-in-australia,0,0,0,0,125,"100, 18, 63, 63, 63, 63, 63, 63, 0, 9, 63, 63",2026-03-11 13:46:16,"Video, Related searches, Discussions and forums, AI overview",informational,Organic
weed clinic,18,0,40,37,71.13,https://www.polln.com/,0,0,0,0.3,126,"57, 14, 57, 28, 28, 42, 71, 71, 57, 71, 57, 71",2026-04-16 01:37:50,"Video, Image, Related searches, AI overview",informational,Organic
weed clinic,93,0,40,37,71.13,https://www.polln.com/locations/perth,0,0,0,0.3,126,"57, 14, 57, 28, 28, 42, 71, 71, 57, 71, 57, 71",2026-04-16 01:37:50,"Video, Image, Related searches, AI overview",informational,Organic
what does sativa and indica mean,24,0,50,62,0,https://www.polln.com/library/sativa-vs-indica-vs-hybrid-cannabis-what-to-expect,0,0,0,0,5210000,"9, 9, 9, 9, 9, 9, 100, 52, 23, 14, 19, 19",2026-04-15 12:02:41,"Image pack, Sitelinks, Video, Related searches, Short videos, AI overview",informational,Organic
natural dispensary,32,32,320,40,3.92,https://www.polln.com/,0,0,0,0.03,13700000,"100, 66, 81, 66, 66, 54, 54, 81, 66, 54, 54, 43",2026-03-25 18:28:33,"Knowledge panel, Sitelinks, Video, Image, Related searches",navigational,Organic
weed doctor near me,12,0,110,40,81.55,https://www.polln.com/practitioners/dr-joel-wren,0,0,0,0.36,42000000,"64, 52, 64, 82, 64, 82, 64, 82, 64, 64, 64, 82",2026-04-29 01:19:44,"Video, Image, People also ask, Related searches, AI overview",transactional,Organic
how long can cannabis be detected in urine,70,0,140,63,0,https://www.polln.com/library/how-long-does-cannabis-stay-in-your-system,0,0,0,0,11000000,"100, 52, 52, 42, 66, 52, 66, 66, 66, 66, 66, 66",2026-04-24 17:47:03,"Sitelinks, Video, People also ask, Related searches, AI overview",informational,Organic
how long does weed stay in your urine,16,16,480,64,0,https://www.polln.com/library/how-long-does-cannabis-stay-in-your-system,0,0,0,0,158000000,"81, 66, 81, 81, 81, 81, 100, 81, 66, 100, 54, 66",2026-03-24 03:13:36,"Video, People also ask, Discussions and forums, AI overview",informational,Organic
medicinal marijuanas qld driving,29,29,110,28,43.36,https://www.polln.com/library/medicinal-cannabis-and-driving-what-you-need-to-know-as-a-patient-in-australia,0,0,0,0.37,178,"100, 52, 52, 80, 66, 33, 80, 52, 33, 52, 42, 23",2026-03-20 02:15:17,"Video, Video Carousel, People also ask, Related searches, Discussions and forums, AI overview",informational,Organic
medicinal marijuanas qld driving,87,87,110,28,43.36,https://www.polln.com/location-faqs/can-i-drive-after-taking-medicinal-cannabis-treatments-in-brisbane,0,0,0,0.37,178,"100, 52, 52, 80, 66, 33, 80, 52, 33, 52, 42, 23",2026-03-20 02:15:17,"Video, Video Carousel, People also ask, Related searches, Discussions and forums, AI overview",informational,Organic
bulk bill scripts online,70,70,170,34,2.1,https://www.polln.com/,0,0,0,0.78,2950000,"23, 23, 15, 23, 19, 15, 15, 23, 19, 23, 36, 29",2026-03-25 12:59:06,"Video, Related searches, AI overview",informational,Organic
cannibis prescription,31,31,40,43,55.11,https://www.polln.com/,0,0,0,0.22,152,"100, 0, 50, 50, 14, 14, 14, 7, 28, 35, 14, 28",2026-03-29 20:04:58,"Video, Video Carousel, Related searches",informational,Organic
cannibis prescription,40,40,40,43,55.11,https://www.polln.com/locations/perth,0,0,0,0.22,152,"100, 0, 50, 50, 14, 14, 14, 7, 28, 35, 14, 28",2026-03-29 20:04:58,"Video, Video Carousel, Related searches",informational,Organic
cannibis prescription,71,40,40,43,55.11,https://www.polln.com/locations/perth,0,0,0,0.22,152,"100, 0, 50, 50, 14, 14, 14, 7, 28, 35, 14, 28",2026-03-29 20:04:58,"Video, Video Carousel, Related searches",informational,Organic
how long can thc stay in your saliva,24,61,90,38,0,https://www.polln.com/library/how-long-does-cannabis-stay-in-your-system,0,0,0,0,116,"50, 50, 50, 64, 64, 64, 50, 64, 50, 50, 78, 100",2026-04-15 21:15:24,"Video, People also ask, Related searches, Discussions and forums, AI overview",informational,Organic
how long can thc stay in your saliva,30,61,90,38,0,https://www.polln.com/library/how-long-does-cannabis-stay-in-your-system,0,0,0,0,116,"50, 50, 50, 64, 64, 64, 50, 64, 50, 50, 78, 100",2026-04-15 21:15:24,"Video, People also ask, Related searches, Discussions and forums, AI overview",informational,Organic
free consultation medical weed,19,19,70,50,116.36,https://www.polln.com/locations/canberra,0,0,0,0.94,143,"52, 29, 17, 17, 29, 52, 64, 52, 41, 52, 64, 64",2026-03-27 21:13:08,"Video, People also ask, Related searches, AI overview",informational,Organic
free consultation medical weed,59,59,70,50,116.36,https://www.polln.com/locations/sydney,0,0,0,0.94,143,"52, 29, 17, 17, 29, 52, 64, 52, 41, 52, 64, 64",2026-03-27 21:13:08,"Video, People also ask, Related searches, AI overview",informational,Organic
free consultation medical weed,65,59,70,50,116.36,https://www.polln.com/locations/sydney,0,0,0,0.94,143,"52, 29, 17, 17, 29, 52, 64, 52, 41, 52, 64, 64",2026-03-27 21:13:08,"Video, People also ask, Related searches, AI overview",informational,Organic
free consultation medical weed,98,98,70,50,116.36,https://www.polln.com/locations/darwin,0,0,0,0.94,143,"52, 29, 17, 17, 29, 52, 64, 52, 41, 52, 64, 64",2026-03-27 21:13:08,"Video, People also ask, Related searches, AI overview",informational,Organic
medicinal cannabinoids adelaide,15,15,110,37,0,https://www.polln.com/practitioners/dr-joel-wren,0,0,0,0,0,"64, 82, 64, 82, 82, 64, 41, 52, 82, 41, 64, 52",2026-03-19 10:06:52,"Local pack, Video, Related searches, AI overview",informational,Organic
prescription how long valid,60,0,90,11,0,https://www.polln.com/faqs/do-my-prescriptions-expire,0,0,0,0,93,"81, 63, 81, 81, 100, 81, 63, 100, 63, 100, 81, 63",2026-04-18 19:12:57,"Video, Related searches, AI overview",informational,Organic
prescription how long valid,61,0,90,11,0,https://www.polln.com/faqs/do-my-prescriptions-expire,0,0,0,0,93,"81, 63, 81, 81, 100, 81, 63, 100, 63, 100, 81, 63",2026-04-18 19:12:57,"Video, Related searches, AI overview",informational,Organic
how to get medical cannabis,21,37,170,52,0,https://www.polln.com/,0,0,0,0,123000000,"10, 6, 18, 14, 18, 18, 35, 43, 54, 54, 66, 54",2026-04-06 21:01:05,"Video, Related searches, Discussions and forums, AI overview",informational,Organic
how to get medical cannabis,37,37,170,52,0,https://www.polln.com/,0,0,0,0,123000000,"10, 6, 18, 14, 18, 18, 35, 43, 54, 54, 66, 54",2026-04-06 21:01:05,"Video, Related searches, Discussions and forums, AI overview",informational,Organic
how to get medical cannabis,84,0,170,52,0,https://www.polln.com/locations/brisbane,0,0,0,0,123000000,"10, 6, 18, 14, 18, 18, 35, 43, 54, 54, 66, 54",2026-04-06 21:01:05,"Video, Related searches, Discussions and forums, AI overview",informational,Organic
prescription medication for travel,17,17,70,39,0,https://www.polln.com/faqs/can-i-travel-with-my-prescription-medications,0,0,0,0.01,232,"63, 0, 63, 63, 63, 63, 81, 81, 63, 63, 63, 63",2026-03-13 00:18:10,"Sitelinks, Video, Related searches, AI overview",informational,Organic
what's the difference between sativa indica,15,7,90,68,0,https://www.polln.com/library/sativa-vs-indica-vs-hybrid-cannabis-what-to-expect,0,0,0,0,19200000,"78, 0, 78, 100, 100, 78, 78, 100, 0, 0, 0, 100",2026-04-20 19:13:50,"Image pack, Sitelinks, Video, People also ask, Related searches, Short videos, Discussions and forums, AI overview",informational,Organic
what's the difference between sativa indica,19,7,90,68,0,https://www.polln.com/library/sativa-vs-indica-vs-hybrid-cannabis-what-to-expect,0,0,0,0,19200000,"78, 0, 78, 100, 100, 78, 78, 100, 0, 0, 0, 100",2026-04-20 19:13:50,"Image pack, Sitelinks, Video, People also ask, Related searches, Short videos, Discussions and forums, AI overview",informational,Organic
weed doctor,54,54,50,28,0,https://www.polln.com/locations/canberra,0,0,0,0,223,"23, 23, 33, 23, 33, 33, 23, 33, 33, 23, 19, 19",2026-03-26 12:04:49,"Video, Related searches",informational,Organic
weed doctor,74,74,50,28,0,https://www.polln.com/locations/perth,0,0,0,0,223,"23, 23, 33, 23, 33, 33, 23, 33, 33, 23, 19, 19",2026-03-26 12:04:49,"Video, Related searches",informational,Organic
how long weed can stay in your system,18,18,110,61,0,https://www.polln.com/library/how-long-does-cannabis-stay-in-your-system,0,0,0,0,52100000,"0, 0, 0, 0, 0, 0, 0, 100, 26, 2, 0, 5",2026-03-16 07:49:00,"Video, Related searches, Discussions and forums, AI overview",informational,Organic
perth weed dealers,33,0,50,18,0,https://www.polln.com/locations/perth,0,0,0,0.16,73,"18, 18, 18, 18, 18, 18, 63, 63, 100, 63, 63, 63",2026-04-30 07:35:40,,commercial,Organic
medical cannabis providers,7,0,90,51,0,https://www.polln.com/,0,0,0,0.33,139,"100, 18, 18, 100, 100, 100, 100, 63, 63, 81, 81, 63",2026-04-24 15:03:13,"Local pack, Video, People also ask, Related searches, Discussions and forums",commercial,Organic
medical cannabis providers,73,0,90,51,0,https://www.polln.com/practitioners/dr-joel-wren,0,0,0,0.33,139,"100, 18, 18, 100, 100, 100, 100, 63, 63, 81, 81, 63",2026-04-24 15:03:13,"Local pack, Video, People also ask, Related searches, Discussions and forums",commercial,Organic
vivace health,14,14,320,56,0,https://www.polln.com/locations/perth,0,0,0,0,0,"66, 54, 66, 66, 66, 81, 81, 81, 81, 81, 66, 66",2026-03-15 11:47:09,"Knowledge panel, Sitelinks, Video, Related searches",navigational,Organic
medicinal marijuana australia,29,58,50,59,0,https://www.polln.com/,0,0,0,0,26700000,"18, 14, 0, 14, 4, 8, 6, 8, 14, 18, 18, 10",2026-04-28 14:24:24,"Video, Image, People also ask, Related searches, Discussions and forums, AI overview",informational,Organic
medical cannabis tasmania,25,0,70,14,0,https://www.polln.com/locations/hobart,0,0,0,0,410000,"0, 5, 0, 5, 0, 0, 52, 100, 64, 52, 64, 82",2026-04-14 22:06:09,"Knowledge panel, Video, People also ask, Related searches, Discussions and forums",informational,Organic
medical cannabis tasmania,72,0,70,14,0,https://www.polln.com/,0,0,0,0,410000,"0, 5, 0, 5, 0, 0, 52, 100, 64, 52, 64, 82",2026-04-14 22:06:09,"Knowledge panel, Video, People also ask, Related searches, Discussions and forums",informational,Organic
weed online,29,11,140,39,0,https://www.polln.com/,0,0,0,0,180,"29, 29, 29, 29, 29, 22, 29, 22, 29, 29, 29, 29",2026-04-18 09:08:26,"Video, Image",commercial,Organic
weed online,31,11,140,39,0,https://www.polln.com/,0,0,0,0,180,"29, 29, 29, 29, 29, 22, 29, 22, 29, 29, 29, 29",2026-04-18 09:08:26,"Video, Image",commercial,Organic
medical cannabis vape,60,60,110,22,0,https://www.polln.com/,0,0,0,0,0,"34, 19, 26, 26, 19, 19, 26, 26, 80, 100, 80, 65",2026-03-10 22:34:46,"Video, Related searches",informational,Organic
medical cannabis vape,65,60,110,22,0,https://www.polln.com/,0,0,0,0,0,"34, 19, 26, 26, 19, 19, 26, 26, 80, 100, 80, 65",2026-03-10 22:34:46,"Video, Related searches",informational,Organic
can you drive with medical marijuanas wa,22,0,90,36,0,https://www.polln.com/library/medicinal-cannabis-and-driving-what-you-need-to-know-as-a-patient-in-australia,0,0,0,0.02,132,"45, 63, 63, 63, 100, 100, 100, 100, 100, 100, 100, 18",2026-04-08 23:03:50,"Video Carousel, People also ask, Related searches, Discussions and forums, AI overview",informational,Organic
how long does thc stay in the system,18,0,50,59,0,https://www.polln.com/library/how-long-does-cannabis-stay-in-your-system,0,0,0,0,111,"3, 15, 15, 9, 21, 6, 6, 21, 9, 34, 28, 21",2026-04-13 23:17:50,"Video, People also ask, Discussions and forums, AI overview",informational,Organic
how long does thc stay in the system,26,0,50,59,0,https://www.polln.com/library/how-long-does-cannabis-stay-in-your-system,0,0,0,0,111,"3, 15, 15, 9, 21, 6, 6, 21, 9, 34, 28, 21",2026-04-13 23:17:50,"Video, People also ask, Discussions and forums, AI overview",informational,Organic
how long does thc stay in the system,34,0,50,59,0,https://www.polln.com/library/how-long-does-cannabis-stay-in-your-system,0,0,0,0,111,"3, 15, 15, 9, 21, 6, 6, 21, 9, 34, 28, 21",2026-04-13 23:17:50,"Video, People also ask, Discussions and forums, AI overview",informational,Organic
medicinal marijuana brisbane,1,0,50,4,0,https://www.polln.com/locations/brisbane,0,0,0,0,459000,"44, 22, 22, 33, 44, 44, 77, 77, 77, 55, 55, 77",2026-04-29 15:01:20,"Video, Image, People also ask, Related searches, Discussions and forums, AI overview",informational,AI overview
medicinal marijuana brisbane,10,0,50,4,0,https://www.polln.com/locations/brisbane,0,0,0,0,459000,"44, 22, 22, 33, 44, 44, 77, 77, 77, 55, 55, 77",2026-04-29 15:01:20,"Video, Image, People also ask, Related searches, Discussions and forums, AI overview",informational,Organic
medicinal marijuana brisbane,20,0,50,4,0,https://www.polln.com/locations/brisbane,0,0,0,0,459000,"44, 22, 22, 33, 44, 44, 77, 77, 77, 55, 55, 77",2026-04-29 15:01:20,"Video, Image, People also ask, Related searches, Discussions and forums, AI overview",informational,Organic
pure cbd oil,51,51,140,51,0,https://www.polln.com/library/cbd-oil-explained,0,0,0,0,213,"29, 29, 29, 29, 29, 2, 29, 29, 29, 29, 29, 29",2026-03-22 02:52:48,"Video, Image, Popular products, Related searches, Discussions and forums, AI overview","commercial, informational",Organic
travelling with prescription medicines,44,35,70,17,0,https://www.polln.com/faqs/can-i-travel-with-my-prescription-medications,0,0,0,0.01,199000000,"63, 0, 63, 63, 63, 63, 63, 81, 63, 63, 63, 63",2026-04-18 09:47:15,"Sitelinks, Video, Image, Related searches, AI overview",informational,Organic
plant based medicine,78,28,140,24,3.33,https://www.polln.com/,0,0,0,0.5,800000000,"53, 53, 34, 34, 26, 34, 100, 100, 65, 34, 65, 42",2026-04-18 07:59:21,"Video, Related searches, AI overview",informational,Organic
plant based medicine,80,28,140,24,3.33,https://www.polln.com/,0,0,0,0.5,800000000,"53, 53, 34, 34, 26, 34, 100, 100, 65, 34, 65, 42",2026-04-18 07:59:21,"Video, Related searches, AI overview",informational,Organic
how long do weed stay in your body,33,0,480,59,0,https://www.polln.com/library/how-long-does-cannabis-stay-in-your-system,0,0,0,0,167000000,"81, 54, 44, 100, 81, 81, 19, 36, 81, 66, 66, 81",2026-04-28 20:38:23,"Video, Image, People also ask, Discussions and forums, AI overview",informational,Organic
how long do weed stay in your body,43,0,480,59,0,https://www.polln.com/library/how-long-does-cannabis-stay-in-your-system,0,0,0,0,167000000,"81, 54, 44, 100, 81, 81, 19, 36, 81, 66, 66, 81",2026-04-28 20:38:23,"Video, Image, People also ask, Discussions and forums, AI overview",informational,Organic
online medical marijuana australia,4,0,70,47,0,https://www.polln.com/,0,0,0,0,9390000,"5, 5, 5, 5, 5, 11, 82, 100, 82, 52, 52, 41",2026-04-12 06:41:45,"Video, Related searches, AI overview",commercial,AI overview
online medical marijuana australia,78,0,70,47,0,https://www.polln.com/locations/sydney,0,0,0,0,9390000,"5, 5, 5, 5, 5, 11, 82, 100, 82, 52, 52, 41",2026-04-12 06:41:45,"Video, Related searches, AI overview",commercial,Organic
pollen australia,24,24,70,43,0,https://www.polln.com/,0,0,0,0.08,0,"33, 23, 33, 33, 23, 14, 23, 9, 52, 52, 52, 52",2026-03-10 17:15:15,"Knowledge panel, Video, Image, Video Carousel, Related searches",informational,Organic
how long does weed stay in your system urine test,1,1,170,61,0,https://www.polln.com/library/how-long-does-cannabis-stay-in-your-system,0,0,0,0,151,"9, 6, 6, 12, 6, 12, 15, 36, 81, 66, 19, 9",2026-03-22 05:01:08,"Video, People also ask, Related searches, Short videos, AI overview",informational,AI overview
how long does weed stay in your system urine test,13,13,170,61,0,https://www.polln.com/library/how-long-does-cannabis-stay-in-your-system,0,0,0,0,151,"9, 6, 6, 12, 6, 12, 15, 36, 81, 66, 19, 9",2026-03-22 05:01:08,"Video, People also ask, Related searches, Short videos, AI overview",informational,Organic
how long will thc stay in your saliva,25,0,90,39,0,https://www.polln.com/library/how-long-does-cannabis-stay-in-your-system,0,0,0,0,855000,"50, 50, 50, 64, 64, 64, 50, 64, 50, 50, 78, 100",2026-04-09 08:10:48,"Video, People also ask, Discussions and forums, AI overview",informational,Organic
how long is a prescription valid for,71,71,210,17,0,https://www.polln.com/faqs/do-my-prescriptions-expire,0,0,0,0.01,72000000,"53, 53, 53, 53, 66, 66, 53, 66, 53, 66, 53, 53",2026-03-20 23:08:31,"Sitelinks, Related searches, AI overview",informational,Organic
how long does a prescription last australia,1,1,90,6,0,https://www.polln.com/faqs/do-my-prescriptions-expire,0,0,0,0,26600000,"64, 41, 41, 11, 11, 11, 11, 64, 64, 64, 82, 100",2026-03-07 16:52:09,"Sitelinks, Video, Related searches, AI overview",informational,AI overview
how long does a prescription last australia,70,70,90,6,0,https://www.polln.com/faqs/do-my-prescriptions-expire,0,0,0,0,26600000,"64, 41, 41, 11, 11, 11, 11, 64, 64, 64, 82, 100",2026-03-07 16:52:09,"Sitelinks, Video, Related searches, AI overview",informational,Organic
sativa bud vs indica bud,31,6,2900,76,0,https://www.polln.com/library/sativa-vs-indica-vs-hybrid-cannabis-what-to-expect,0,0,0,0,6920000,"65, 65, 100, 100, 100, 81, 3, 54, 81, 81, 54, 81",2026-04-28 16:09:01,"Image pack, Sitelinks, Video, Video Carousel, People also ask, Related searches, Discussions and forums, AI overview","commercial, informational",Organic
medical marijuanas qld driving,33,33,170,23,43.36,https://www.polln.com/library/medicinal-cannabis-and-driving-what-you-need-to-know-as-a-patient-in-australia,0,0,0,0.37,0,"80, 53, 80, 80, 80, 80, 80, 80, 53, 53, 34, 26",2026-03-18 09:09:43,"Video, Image, Video Carousel, Related searches, Discussions and forums, AI overview",informational,Organic
how long does a joint stay in your body,31,0,50,59,0,https://www.polln.com/library/how-long-does-cannabis-stay-in-your-system,0,0,0,0.33,755000000,"11, 11, 100, 100, 11, 11, 11, 0, 11, 11, 11, 11",2026-04-28 11:25:37,"Sitelinks, Video, People also ask, Related searches, Short videos, Discussions and forums, AI overview",informational,Organic
medicinal marijuanas south australia,8,8,140,49,31.22,https://www.polln.com/locations/adelaide,0,0,0,0.61,2230000,"80, 42, 34, 53, 65, 53, 80, 53, 65, 65, 42, 34",2026-03-09 19:52:30,"Local pack, Video, Related searches, Discussions and forums, AI overview",informational,Organic
cbd oil brisbane,58,58,260,54,2.65,https://www.polln.com/,0,0,0,0.38,0,"36, 36, 23, 29, 36, 29, 44, 44, 29, 36, 44, 36",2026-03-07 08:35:22,"Local pack, Related searches, Discussions and forums",commercial,Organic
medical cannabinoids melbourne,16,0,210,39,0,https://www.polln.com/,0,0,0,0,423000,"44, 23, 23, 15, 15, 23, 15, 23, 19, 19, 19, 23",2026-04-23 12:09:37,"Local pack, Video, Related searches, Discussions and forums, Ads middle",commercial,Organic
medical cannabinoids melbourne,44,0,210,39,0,https://www.polln.com/locations/melbourne,0,0,0,0,423000,"44, 23, 23, 15, 15, 23, 15, 23, 19, 19, 19, 23",2026-04-23 12:09:37,"Local pack, Video, Related searches, Discussions and forums, Ads middle",commercial,Organic
parmacy online,74,74,40,72,1.39,https://www.polln.com/,0,0,0,1,322000000,"0, 1, 1, 4, 1, 0, 0, 0, 0, 0, 0, 0",2026-03-07 05:41:29,"Sitelinks, Video, Related searches, See results about",informational,Organic
vaping thc oil,52,0,70,23,0,https://www.polln.com/library/ultimate-guide-to-vaping-medicinal-cannabis,0,0,0,0,5870000,"0, 3, 3, 0, 3, 3, 7, 3, 80, 100, 80, 65",2026-04-12 10:42:33,"Video, People also ask, Discussions and forums, AI overview",informational,Organic
is marijuana legal in nsw,68,68,70,48,0,https://www.polln.com/,0,0,0,0,552000,"53, 34, 42, 26, 34, 19, 34, 19, 19, 26, 19, 19",2026-03-18 22:01:14,"Video, Related searches, AI overview",informational,Organic
integrative medicine melbourne australia,25,25,320,52,0.7,https://www.polln.com/,0,0,0,0.33,28300000,"82, 100, 82, 66, 82, 66, 43, 66, 82, 100, 100, 82",2026-03-19 22:06:16,"Local pack, Sitelinks, Video, Related searches",navigational,Organic
integrative medicine melbourne australia,35,25,320,52,0.7,https://www.polln.com/,0,0,0,0.33,28300000,"82, 100, 82, 66, 82, 66, 43, 66, 82, 100, 100, 82",2026-03-19 22:06:16,"Local pack, Sitelinks, Video, Related searches",navigational,Organic
what does indica mean,13,13,210,58,0,https://www.polln.com/library/sativa-vs-indica-vs-hybrid-cannabis-what-to-expect,0,0,0,0,81900000,"1, 1, 1, 2, 1, 1, 100, 4, 2, 1, 2, 2",2026-03-22 12:17:46,"Instant answer, Image pack, Video, People also ask, Related searches, Short videos, AI overview",informational,Organic
how do i get medical weed,46,0,50,,35.15,https://www.polln.com/library/getting-access-to-prescription-natural-medicine-in-australia,0,0,0,0.4,138,"0, 0, 11, 11, 100, 17, 29, 41, 41, 52, 29, 29",2026-04-12 12:30:06,"Video, People also ask, Related searches, Discussions and forums, AI overview",informational,Organic
cannabis doctors tasmania reviews,21,0,110,23,0,https://www.polln.com/,0,0,0,0,76,"17, 64, 64, 64, 64, 64, 82, 64, 100, 64, 41, 52",2026-04-18 17:02:25,"Sitelinks, People also ask, Related searches",commercial,Organic
medical marijuanna,86,0,90,67,0,https://www.polln.com/,0,0,0,0,70900000,"0, 78, 21, 64, 100, 78, 78, 64, 78, 78, 78, 78",2026-04-24 04:11:37,"Top stories, Video, Video Carousel, People also ask, Related searches, Discussions and forums",informational,Organic
bulk bill scripts,39,39,50,29,2.02,https://www.polln.com/,0,0,0,0.85,4030000,"9, 27, 18, 18, 81, 27, 36, 45, 100",2026-03-26 06:25:36,"Video, Related searches",informational,Organic
how long do escripts last,32,32,90,22,0,https://www.polln.com/faqs/do-my-prescriptions-expire,0,0,0,0.01,0,"11, 11, 11, 41, 64, 64, 64, 52, 64, 100, 64, 64",2026-03-16 18:14:03,"Video, Related searches, AI overview",informational,Organic
difference between sativa and indica,1,1,590,68,0,https://www.polln.com/library/sativa-vs-indica-vs-hybrid-cannabis-what-to-expect,0,0,0,0,21600000,"76, 55, 55, 36, 45, 24, 55, 45, 76, 24, 76, 30",2026-04-03 11:41:12,"Image pack, Sitelinks, Video, Related searches, Discussions and forums, AI overview",informational,AI overview
cannabis prescription online,49,31,140,39,0,https://www.polln.com/locations/melbourne,0,0,0,0,207,"15, 15, 11, 26, 15, 19, 100, 100, 80, 80, 100, 100",2026-04-21 06:00:39,"Video, People also ask, Related searches",informational,Organic
cannabis prescription online,51,31,140,39,0,https://www.polln.com/locations/melbourne,0,0,0,0,207,"15, 15, 11, 26, 15, 19, 100, 100, 80, 80, 100, 100",2026-04-21 06:00:39,"Video, People also ask, Related searches",informational,Organic
cannabis prescription online,80,0,140,39,0,https://www.polln.com/locations/perth,0,0,0,0,207,"15, 15, 11, 26, 15, 19, 100, 100, 80, 80, 100, 100",2026-04-21 06:00:39,"Video, People also ask, Related searches",informational,Organic
cannabis prescription online,93,0,140,39,0,https://www.polln.com/locations/sydney,0,0,0,0,207,"15, 15, 11, 26, 15, 19, 100, 100, 80, 80, 100, 100",2026-04-21 06:00:39,"Video, People also ask, Related searches",informational,Organic
medicinal marijuanas queensland,18,18,40,52,42.77,https://www.polln.com/,0,0,0,0.14,539000,"14, 2, 0, 9, 3, 11, 3, 1, 2, 0, 7, 0",2026-03-21 13:11:42,"Local pack, Sitelinks, Video, Related searches",commercial,Organic
medicinal marijuanas queensland,25,18,40,52,42.77,https://www.polln.com/,0,0,0,0.14,539000,"14, 2, 0, 9, 3, 11, 3, 1, 2, 0, 7, 0",2026-03-21 13:11:42,"Local pack, Sitelinks, Video, Related searches",commercial,Organic
medicinal marijuanas queensland,45,45,40,52,42.77,https://www.polln.com/locations/brisbane,0,0,0,0.14,539000,"14, 2, 0, 9, 3, 11, 3, 1, 2, 0, 7, 0",2026-03-21 13:11:42,"Local pack, Sitelinks, Video, Related searches",commercial,Organic
how long does a prescription last in australia,27,27,90,7,0,https://www.polln.com/faqs/do-my-prescriptions-expire,0,0,0,0.33,210000000,"23, 23, 29, 41, 100, 52, 52, 41, 41, 64, 64, 64",2026-03-21 17:00:23,"Sitelinks, Related searches, AI overview",informational,Organic
how long does marijuana stay in your system for,15,15,50,57,0,https://www.polln.com/library/how-long-does-cannabis-stay-in-your-system,0,0,0,0,35700000,"7, 5, 7, 4, 4, 2, 7, 7, 3, 2, 5, 5",2026-03-12 10:55:12,"Video, AI overview",informational,Organic
cbd cannabidiol,61,0,90,74,0,https://www.polln.com/library/cbd-oil-explained,0,0,0,0,12500000,"29, 29, 29, 29, 29, 29, 2, 2, 2, 2, 2, 6",2026-04-04 06:36:11,"Video, Video Carousel, Related searches, AI overview",informational,Organic
medical marijuanas western australia,23,27,170,44,42.22,https://www.polln.com/locations/perth,0,0,0,0.28,3230000,"28, 21, 43, 65, 34, 34, 81, 81, 100, 65, 65, 81",2026-04-04 15:21:16,"Sitelinks, Video, People also ask, Related searches, AI overview",informational,Organic
what is the difference between sativa and indica,11,10,70,70,0,https://www.polln.com/library/sativa-vs-indica-vs-hybrid-cannabis-what-to-expect,0,0,0,0,133,"100, 35, 100, 35, 28, 35, 78, 64, 35, 50, 28, 21",2026-04-09 05:06:52,"Image pack, Sitelinks, Video, Related searches, AI overview",informational,Organic
how long is prescription valid,50,50,90,16,0,https://www.polln.com/faqs/do-my-prescriptions-expire,0,0,0,0,140000000,"23, 17, 23, 23, 28, 23, 23, 28, 17, 17, 23, 17",2026-03-15 16:49:30,"Related searches, AI overview",informational,Organic
how long is prescription valid,78,50,90,16,0,https://www.polln.com/faqs/do-my-prescriptions-expire,0,0,0,0,140000000,"23, 17, 23, 23, 28, 23, 23, 28, 17, 17, 23, 17",2026-03-15 16:49:30,"Related searches, AI overview",informational,Organic
greenhouse medical clinic,46,0,170,30,3.34,https://www.polln.com/locations/hobart,0,0,0,0.14,12700000,"53, 42, 53, 42, 26, 42, 80, 100, 80, 100, 80, 80",2026-04-03 23:22:27,"Local pack, Sitelinks, Video, Image, Related searches",navigational,Organic
greenhouse medical clinic,80,0,170,30,3.34,https://www.polln.com/locations/hobart,0,0,0,0.14,12700000,"53, 42, 53, 42, 26, 42, 80, 100, 80, 100, 80, 80",2026-04-03 23:22:27,"Local pack, Sitelinks, Video, Image, Related searches",navigational,Organic
how to get medical marijuanas card australia 2024,1,1,140,54,63.89,https://www.polln.com/library/getting-access-to-prescription-natural-medicine-in-australia,0,0,0,0.77,92,"55, 24, 16, 8, 8, 5, 5, 3, 3, 3, 2, 5",2026-04-10 00:21:05,"Video, Related searches, Discussions and forums, AI overview",informational,AI overview
dr botany,77,0,90,17,0,https://www.polln.com/our-doctors,0,0,0,0.18,103,"65, 100, 81, 53, 6, 6, 6, 6, 6, 6, 6, 6",2026-04-20 11:17:57,"Local pack, Image pack, Related searches",commercial,Organic
drugs online purchase,44,44,140,34,1.92,https://www.polln.com/,0,0,0,0.93,88100000,"42, 66, 52, 66, 66, 66, 80, 100, 100, 66, 66, 66",2026-03-10 19:41:47,"Sitelinks, Video, Image, Related searches, AI overview",informational,Organic
can you drive on medical weed qld,64,0,50,10,36.95,https://www.polln.com/location-faqs/can-i-drive-after-taking-medicinal-cannabis-treatments-in-brisbane,0,0,0,0.11,107,"57, 71, 71, 71, 71, 57, 100, 100, 100, 71, 71, 100",2026-04-22 07:23:36,"Video, Video Carousel, People also ask, Related searches, Discussions and forums, AI overview",informational,Organic
order pills online,82,97,70,38,2.55,https://www.polln.com/,0,0,0,0.97,184,"63, 63, 45, 63, 100, 63, 45, 45, 100, 45, 63, 63",2026-04-03 20:46:31,"Sitelinks, Video, Image, Related searches",informational,Organic
how long is a prescription valid for in western australia,88,0,50,8,0,https://www.polln.com/faqs/do-my-prescriptions-expire,0,0,0,0.33,3120000,"71, 71, 71, 100, 71, 57, 71, 42, 71, 71, 71, 28",2026-04-13 23:38:09,"Related searches, AI overview",informational,Organic
how long is a prescription valid for in western australia,92,0,50,8,0,https://www.polln.com/faqs/do-my-prescriptions-expire,0,0,0,0.33,3120000,"71, 71, 71, 100, 71, 57, 71, 42, 71, 71, 71, 28",2026-04-13 23:38:09,"Related searches, AI overview",informational,Organic
how long does weed take to get out your system,25,25,260,59,0,https://www.polln.com/library/how-long-does-cannabis-stay-in-your-system,0,0,0,0,0,"82, 53, 53, 66, 82, 66, 43, 66, 23, 35, 100, 82",2026-03-12 02:13:44,Featured snippet,informational,Organic
how long does cannabis take to get out your system,34,42,320,63,0,https://www.polln.com/library/how-long-does-cannabis-stay-in-your-system,0,0,0,0,119000000,"100, 81, 43, 54, 66, 54, 35, 54, 66, 81, 81, 66",2026-04-10 21:57:38,"Featured snippet, People also ask",informational,Organic
how long does weed stay in your saliva,19,0,590,37,0,https://www.polln.com/library/how-long-does-cannabis-stay-in-your-system,0,0,0,0,156,"76, 30, 45, 16, 76, 45, 30, 36, 24, 20, 55, 36",2026-04-02 00:55:30,"Video, People also ask, Discussions and forums, AI overview",informational,Organic
medicinal cannabinoids sunshine coast,8,8,50,13,0,https://www.polln.com/locations/sunshine-coast,0,0,0,0.33,262000,"77, 77, 77, 77, 77, 55, 77, 55, 55, 22, 22, 22",2026-03-06 11:52:26,"Local pack, Video, Video Carousel, Related searches, AI overview",informational,Organic
where do you get weed,30,30,90,49,0,https://www.polln.com/,0,0,0,0.04,230,"78, 50, 50, 78, 100, 64, 50, 64, 78, 78, 64, 64",2026-03-20 06:11:00,"Sitelinks, Video, Image, People also ask, Related searches, Discussions and forums, AI overview",informational,Organic
list of authorised prescribers sa,1,1,320,32,86.41,https://www.polln.com/locations/adelaide,0,0,0,0.54,43,"100, 82, 100, 66, 82, 82, 100, 100, 82, 82, 66, 53",2026-03-23 22:04:19,"Related searches, AI overview",informational,AI overview
list of authorised prescribers sa,20,20,320,32,86.41,https://www.polln.com/practitioners/dr-joel-wren,0,0,0,0.54,43,"100, 82, 100, 66, 82, 82, 100, 100, 82, 82, 66, 53",2026-03-23 22:04:19,"Related searches, AI overview",informational,Organic
aus access clinics,37,79,70,26,4.39,https://www.polln.com/,0,0,0,0.35,83600000,"28, 21, 21, 21, 21, 15, 15, 21, 15, 21, 21, 9",2026-04-27 03:53:34,"Knowledge panel, Sitelinks, Video, People also ask, Related searches",navigational,Organic
cannabis in urine,24,24,70,67,0,https://www.polln.com/library/how-long-does-cannabis-stay-in-your-system,0,0,0,0,0,"63, 63, 63, 81, 63, 81, 63, 81, 63, 63, 63, 63",2026-03-11 18:47:12,"Image pack, Video, Image, Related searches, Discussions and forums, AI overview",informational,Organic
cannabis in urine,79,24,70,67,0,https://www.polln.com/library/how-long-does-cannabis-stay-in-your-system,0,0,0,0,0,"63, 63, 63, 81, 63, 81, 63, 81, 63, 63, 63, 63",2026-03-11 18:47:12,"Image pack, Video, Image, Related searches, Discussions and forums, AI overview",informational,Organic
cannabis in urine,86,24,70,67,0,https://www.polln.com/library/how-long-does-cannabis-stay-in-your-system,0,0,0,0,0,"63, 63, 63, 81, 63, 81, 63, 81, 63, 63, 63, 63",2026-03-11 18:47:12,"Image pack, Video, Image, Related searches, Discussions and forums, AI overview",informational,Organic
buy cbd oil online australia,31,0,50,,0,https://www.polln.com/library/cbd-oil-explained,0,0,0,0,50200000,"4, 5, 2, 4, 5, 2, 4, 7, 5, 5, 7, 5",2026-04-26 16:46:24,"Sitelinks, Video, People also ask, Related searches, AI overview",informational,Organic
australian cbd oil full spectrum,44,0,110,17,0,https://www.polln.com/library/cbd-oil-explained,0,0,0,0,534000,"43, 34, 43, 34, 34, 28, 28, 43, 43, 34, 21, 21",2026-04-21 16:51:55,"Video, Image, Popular products, Related searches",commercial,Organic
perth cbd clinic,48,48,260,43,1.36,https://www.polln.com/,0,0,0,0.43,0,"100, 81, 35, 66, 66, 54, 54, 54, 54, 35, 54, 43",2026-03-17 19:03:20,"Local pack, Video, Related searches",commercial,Organic
perth cbd clinic,63,63,260,43,1.36,https://www.polln.com/locations/perth,0,0,0,0.43,0,"100, 81, 35, 66, 66, 54, 54, 54, 54, 35, 54, 43",2026-03-17 19:03:20,"Local pack, Video, Related searches",commercial,Organic
how long cannabis urine,40,74,70,61,0,https://www.polln.com/library/how-long-does-cannabis-stay-in-your-system,0,0,0,0,22100000,"63, 63, 81, 63, 63, 63, 45, 63, 45, 63, 81, 63",2026-04-15 21:19:06,"Video, Image, People also ask, Related searches, Short videos, Discussions and forums, AI overview",informational,Organic
complementary medicines australia,44,44,110,36,0,https://www.polln.com/,0,0,0,0.01,0,"42, 34, 34, 53, 42, 53, 34, 53, 42, 42, 42, 42",2026-03-06 07:37:10,"Knowledge panel, Sitelinks, Video, Related searches",navigational,Organic
complementary medicines australia,58,44,110,36,0,https://www.polln.com/,0,0,0,0.01,0,"42, 34, 34, 53, 42, 53, 34, 53, 42, 42, 42, 42",2026-03-06 07:37:10,"Knowledge panel, Sitelinks, Video, Related searches",navigational,Organic
dr cbd,43,43,40,32,6.29,https://www.polln.com/,0,0,0,0.44,0,"22, 0, 77, 33, 77, 100, 55, 100, 22, 11, 11, 0",2026-03-19 04:22:00,"Video, Video Carousel, Related searches","informational, transactional",Organic
medical weed prescription,66,68,140,62,83.71,https://www.polln.com/locations/perth,0,0,0,0.57,206,"2, 2, 8, 8, 6, 100, 43, 10, 43, 54, 43, 43",2026-04-06 20:08:48,"Video, People also ask, Related searches, Discussions and forums, AI overview",informational,Organic
medical weed prescription,72,68,140,62,83.71,https://www.polln.com/locations/perth,0,0,0,0.57,206,"2, 2, 8, 8, 6, 100, 43, 10, 43, 54, 43, 43",2026-04-06 20:08:48,"Video, People also ask, Related searches, Discussions and forums, AI overview",informational,Organic
medical weed prescription,81,68,140,62,83.71,https://www.polln.com/locations/perth,0,0,0,0.57,206,"2, 2, 8, 8, 6, 100, 43, 10, 43, 54, 43, 43",2026-04-06 20:08:48,"Video, People also ask, Related searches, Discussions and forums, AI overview",informational,Organic
medicinal cbd oil,44,26,90,48,0,https://www.polln.com/,0,0,0,0,177000000,"3, 4, 0, 2, 1, 0, 3, 16, 13, 5, 0, 2",2026-04-03 00:44:45,"Local pack, Sitelinks, Video, Related searches, Discussions and forums, AI overview",informational,Organic
how long can you drive with medical marijuanas qld,22,22,320,26,4.69,https://www.polln.com/library/medicinal-cannabis-and-driving-what-you-need-to-know-as-a-patient-in-australia,0,0,0,0.07,117,"54, 54, 66, 81, 66, 66, 81, 100, 66, 66, 81, 54",2026-03-24 23:44:19,"Sitelinks, Video, People also ask, Related searches, AI overview",informational,Organic
how long can you drive with medical marijuanas qld,59,59,320,26,4.69,https://www.polln.com/location-faqs/can-i-drive-after-taking-medicinal-cannabis-treatments-in-brisbane,0,0,0,0.07,117,"54, 54, 66, 81, 66, 66, 81, 100, 66, 66, 81, 54",2026-03-24 23:44:19,"Sitelinks, Video, People also ask, Related searches, AI overview",informational,Organic
how long can you drive with medical marijuanas qld,83,59,320,26,4.69,https://www.polln.com/location-faqs/can-i-drive-after-taking-medicinal-cannabis-treatments-in-brisbane,0,0,0,0.07,117,"54, 54, 66, 81, 66, 66, 81, 100, 66, 66, 81, 54",2026-03-24 23:44:19,"Sitelinks, Video, People also ask, Related searches, AI overview",informational,Organic
medicinal product,21,21,110,50,1.77,https://www.polln.com/library/what-prescription-natural-medicine-products-are-available-in-australia,0,0,0,0.58,108,"33, 52, 52, 66, 66, 52, 33, 42, 100, 33, 52, 33",2026-03-10 20:20:15,"Knowledge panel, Image pack, Video, Related searches, AI overview",informational,Organic
medicinal product,43,43,110,50,1.77,https://www.polln.com/,0,0,0,0.58,108,"33, 52, 52, 66, 66, 52, 33, 42, 100, 33, 52, 33",2026-03-10 20:20:15,"Knowledge panel, Image pack, Video, Related searches, AI overview",informational,Organic
travel with prescription meds,35,19,70,43,0,https://www.polln.com/faqs/can-i-travel-with-my-prescription-medications,0,0,0,0.01,193000000,"41, 0, 41, 41, 41, 41, 41, 52, 41, 41, 41, 41",2026-04-29 08:19:22,"Video, Image, People also ask, Related searches, Discussions and forums, AI overview",informational,Organic
travel with prescription meds,56,19,70,43,0,https://www.polln.com/faqs/can-i-travel-with-my-prescription-medications,0,0,0,0.01,193000000,"41, 0, 41, 41, 41, 41, 41, 52, 41, 41, 41, 41",2026-04-29 08:19:22,"Video, Image, People also ask, Related searches, Discussions and forums, AI overview",informational,Organic
dr berhane,50,50,110,16,0,https://www.polln.com/our-doctors,0,0,0,0.33,91,"50, 64, 78, 78, 78, 78, 78, 78, 78, 78, 78, 64",2026-03-23 13:02:31,"Knowledge panel, Image pack, Video, Related searches","informational, transactional",Organic
thc gummies australia prescription,28,28,260,39,0,https://www.polln.com/,0,0,0,0,235000,"29, 29, 43, 66, 81, 43, 43, 43, 29, 100, 81, 35",2026-03-31 12:12:35,"Video, People also ask, Related searches, Discussions and forums, AI overview",informational,Organic
over the phone prescription,36,36,70,50,3.79,https://www.polln.com/,0,0,0,0.87,204000000,"27, 63, 63, 36, 45, 63, 63, 100, 81, 63, 63, 9",2026-03-25 05:14:26,"Video, Related searches, AI overview",informational,Organic
functional medicine sydney,39,39,480,28,1.22,https://www.polln.com/,0,0,0,0.32,0,"100, 23, 66, 29, 54, 19, 81, 100, 81, 81, 81, 81",2026-03-18 02:10:08,"Local pack, Related searches",commercial,Organic
functional medicine sydney,40,39,480,28,1.22,https://www.polln.com/,0,0,0,0.32,0,"100, 23, 66, 29, 54, 19, 81, 100, 81, 81, 81, 81",2026-03-18 02:10:08,"Local pack, Related searches",commercial,Organic
dispense australia,94,94,210,37,6.25,https://www.polln.com/,0,0,0,0.81,26900000,"16, 13, 13, 7, 2, 5, 3, 3, 13, 11, 25, 11",2026-03-23 03:52:03,"Sitelinks, Video, Related searches",commercial,Organic
can you claim medication on private health insurance,56,0,50,7,0,https://www.polln.com/faqs/can-i-claim-polln-medication-or-services-on-my-private-health-insurance,0,0,0,0.01,227000000,"55, 33, 44, 44, 44, 33, 77, 77, 77, 55, 55, 55",2026-04-13 09:08:21,"Related searches, Discussions and forums, AI overview",informational,Organic
cbd oi,12,0,90,71,17.83,https://www.polln.com/library/cbd-oil-explained,0,0,0,0.66,291000000,"2, 4, 2, 54, 35, 14, 18, 10, 4, 8, 66, 8",2026-04-02 03:56:08,"Local pack, Video, Related searches, Discussions and forums, AI overview",informational,Organic
cbd oi,45,0,90,71,17.83,https://www.polln.com/library/cbd-oil-explained,0,0,0,0.66,291000000,"2, 4, 2, 54, 35, 14, 18, 10, 4, 8, 66, 8",2026-04-02 03:56:08,"Local pack, Video, Related searches, Discussions and forums, AI overview",informational,Organic
cannabis doctors melbourne,21,0,50,39,0,https://www.polln.com/,0,0,0,0,673000,"18, 36, 27, 36, 27, 27, 81, 63, 45, 45, 63, 63",2026-04-13 08:54:43,"Local pack, Video, Image, People also ask, Related searches, Discussions and forums",commercial,Organic
cannabis doctors melbourne,45,0,50,39,0,https://www.polln.com/locations/melbourne,0,0,0,0,673000,"18, 36, 27, 36, 27, 27, 81, 63, 45, 45, 63, 63",2026-04-13 08:54:43,"Local pack, Video, Image, People also ask, Related searches, Discussions and forums",commercial,Organic
tasmanian cannabis doctors,38,38,70,19,0,https://www.polln.com/locations/hobart,0,0,0,0,0,"45, 63, 45, 36, 100, 18, 100, 100, 18, 100, 100, 81",2026-03-12 23:21:08,"Knowledge panel, Video, Featured snippet, Related searches",informational,Organic
medical cannabis australia,78,0,1600,65,0,https://www.polln.com/library/getting-access-to-prescription-natural-medicine-in-australia,0,0,0,0,34000000,"53, 29, 24, 18, 24, 29, 29, 24, 18, 24, 44, 35",2026-04-26 15:25:22,"Local pack, Video, Image, People also ask, Related searches, Discussions and forums, AI overview",informational,Organic
how long does cannabis stay in your system urine test,15,15,140,60,0,https://www.polln.com/library/how-long-does-cannabis-stay-in-your-system,0,0,0,0,148,"14, 10, 10, 14, 10, 6, 14, 43, 100, 66, 18, 14",2026-03-20 22:01:07,"Sitelinks, Video, People also ask, Short videos, AI overview",informational,Organic
medical cannabinoids doctor,47,47,40,15,115.11,https://www.polln.com/practitioners/dr-joel-wren,0,0,0,0.06,151,"100, 80, 0, 0, 0, 0, 0, 3, 0, 0, 0, 0",2026-03-19 17:52:57,"Local pack, Video, Related searches",commercial,Organic
medical cannabinoids doctor,66,66,40,15,115.11,https://www.polln.com/locations/brisbane,0,0,0,0.06,151,"100, 80, 0, 0, 0, 0, 0, 3, 0, 0, 0, 0",2026-03-19 17:52:57,"Local pack, Video, Related searches",commercial,Organic
medical cannabinoids doctor,73,73,40,15,115.11,https://www.polln.com/locations/sydney,0,0,0,0.06,151,"100, 80, 0, 0, 0, 0, 0, 3, 0, 0, 0, 0",2026-03-19 17:52:57,"Local pack, Video, Related searches",commercial,Organic
medical cannabinoids doctor,97,66,40,15,115.11,https://www.polln.com/locations/brisbane,0,0,0,0.06,151,"100, 80, 0, 0, 0, 0, 0, 3, 0, 0, 0, 0",2026-03-19 17:52:57,"Local pack, Video, Related searches",commercial,Organic
sativa strain,13,13,70,43,0,https://www.polln.com/library/sativa-vs-indica-vs-hybrid-cannabis-what-to-expect,0,0,0,0,29400000,"52, 41, 41, 41, 52, 100, 23, 17, 23, 82, 29, 11",2026-03-21 13:37:08,"Image pack, Sitelinks, Video, People also ask, Related searches, Discussions and forums, AI overview",informational,Organic
sativa strain,18,13,70,43,0,https://www.polln.com/library/sativa-vs-indica-vs-hybrid-cannabis-what-to-expect,0,0,0,0,29400000,"52, 41, 41, 41, 52, 100, 23, 17, 23, 82, 29, 11",2026-03-21 13:37:08,"Image pack, Sitelinks, Video, People also ask, Related searches, Discussions and forums, AI overview",informational,Organic
prescribed cannabis,93,0,140,54,69.75,https://www.polln.com/,0,0,0,0.06,36800000,"43, 28, 35, 35, 35, 35, 43, 43, 35, 43, 35, 28",2026-04-22 21:57:39,"Video, Video Carousel, People also ask, Related searches, Discussions and forums, AI overview",informational,Organic
medicinal marijuanas perth,8,55,140,51,0,https://www.polln.com/locations/perth,0,0,0,0,272000,"29, 23, 7, 10, 67, 29, 10, 7, 2, 5, 2, 12",2026-04-21 16:02:02,"Local pack, Video, People also ask, Related searches, Discussions and forums, AI overview",informational,Organic
how long cannabis in system,31,26,90,61,0,https://www.polln.com/library/how-long-does-cannabis-stay-in-your-system,0,0,0,0,110000000,"78, 50, 64, 64, 50, 50, 50, 50, 35, 50, 100, 50",2026-04-24 18:06:41,"Image pack, Video, People also ask, Discussions and forums, AI overview",informational,Organic
marijuana in urine,35,35,110,62,0,https://www.polln.com/library/how-long-does-cannabis-stay-in-your-system,0,0,0,0,0,"23, 23, 23, 23, 23, 23, 23, 18, 1, 3, 1, 1",2026-03-07 15:15:55,"Video, Image, Video Carousel, Related searches, Discussions and forums, AI overview",informational,Organic
top health,23,23,390,42,2.03,https://www.polln.com/,0,0,0,0.07,5480000000,"54, 66, 66, 66, 81, 66, 100, 100, 81, 100, 66, 81",2026-03-25 22:03:59,"Local pack, Sitelinks, Video, People also ask, Related searches",navigational,Organic
top health,50,23,390,42,2.03,https://www.polln.com/,0,0,0,0.07,5480000000,"54, 66, 66, 66, 81, 66, 100, 100, 81, 100, 66, 81",2026-03-25 22:03:59,"Local pack, Sitelinks, Video, People also ask, Related searches",navigational,Organic
medicinal marijuanas nsw,63,43,480,58,0,https://www.polln.com/locations/sydney,0,0,0,0,136,"14, 26, 5, 11, 4, 48, 100, 88, 59, 48, 88, 88",2026-04-27 18:02:24,"Local pack, Video, Related searches, AI overview","commercial, informational",Organic
how long will a saliva test detect weed,77,77,50,39,0,https://www.polln.com/library/how-long-does-cannabis-stay-in-your-system,0,0,0,0.33,124,"18, 18, 100, 100, 100, 18, 18, 100, 100, 18, 18, 18",2026-03-18 07:09:41,"Sitelinks, Video, Related searches, AI overview",informational,Organic
how long does pot stay in your blood,27,0,260,61,0,https://www.polln.com/library/how-long-does-cannabis-stay-in-your-system,0,0,0,0,201000000,"81, 81, 53, 81, 100, 81, 65, 81, 81, 81, 65, 65",2026-04-28 00:34:15,"Sitelinks, People also ask, AI overview",informational,Organic
integrated medical doctors,58,58,170,49,1.16,https://www.polln.com/,0,0,0,0.29,0,"80, 100, 65, 80, 53, 65, 65, 34, 26, 53, 80, 65",2026-03-10 20:23:10,"Local pack, Video, Related searches",commercial,Organic
how long do scripts last in qld,17,0,50,11,0,https://www.polln.com/faqs/do-my-prescriptions-expire,0,0,0,0.33,2720000,"18, 18, 18, 18, 27, 36, 18, 18, 36, 81, 100, 100",2026-04-28 11:05:00,"Video, People also ask, Related searches, AI overview",informational,Organic
dr cousens,51,86,70,23,0,https://www.polln.com/our-doctors,0,0,0,0.09,98,"50, 35, 50, 50, 50, 50, 50, 64, 50, 50, 50, 50",2026-04-09 08:11:00,"Knowledge panel, Sitelinks, Video, Image, Video Carousel, People also ask, Related searches","informational, transactional",Organic
cbd oil online australia,44,0,50,33,0,https://www.polln.com/library/cbd-oil-explained,0,0,0,0,51200000,"1, 1, 1, 1, 2, 5, 12, 7, 7, 7, 7, 7",2026-04-26 20:12:01,"Local pack, Sitelinks, Video, People also ask, Related searches, Discussions and forums","commercial, informational",Organic
cbd oil online australia,78,0,50,33,0,https://www.polln.com/,0,0,0,0,51200000,"1, 1, 1, 1, 2, 5, 12, 7, 7, 7, 7, 7",2026-04-26 20:12:01,"Local pack, Sitelinks, Video, People also ask, Related searches, Discussions and forums","commercial, informational",Organic
how much does medical marijuanas cost in australia,13,13,140,34,25.86,https://www.polln.com/library/how-much-does-medicinal-cannabis-cost-in-australia,0,0,0,0.48,11700000,"3, 3, 3, 3, 4, 3, 4, 3, 3, 2, 1, 1",2026-03-14 00:52:03,"Sitelinks, Video, Related searches, AI overview",informational,Organic
integrative dr near me,34,34,210,45,1.17,https://www.polln.com/,0,0,0,0.55,48400000,"100, 81, 65, 100, 65, 53, 34, 100, 28, 34, 100, 65",2026-03-27 04:59:53,"Local pack, People also ask, Related searches",transactional,Organic
pharmacy perth cbd,94,0,90,40,0.31,https://www.polln.com/locations/perth,0,0,0,0.25,530000,"8, 6, 8, 5, 6, 5, 5, 6, 8, 8, 8, 6",2026-04-21 18:27:00,"Local pack, Sitelinks, Video, Image, Related searches",commercial,Organic
indica sativa difference,13,8,590,63,0,https://www.polln.com/library/sativa-vs-indica-vs-hybrid-cannabis-what-to-expect,0,0,0,0,6230000,"52, 20, 46, 37, 46, 37, 16, 16, 31, 11, 25, 25",2026-04-20 21:01:20,"Image pack, Sitelinks, Video, Image, Video Carousel, People also ask, Related searches, Short videos, Discussions and forums, AI overview",informational,Organic
buy medical marijuana,55,55,110,54,0,https://www.polln.com/locations/canberra,0,0,0,0,227,"23, 19, 19, 19, 19, 23, 66, 80, 80, 80, 100, 100",2026-03-29 22:27:53,"Knowledge panel, Video, People also ask, Related searches",transactional,Organic
functional medical doctor,93,93,260,49,0.99,https://www.polln.com/,0,0,0,0.3,1190000000,"82, 66, 100, 66, 53, 53, 43, 66, 66, 66, 43, 53",2026-03-25 20:15:18,"Local pack, Video, Related searches",informational,Organic
how to get medical marijuanas nsw,37,0,1300,35,42.21,https://www.polln.com/library/getting-access-to-prescription-natural-medicine-in-australia,0,0,0,0.82,127,"81, 81, 100, 62, 81, 62, 81, 81, 81, 81, 62, 55",2026-04-21 00:43:30,"Video, People also ask, Related searches, Discussions and forums, AI overview",informational,Organic
how to get medical marijuanas nsw,81,0,1300,35,42.21,https://www.polln.com/locations/sydney,0,0,0,0.82,127,"81, 81, 100, 62, 81, 62, 81, 81, 81, 81, 62, 55",2026-04-21 00:43:30,"Video, People also ask, Related searches, Discussions and forums, AI overview",informational,Organic
sativa and,35,12,320,82,0,https://www.polln.com/library/sativa-vs-indica-vs-hybrid-cannabis-what-to-expect,0,0,0,0,43300000,"88, 14, 32, 21, 39, 21, 17, 11, 26, 17, 48, 39",2026-04-16 22:24:56,"Knowledge panel, Sitelinks, Video, Video Carousel, People also ask, Related searches, Discussions and forums",informational,Organic
storz a n d bickel,19,19,590,21,0,https://shop.polln.com/collections/storz-and-bickel,0,0,0,0,2690000,"100, 81, 0, 0, 0, 0, 0, 0, 62, 62, 62, 62",2026-03-23 20:42:47,"Sitelinks, Video, Video Carousel, Related searches, See results about",navigational,Organic
effects of sativa,26,26,140,47,0,https://www.polln.com/library/sativa-vs-indica-vs-hybrid-cannabis-what-to-expect,0,0,0,0,148,"23, 100, 100, 66, 80, 52, 42, 66, 52, 52, 52, 52",2026-03-24 12:14:26,"Image pack, Sitelinks, Video, Video Carousel, AI overview",informational,Organic
indica sativa,12,0,140,70,0,https://www.polln.com/library/sativa-vs-indica-vs-hybrid-cannabis-what-to-expect,0,0,0,0,20700000,"43, 17, 43, 28, 23, 35, 43, 35, 35, 35, 43, 35",2026-04-07 19:53:37,"Knowledge panel, Video, Video Carousel, Related searches, Short videos, Discussions and forums",informational,Organic
dispensary perth,32,32,140,43,101.35,https://www.polln.com/locations/perth,0,0,0,0.41,0,"66, 33, 66, 66, 66, 80, 80, 80, 100, 80, 66, 66",2026-03-18 21:59:26,"Local pack, Video, Image, Related searches",commercial,Organic
dispensary perth,45,45,140,43,101.35,https://www.polln.com/,0,0,0,0.41,0,"66, 33, 66, 66, 66, 80, 80, 80, 100, 80, 66, 66",2026-03-18 21:59:26,"Local pack, Video, Image, Related searches",commercial,Organic
how long does thc stay in urine,21,21,170,39,0,https://www.polln.com/library/how-long-does-cannabis-stay-in-your-system,0,0,0,0,131,"36, 19, 29, 23, 19, 23, 23, 23, 19, 19, 19, 15",2026-03-15 21:54:30,"Video, Discussions and forums, AI overview",informational,Organic
traveling with prescription medicine,50,33,70,39,0,https://www.polln.com/faqs/can-i-travel-with-my-prescription-medications,0,0,0,0.01,132,"63, 0, 63, 63, 63, 63, 63, 81, 63, 63, 63, 63",2026-04-18 09:44:31,"Video, Image, People also ask, Related searches, AI overview",informational,Organic
script online australia,42,42,320,53,4.4,https://www.polln.com/,0,0,0,0.9,135,"19, 19, 36, 29, 36, 29, 44, 44, 44, 54, 29, 36",2026-03-18 22:49:31,"Sitelinks, Video, Related searches","commercial, informational",Organic
cannabis how long in urine,33,22,70,62,0,https://www.polln.com/library/how-long-does-cannabis-stay-in-your-system,0,0,0,0,23100000,"77, 77, 100, 77, 77, 77, 55, 77, 55, 77, 100, 77",2026-04-21 01:41:04,"Sitelinks, Video, Image, Video Carousel, People also ask, Discussions and forums, AI overview",informational,Organic
medical cannabis telehealth,43,8,70,33,0,https://www.polln.com/,0,0,0,0.33,0,"100, 27, 18, 27, 100, 18, 18, 18, 100, 45, 100, 81",2026-03-08 22:46:34,"Video, Related searches, AI overview",informational,Organic
cbd flower australia,20,20,50,18,0,https://www.polln.com/,0,0,0,0,188,"15, 12, 6, 4, 9, 5, 6, 6, 4, 4, 4, 4",2026-03-23 08:13:32,"Sitelinks, Video",commercial,Organic
how long does weed stay in your system pee test,45,0,210,63,0,https://www.polln.com/library/how-long-does-cannabis-stay-in-your-system,0,0,0,0,33500000,"35, 14, 22, 29, 22, 29, 43, 54, 43, 66, 66, 66",2026-04-24 11:15:13,"Sitelinks, Video, People also ask, Short videos, AI overview",informational,Organic
sativa pot strains,31,31,210,42,0,https://www.polln.com/library/sativa-vs-indica-vs-hybrid-cannabis-what-to-expect,0,0,0,0,195,"53, 53, 43, 66, 66, 53, 43, 43, 53, 66, 43, 53",2026-03-20 20:05:05,"Video, People also ask, Related searches, AI overview","commercial, informational",Organic
taking medicines overseas,87,87,50,23,0,https://www.polln.com/faqs/can-i-travel-with-my-prescription-medications,0,0,0,0.02,137,"36, 27, 27, 81, 81, 36, 27, 45, 45, 36, 36, 27",2026-03-17 03:40:53,"Video, Related searches, AI overview",informational,Organic
how long weed system,29,0,90,61,0,https://www.polln.com/library/how-long-does-cannabis-stay-in-your-system,0,0,0,0,174000000,"64, 50, 50, 64, 50, 50, 50, 50, 35, 50, 100, 50",2026-04-24 11:07:03,"Video, Video Carousel, People also ask, AI overview",informational,Organic
cannihelp contact,25,0,40,13,6.24,https://www.polln.com/locations/perth,0,0,0,0.48,669,"18, 18, 18, 18, 100, 100, 100, 18, 18, 18, 18, 18",2026-04-04 21:58:19,"Knowledge panel, Related searches",navigational,Organic
prescription refills,33,37,40,39,3.09,https://www.polln.com/,0,0,0,0.81,24400000,"100, 28, 28, 71, 28, 57, 0, 71, 100, 42, 28, 42",2026-04-03 00:01:55,"Sitelinks, Video, Video Carousel, Related searches","commercial, informational",Organic
medicinal marijuanas qld,27,0,1000,61,58.29,https://www.polln.com/,0,0,0,0.74,308000,"25, 37, 68, 46, 25, 46, 100, 68, 52, 52, 52, 68",2026-04-03 00:49:45,"Local pack, Sitelinks, Video, Ads bottom, Related searches, AI overview",informational,Organic
medicinal marijuanas qld,38,0,1000,61,58.29,https://www.polln.com/,0,0,0,0.74,308000,"25, 37, 68, 46, 25, 46, 100, 68, 52, 52, 52, 68",2026-04-03 00:49:45,"Local pack, Sitelinks, Video, Ads bottom, Related searches, AI overview",informational,Organic
medicinal marijuanas qld,55,51,1000,61,58.29,https://www.polln.com/locations/brisbane,0,0,0,0.74,308000,"25, 37, 68, 46, 25, 46, 100, 68, 52, 52, 52, 68",2026-04-03 00:49:45,"Local pack, Sitelinks, Video, Ads bottom, Related searches, AI overview",informational,Organic
how long does cannabis stay in your urine,31,34,320,59,0,https://www.polln.com/library/how-long-does-cannabis-stay-in-your-system,0,0,0,0,128,"66, 23, 36, 36, 54, 36, 54, 44, 29, 36, 44, 36",2026-04-26 08:04:03,"Video, People also ask, Discussions and forums, AI overview",informational,Organic
marijuana blood test,90,0,140,49,0,https://www.polln.com/library/how-long-does-cannabis-stay-in-your-system,0,0,0,0,64400000,"29, 29, 29, 29, 29, 29, 29, 22, 29, 29, 29, 2",2026-04-24 14:12:47,"Sitelinks, Video, Image, People also ask, Related searches, AI overview",informational,Organic
medicinal vapes,1,0,140,30,0,https://www.polln.com/library/ultimate-guide-to-vaping-medicinal-cannabis,0,0,0,0,3190000,"4, 6, 6, 6, 6, 6, 4, 4, 100, 81, 66, 81",2026-04-11 12:04:08,"Image pack, Video, Related searches, AI overview",informational,AI overview
medical prescription,40,67,320,53,2.67,https://www.polln.com/,0,0,0,0.53,780000000,"23, 19, 15, 23, 100, 36, 36, 100, 23, 36, 19, 12",2026-04-07 20:04:08,"Image pack, Sitelinks, Video, Related searches, AI overview",informational,Organic
medical prescription,64,0,320,53,2.67,https://www.polln.com/locations/sydney,0,0,0,0.53,780000000,"23, 19, 15, 23, 100, 36, 36, 100, 23, 36, 19, 12",2026-04-07 20:04:08,"Image pack, Sitelinks, Video, Related searches, AI overview",informational,Organic
medicinal marijuanas gold coast,20,0,50,2,0,https://www.polln.com/locations/gold-coast,0,0,0,0,655000,"11, 11, 3, 3, 7, 7, 34, 34, 26, 19, 26, 34",2026-04-29 15:01:23,"Video, People also ask, Related searches",informational,Organic
medicinal marijuanas gold coast,32,0,50,2,0,https://www.polln.com/,0,0,0,0,655000,"11, 11, 3, 3, 7, 7, 34, 34, 26, 19, 26, 34",2026-04-29 15:01:23,"Video, People also ask, Related searches",informational,Organic
medicinal marijuanas gold coast,89,0,50,2,0,https://www.polln.com/practitioners/stephanie-grunberg,0,0,0,0,655000,"11, 11, 3, 3, 7, 7, 34, 34, 26, 19, 26, 34",2026-04-29 15:01:23,"Video, People also ask, Related searches",informational,Organic
prescription cannabis australia,12,41,50,57,63.21,https://www.polln.com/,0,0,0,0.5,7740000,"54, 2, 4, 4, 5, 4, 2, 4, 2, 2, 4, 4",2026-04-21 11:48:48,"Video, Video Carousel, People also ask, Related searches, Short videos, Discussions and forums, AI overview",informational,Organic
medical cannabinoids brisbane,29,6,320,45,0,https://www.polln.com/locations/brisbane,0,0,0,0.01,120000,"81, 44, 44, 66, 66, 54, 66, 54, 81, 44, 54, 35",2026-04-16 02:44:54,"Local pack, Video, Related searches",commercial,Organic
buy medical cannabis,27,0,70,55,0,https://www.polln.com/,0,0,0,0,25300000,"7, 7, 0, 0, 0, 7, 100, 100, 100, 78, 100, 100",2026-04-13 08:37:50,"Local pack, Video, Related searches",transactional,Organic
buy medical cannabis,31,0,70,55,0,https://www.polln.com/,0,0,0,0,25300000,"7, 7, 0, 0, 0, 7, 100, 100, 100, 78, 100, 100",2026-04-13 08:37:50,"Local pack, Video, Related searches",transactional,Organic
how to get medical marijuanas card qld online,17,0,260,44,55.68,https://www.polln.com/,0,0,0,0.81,54400,"43, 53, 100, 82, 66, 66, 66, 66, 35, 53, 53, 53",2026-04-03 06:09:44,"Video, Related searches, Discussions and forums, Ads middle, AI overview",informational,Organic
how to get medical marijuanas card qld online,29,41,260,44,55.68,https://www.polln.com/library/getting-access-to-prescription-natural-medicine-in-australia,0,0,0,0.81,54400,"43, 53, 100, 82, 66, 66, 66, 66, 35, 53, 53, 53",2026-04-03 06:09:44,"Video, Related searches, Discussions and forums, Ads middle, AI overview",informational,Organic
how to get medical marijuanas card qld online,53,60,260,44,55.68,https://www.polln.com/locations/brisbane,0,0,0,0.81,54400,"43, 53, 100, 82, 66, 66, 66, 66, 35, 53, 53, 53",2026-04-03 06:09:44,"Video, Related searches, Discussions and forums, Ads middle, AI overview",informational,Organic
how to get medical marijuanas card qld online,72,60,260,44,55.68,https://www.polln.com/locations/brisbane,0,0,0,0.81,54400,"43, 53, 100, 82, 66, 66, 66, 66, 35, 53, 53, 53",2026-04-03 06:09:44,"Video, Related searches, Discussions and forums, Ads middle, AI overview",informational,Organic
medical marijuanas brisbane cost,53,53,170,8,5.25,https://www.polln.com/,0,0,0,0.78,0,"28, 18, 18, 23, 28, 23, 44, 35, 35, 35, 54, 28",2026-03-07 05:56:50,"Related searches, AI overview",informational,Organic
how long does weed stay in your blood,11,18,260,65,0,https://www.polln.com/library/how-long-does-cannabis-stay-in-your-system,0,0,0,0,140,"82, 66, 66, 82, 66, 66, 66, 66, 53, 53, 53, 43",2026-04-02 09:52:34,"Video, People also ask, Discussions and forums, AI overview",informational,Organic
online medical marijuanas,1,0,390,50,74.47,https://www.polln.com/,0,0,0,0.06,222,"66, 54, 44, 66, 100, 81, 54, 44, 54, 36, 36, 29",2026-04-05 04:00:34,"Video, Related searches, AI overview",informational,AI overview
online medical marijuanas,58,0,390,50,74.47,https://www.polln.com/locations/sunshine-coast,0,0,0,0.06,222,"66, 54, 44, 66, 100, 81, 54, 44, 54, 36, 36, 29",2026-04-05 04:00:34,"Video, Related searches, AI overview",informational,Organic
online medical marijuanas,76,0,390,50,74.47,https://www.polln.com/locations/adelaide,0,0,0,0.06,222,"66, 54, 44, 66, 100, 81, 54, 44, 54, 36, 36, 29",2026-04-05 04:00:34,"Video, Related searches, AI overview",informational,Organic
how long can pot be detected in saliva,65,0,70,43,0,https://www.polln.com/library/how-long-does-cannabis-stay-in-your-system,0,0,0,0.33,1860000,"63, 63, 63, 63, 63, 45, 45, 63, 18, 18, 100, 100",2026-04-21 04:10:18,"Sitelinks, Video, People also ask, Related searches, AI overview",informational,Organic
pot terpenes,22,22,70,56,0,https://www.polln.com/library/everything-you-need-to-know-about-cannabis-terpenes,0,0,0,0.06,0,"0, 0, 0, 0, 0, 0, 64, 82, 100, 64, 82, 100",2026-03-17 10:09:23,"Video, Related searches, AI overview",informational,Organic
medicinal cannabis sunshine coast,11,11,50,4,0,https://www.polln.com/,0,0,0,0.33,129,"64, 50, 35, 50, 35, 50, 35, 35, 14, 14, 14, 14",2026-03-25 03:47:22,"Knowledge panel, Video, Related searches, AI overview",informational,Organic
how long does weed stay in ur syste,16,16,140,59,0,https://www.polln.com/library/how-long-does-cannabis-stay-in-your-system,0,0,0,0,121,"0, 0, 0, 0, 0, 0, 0, 100, 0, 0, 0, 0",2026-03-16 03:39:59,"Video, AI overview",informational,Organic
how long a prescription is valid,79,0,110,16,0,https://www.polln.com/faqs/do-my-prescriptions-expire,0,0,0,0,186000000,"100, 50, 64, 64, 78, 64, 78, 100, 64, 78, 78, 64",2026-04-09 21:20:08,"Sitelinks, Image, Related searches, AI overview",informational,Organic
alternative medicine in australia,16,16,40,28,44.75,https://www.polln.com/,0,0,0,0.79,0,"14, 35, 14, 14, 100, 14, 64, 50, 14, 14, 14, 14",2026-03-14 05:40:28,"Video, Related searches, AI overview",informational,Organic
cannabis dispensary brisbane,18,15,170,33,0,https://www.polln.com/locations/brisbane,0,0,0,0,45600,"100, 66, 100, 80, 80, 66, 80, 66, 66, 66, 80, 66",2026-03-31 14:27:29,"Knowledge panel, Video, Image, People also ask, Related searches, Discussions and forums, AI overview",informational,Organic
cannabis dispensary brisbane,22,15,170,33,0,https://www.polln.com/locations/brisbane,0,0,0,0,45600,"100, 66, 100, 80, 80, 66, 80, 66, 66, 66, 80, 66",2026-03-31 14:27:29,"Knowledge panel, Video, Image, People also ask, Related searches, Discussions and forums, AI overview",informational,Organic
thc online,30,33,70,46,0,https://www.polln.com/,0,0,0,0,152,"21, 28, 50, 28, 50, 35, 78, 100, 78, 64, 35, 14",2026-04-07 17:47:18,"Sitelinks, Video","commercial, informational",Organic
alternative therapy medication online,1,0,50,48,0,https://www.polln.com/,0,0,0,0,104,"42, 100, 57, 57, 57",2026-04-13 03:05:42,"Video, People also ask, Related searches, AI overview","commercial, informational",AI overview
how long does cannabis stay in system for drug test,23,0,70,,0,https://www.polln.com/library/how-long-does-cannabis-stay-in-your-system,0,0,0,0,25300000,"9, 9, 9, 52, 9, 9, 52, 52, 100, 52, 33, 33",2026-04-12 03:15:25,"Sitelinks, Video, People also ask, AI overview",informational,Organic
cbd medication,20,20,70,72,10.71,https://www.polln.com/,0,0,0,0.23,203000000,"100, 50, 64, 78, 78, 64, 50, 64, 28, 28, 21, 14",2026-03-18 13:59:04,"Image, Related searches, Discussions and forums, AI overview",informational,Organic
cbd medication,33,20,70,72,10.71,https://www.polln.com/,0,0,0,0.23,203000000,"100, 50, 64, 78, 78, 64, 50, 64, 28, 28, 21, 14",2026-03-18 13:59:04,"Image, Related searches, Discussions and forums, AI overview",informational,Organic
how long does thc stay in your blood for,1,1,210,53,0,https://www.polln.com/library/how-long-does-cannabis-stay-in-your-system,0,0,0,0,0,"29, 23, 36, 54, 44, 81, 15, 1, 0, 0, 1, 19",2026-03-13 06:55:11,"Video, Related searches, Discussions and forums, AI overview",informational,AI overview
how long does thc stay in your blood for,18,18,210,53,0,https://www.polln.com/library/how-long-does-cannabis-stay-in-your-system,0,0,0,0,0,"29, 23, 36, 54, 44, 81, 15, 1, 0, 0, 1, 19",2026-03-13 06:55:11,"Video, Related searches, Discussions and forums, AI overview",informational,Organic
can you drive with medical marijuanas victoria,14,14,110,24,41.72,https://www.polln.com/library/medicinal-cannabis-and-driving-what-you-need-to-know-as-a-patient-in-australia,0,0,0,0.15,0,"14, 78, 78, 78, 78, 100, 100, 78, 78, 100, 100, 50",2026-03-09 20:34:07,"Sitelinks, Video, Video Carousel, Related searches, Discussions and forums, AI overview",informational,Organic
how long does weed stay in system after one night,16,16,90,62,0,https://www.polln.com/library/how-long-does-cannabis-stay-in-your-system,0,0,0,0.33,182000000,"29, 29, 29, 64, 64, 29, 64, 64, 52, 52, 64, 100",2026-03-21 16:13:00,"Sitelinks, Video, People also ask, Related searches, Discussions and forums, AI overview",informational,Organic
stores and bickel,31,26,480,36,0,https://shop.polln.com/collections/storz-and-bickel,0,0,0,0,183,"100, 32, 88, 17, 88, 39, 32, 26, 39, 39, 17, 21",2026-04-22 20:37:57,"Sitelinks, Video, People also ask, Related searches",navigational,Organic
natural pharmacy,14,14,140,57,2.46,https://www.polln.com/,0,0,0,0.38,364000000,"100, 66, 66, 66, 80, 66, 80, 66, 52, 52, 52, 42",2026-03-09 03:37:15,"Local pack, Sitelinks, Video, Image, Related searches",commercial,Organic
natural pharmacy,30,14,140,57,2.46,https://www.polln.com/,0,0,0,0.38,364000000,"100, 66, 66, 66, 80, 66, 80, 66, 52, 52, 52, 42",2026-03-09 03:37:15,"Local pack, Sitelinks, Video, Image, Related searches",commercial,Organic
cannabis dispensary gold coast,31,28,70,5,0,https://www.polln.com/,0,0,0,0,916000,"55, 44, 77, 55, 77, 77, 100, 100, 100, 100, 77, 77",2026-04-03 04:56:41,"Knowledge panel, Video, Image, Related searches, Discussions and forums, AI overview",informational,Organic
cannabis dispensary gold coast,52,28,70,5,0,https://www.polln.com/,0,0,0,0,916000,"55, 44, 77, 55, 77, 77, 100, 100, 100, 100, 77, 77",2026-04-03 04:56:41,"Knowledge panel, Video, Image, Related searches, Discussions and forums, AI overview",informational,Organic
how long does thc stay in your system,17,18,210,56,0,https://www.polln.com/library/how-long-does-cannabis-stay-in-your-system,0,0,0,0,43400000,"81, 65, 65, 65, 81, 53, 65, 65, 65, 53, 65, 65",2026-04-03 22:45:02,"Sitelinks, Video, People also ask, Discussions and forums, AI overview",informational,Organic
how long does marajawana taoe to clear from your urine,30,0,50,57,0,https://www.polln.com/library/how-long-does-cannabis-stay-in-your-system,0,0,0,0,69300000,"57, 100",2026-04-28 11:25:32,"Video, People also ask, Related searches, Discussions and forums, AI overview",informational,Organic
how long does marinol stay in your blood,37,0,90,11,0,https://www.polln.com/library/how-long-does-cannabis-stay-in-your-system,0,0,0,0,21500,"43, 0, 0, 43, 43, 43, 0, 34, 43, 43, 43, 0",2026-04-24 11:19:51,"Sitelinks, People also ask, Related searches, Discussions and forums, AI overview",informational,Organic
mighty medic,41,0,1000,23,0,https://shop.polln.com/products/mighty-medic-1,0,0,0,0,1830000,"54, 41, 54, 30, 41, 41, 54, 54, 41, 41, 41, 41",2026-04-21 13:40:56,"Sitelinks, Video, People also ask, Related searches",informational,Organic
perth dispensary,57,57,50,49,3.63,https://www.polln.com/,0,0,0,0.23,0,"9, 36, 45, 27, 63, 27, 63, 100, 100, 45, 27, 18",2026-03-19 04:01:17,"Local pack, Video, Image, Related searches",commercial,Organic
how long does weed last in the system,43,75,70,59,0,https://www.polln.com/library/how-long-does-cannabis-stay-in-your-system,0,0,0,0,179000000,"81, 63, 45, 63, 45, 63, 45, 63, 63, 63, 63, 63",2026-04-21 04:08:11,"Video, People also ask, Related searches, Discussions and forums, AI overview",informational,Organic
indica effects vs sativa effects,41,0,110,66,0,https://www.polln.com/library/sativa-vs-indica-vs-hybrid-cannabis-what-to-expect,0,0,0,0,12100000,"41, 64, 52, 64, 64, 52, 64, 52, 64, 64, 82, 100",2026-04-24 15:05:55,"Image pack, Sitelinks, Video, People also ask, Related searches, Discussions and forums, AI overview","commercial, informational",Organic
medical thc vape australia,1,1,50,38,0,https://www.polln.com/library/ultimate-guide-to-vaping-medicinal-cannabis,0,0,0,0,214,"52, 29, 0, 0, 5, 11, 41, 23, 82, 41, 41, 41",2026-03-27 12:44:32,"Sitelinks, Video, Related searches, AI overview",informational,AI overview
medical thc vape australia,53,53,50,38,0,https://www.polln.com/,0,0,0,0,214,"52, 29, 0, 0, 5, 11, 41, 23, 82, 41, 41, 41",2026-03-27 12:44:32,"Sitelinks, Video, Related searches, AI overview",informational,Organic
how long does weed stay in your system for,42,17,2400,61,0,https://www.polln.com/library/how-long-does-cannabis-stay-in-your-system,0,0,0,0,166000000,"24, 18, 18, 24, 29, 24, 29, 53, 44, 81, 100, 100",2026-04-29 13:30:34,"Video, People also ask, Related searches, Discussions and forums, AI overview",informational,Organic
how long after smoking weed can i drive,79,79,210,26,3.32,https://www.polln.com/library/medicinal-cannabis-and-driving-what-you-need-to-know-as-a-patient-in-australia,0,0,0,0.01,106000000,"54, 43, 54, 66, 54, 54, 43, 43, 35, 43, 54, 54",2026-03-23 01:08:46,"Sitelinks, Related searches, Discussions and forums, AI overview",informational,Organic
how long does weed show up in a drug test,20,20,50,57,0,https://www.polln.com/library/how-long-does-cannabis-stay-in-your-system,0,0,0,0.33,0,"100, 18, 100, 100, 100, 18, 18, 18, 18, 18, 18, 18",2026-03-10 05:51:42,"Sitelinks, Video, Related searches, AI overview",informational,Organic
where to get medical cannabis,7,7,90,53,27.41,https://www.polln.com/,0,0,0,0.28,0,"50, 78, 78, 78, 100, 64, 64, 64, 50, 50, 50, 50",2026-03-11 21:40:45,"Local pack, Video, Related searches, Discussions and forums, AI overview",transactional,Organic
where to get medical cannabis,66,66,90,53,27.41,https://www.polln.com/locations/adelaide,0,0,0,0.28,0,"50, 78, 78, 78, 100, 64, 64, 64, 50, 50, 50, 50",2026-03-11 21:40:45,"Local pack, Video, Related searches, Discussions and forums, AI overview",transactional,Organic
can i take medicine on a plane,62,62,70,25,0,https://www.polln.com/faqs/can-i-travel-with-my-prescription-medications,0,0,0,0,0,"100, 18, 18, 100, 18, 100, 100, 36, 63, 100, 63, 63",2026-03-06 05:14:22,"Video, Related searches, AI overview",informational,Organic
can i take medicine on a plane,75,62,70,25,0,https://www.polln.com/faqs/can-i-travel-with-my-prescription-medications,0,0,0,0,0,"100, 18, 18, 100, 18, 100, 100, 36, 63, 100, 63, 63",2026-03-06 05:14:22,"Video, Related searches, AI overview",informational,Organic
medical marijuanas brisbane,30,19,720,53,66.04,https://www.polln.com/locations/brisbane,0,0,0,0.7,558000,"46, 31, 31, 52, 68, 46, 46, 31, 37, 31, 13, 46",2026-04-19 12:44:17,"Local pack, Video, Ads top, Related searches, Discussions and forums, Ads middle",commercial,Organic
thc gummies ship to australia,24,0,210,22,0,https://www.polln.com/,0,0,0,0,1820000,"21, 28, 53, 53, 100, 81, 53, 65, 53, 65, 100, 100",2026-04-02 04:05:18,"Sitelinks, Video, Related searches",informational,Organic
weed in melbourne,46,37,210,40,0,https://www.polln.com/locations/melbourne,0,0,0,0,14200000,"53, 53, 53, 53, 66, 43, 66, 66, 53, 43, 66, 53",2026-04-07 21:35:19,"Sitelinks, Video, Related searches, Discussions and forums, AI overview",informational,Organic
alternative medicine sydney,34,37,90,32,15.92,https://www.polln.com/locations/sydney,0,0,0,0.76,54700000,"29, 17, 29, 29, 29, 29, 82, 82, 82, 64, 100, 64",2026-04-05 02:13:50,"Local pack, Video, Related searches",commercial,Organic
how long is weed in your system,13,13,170,56,0,https://www.polln.com/library/how-long-does-cannabis-stay-in-your-system,0,0,0,0,173000000,"35, 22, 22, 29, 35, 35, 35, 35, 29, 43, 43, 43",2026-03-27 01:21:29,"Image pack, Video, Related searches, Discussions and forums, AI overview",informational,Organic
cannabis delivery australia,35,0,50,56,0,https://www.polln.com/,0,0,0,0,205,"14, 28, 21, 7, 14, 14, 28, 21, 21, 78, 78, 100",2026-04-26 18:37:12,"Local pack, Video, Image, People also ask, Related searches, Discussions and forums",commercial,Organic
natures medicine,42,0,40,28,22.14,https://www.polln.com/locations/melbourne,0,0,0,0.62,14100000,"2, 0, 0, 0, 54, 2, 0, 0, 0, 0, 54, 0",2026-04-15 10:15:38,"Image pack, Video, People also ask, Related searches, AI overview",informational,Organic
natures medicine,62,0,40,28,22.14,https://www.polln.com/locations/perth,0,0,0,0.62,14100000,"2, 0, 0, 0, 54, 2, 0, 0, 0, 0, 54, 0",2026-04-15 10:15:38,"Image pack, Video, People also ask, Related searches, AI overview",informational,Organic
can you travel with medical marijuanas internationally,9,9,90,15,0,https://www.polln.com/library/travelling-as-a-medicinal-cannabis-patient-in-australia-what-you-need-to-know,0,0,0,0,123,"64, 100, 64, 41, 52, 41, 64, 64, 41, 41, 41, 29",2026-03-07 16:24:42,"Video, Related searches, Discussions and forums, AI overview",informational,Organic
can you travel with medical marijuanas internationally,42,42,90,15,0,https://www.polln.com/faqs/can-i-travel-with-my-prescription-medications,0,0,0,0,123,"64, 100, 64, 41, 52, 41, 64, 64, 41, 41, 41, 29",2026-03-07 16:24:42,"Video, Related searches, Discussions and forums, AI overview",informational,Organic
can you travel with medical marijuanas internationally,83,42,90,15,0,https://www.polln.com/faqs/can-i-travel-with-my-prescription-medications,0,0,0,0,123,"64, 100, 64, 41, 52, 41, 64, 64, 41, 41, 41, 29",2026-03-07 16:24:42,"Video, Related searches, Discussions and forums, AI overview",informational,Organic
cannabis stays in system for how long,17,17,70,55,0,https://www.polln.com/library/how-long-does-cannabis-stay-in-your-system,0,0,0,0.33,139,"64, 50, 50, 50, 50, 35, 35, 50, 35, 35, 50, 14",2026-03-13 05:57:05,"Video, Video Carousel, AI overview",informational,Organic
cannabis stays in system for how long,23,17,70,55,0,https://www.polln.com/library/how-long-does-cannabis-stay-in-your-system,0,0,0,0.33,139,"64, 50, 50, 50, 50, 35, 35, 50, 35, 35, 50, 14",2026-03-13 05:57:05,"Video, Video Carousel, AI overview",informational,Organic
can you take prescription medication on a plane,50,0,70,35,0,https://www.polln.com/faqs/can-i-travel-with-my-prescription-medications,0,0,0,0,28700000,"63, 63, 63, 63, 81, 63, 63, 81, 63, 63, 63, 63",2026-04-03 23:55:25,"Video, Related searches, AI overview",informational,Organic
how long does marajuana,14,14,90,60,0,https://www.polln.com/library/how-long-does-cannabis-stay-in-your-system,0,0,0,0,0,"28, 28, 50, 64, 50, 64, 78, 78, 50, 100, 50, 50",2026-03-06 11:10:51,"Video, AI overview",informational,Organic
medical scripts online,57,57,210,48,3.26,https://www.polln.com/,0,0,0,0.81,140,"35, 22, 35, 35, 35, 29, 54, 100, 100, 29, 29, 43",2026-03-10 23:50:25,"Video, Related searches","commercial, informational",Organic
medical scripts online,67,57,210,48,3.26,https://www.polln.com/,0,0,0,0.81,140,"35, 22, 35, 35, 35, 29, 54, 100, 100, 29, 29, 43",2026-03-10 23:50:25,"Video, Related searches","commercial, informational",Organic
what is an indica,26,15,140,71,0,https://www.polln.com/library/sativa-vs-indica-vs-hybrid-cannabis-what-to-expect,0,0,0,0,221000000,"100, 21, 28, 43, 34, 34, 28, 43, 43, 34, 34, 43",2026-04-20 16:55:57,"Image pack, Video, Video Carousel, People also ask, Related searches, Short videos, AI overview",informational,Organic
how long do thc stay in your saliva,34,0,90,44,0,https://www.polln.com/library/how-long-does-cannabis-stay-in-your-system,0,0,0,0,803000,"50, 50, 50, 64, 64, 64, 50, 64, 50, 50, 78, 100",2026-04-24 18:12:19,"Video, People also ask, Related searches, Discussions and forums, AI overview",informational,Organic
get the contraceptive pill online,85,62,70,4,2.87,https://www.polln.com/,0,0,0,0.88,195,"77, 77, 77, 77, 100, 77, 77, 100, 77, 11, 77, 77",2026-04-02 07:20:39,"Sitelinks, Video, Image, Related searches",transactional,Organic
how much should weed cost,1,0,210,10,0,https://www.polln.com/library/how-much-does-medicinal-cannabis-cost-in-australia,0,0,0,0.01,146000000,"80, 80, 42, 100, 100, 80, 42, 80, 80, 65, 80, 65",2026-04-24 14:23:46,"Sitelinks, Video, People also ask, Discussions and forums, AI overview",informational,AI overview
prescription for weed,87,0,90,47,55.11,https://www.polln.com/,0,0,0,0.22,415000000,"0, 0, 0, 100, 12, 3, 1, 1, 1, 1, 1, 1",2026-04-26 07:44:01,"Video, People also ask, Related searches, Discussions and forums, Ads middle, AI overview",informational,Organic
how long does marijuana stay in your system,21,65,390,60,0,https://www.polln.com/library/how-long-does-cannabis-stay-in-your-system,0,0,0,0,62400000,"20, 13, 16, 16, 16, 16, 16, 16, 16, 16, 52, 16",2026-04-10 12:57:47,"Video, Short videos, Discussions and forums, AI overview",informational,Organic
medical marijuana queensland,60,0,70,50,0,https://www.polln.com/locations/brisbane,0,0,0,0,715000,"0, 0, 0, 5, 0, 0, 52, 64, 82, 64, 82, 100",2026-04-14 22:03:59,"Video, Image, Related searches, Discussions and forums, AI overview",informational,Organic
weed melbourne,24,0,320,47,0,https://www.polln.com/locations/melbourne,0,0,0,0,119,"29, 36, 44, 44, 36, 44, 44, 44, 44, 54, 44, 54",2026-04-01 16:02:54,"Video, Video Carousel, Related searches, AI overview",informational,Organic
weed melbourne,30,0,320,47,0,https://www.polln.com/locations/melbourne,0,0,0,0,119,"29, 36, 44, 44, 36, 44, 44, 44, 44, 54, 44, 54",2026-04-01 16:02:54,"Video, Video Carousel, Related searches, AI overview",informational,Organic
weed melbourne,34,33,320,47,0,https://www.polln.com/,0,0,0,0,119,"29, 36, 44, 44, 36, 44, 44, 44, 44, 54, 44, 54",2026-04-01 16:02:54,"Video, Video Carousel, Related searches, AI overview",informational,Organic
weed in urine how long,32,20,70,63,0,https://www.polln.com/library/how-long-does-cannabis-stay-in-your-system,0,0,0,0,6110000,"81, 63, 100, 63, 63, 81, 45, 63, 45, 63, 81, 63",2026-04-20 13:42:17,"Video, Image, People also ask, Short videos, Discussions and forums, AI overview",informational,Organic
weed in urine how long,67,20,70,63,0,https://www.polln.com/library/how-long-does-cannabis-stay-in-your-system,0,0,0,0,6110000,"81, 63, 100, 63, 63, 81, 45, 63, 45, 63, 81, 63",2026-04-20 13:42:17,"Video, Image, People also ask, Short videos, Discussions and forums, AI overview",informational,Organic
weed in urine how long,73,20,70,63,0,https://www.polln.com/library/how-long-does-cannabis-stay-in-your-system,0,0,0,0,6110000,"81, 63, 100, 63, 63, 81, 45, 63, 45, 63, 81, 63",2026-04-20 13:42:17,"Video, Image, People also ask, Short videos, Discussions and forums, AI overview",informational,Organic
medical cannibus,74,0,90,72,0,https://www.polln.com/,0,0,0,0,111000000,"2, 10, 10, 10, 43, 17, 28, 35, 12, 12, 17, 82",2026-04-25 07:33:44,"Top stories, Video, People also ask, Related searches, Discussions and forums, AI overview",informational,Organic
medical marijuanas nsw dispensary,13,20,210,44,0,https://www.polln.com/,0,0,0,0,33700,"21, 65, 43, 65, 65, 65, 100, 81, 81, 81, 81, 53",2026-04-04 13:23:01,"Local pack, Video, Image, Ads bottom, Related searches",navigational,Organic
medical marijuanas nsw dispensary,96,80,210,44,0,https://www.polln.com/locations/sydney,0,0,0,0,33700,"21, 65, 43, 65, 65, 65, 100, 81, 81, 81, 81, 53",2026-04-04 13:23:01,"Local pack, Video, Image, Ads bottom, Related searches",navigational,Organic
medical marijuanas nsw online,89,91,590,39,0,https://www.polln.com/locations/sydney,0,0,0,0,483000,"76, 36, 45, 55, 67, 67, 67, 55, 36, 36, 30, 24",2026-04-24 21:44:16,"Video, People also ask, Related searches, Ads middle, AI overview",informational,Organic
lullaby health,45,0,90,22,0,https://www.polln.com/our-doctors,0,0,0,0.02,19100000,"64, 64, 50, 50, 78, 50, 78, 50, 50, 50, 50, 50",2026-04-04 16:44:11,"Knowledge panel, Sitelinks, Video, Related searches",navigational,Organic
lullaby health,54,0,90,22,0,https://www.polln.com/our-doctors,0,0,0,0.02,19100000,"64, 64, 50, 50, 78, 50, 78, 50, 50, 50, 50, 50",2026-04-04 16:44:11,"Knowledge panel, Sitelinks, Video, Related searches",navigational,Organic
my life my health,59,0,480,26,2.18,https://www.polln.com/locations/perth,0,0,0,0.02,3690000000,"31, 16, 31, 31, 16, 31, 31, 37, 25, 31, 25, 25",2026-04-19 02:00:57,"Local pack, Sitelinks, Video, Related searches",navigational,Organic
medical cannabis pharmacy brisbane,22,0,50,23,0,https://www.polln.com/locations/brisbane,0,0,0,0.33,190000,"14, 14, 14, 14, 14, 14, 64, 78, 64, 50, 64, 50",2026-04-14 22:08:04,"Local pack, Sitelinks, Video, Related searches",commercial,Organic
medical marijuana western australia,33,0,70,36,0,https://www.polln.com/locations/perth,0,0,0,0,138,"4, 14, 4, 9, 9, 9, 52, 66, 52, 52, 66, 100",2026-04-12 05:26:22,"Sitelinks, Video, Image, Related searches, Discussions and forums, AI overview",informational,Organic
dispensary gold coast,28,52,90,24,51.7,https://www.polln.com/locations/gold-coast,0,0,0,0.62,95,"63, 63, 100, 63, 81, 63, 63, 63, 63, 81, 81, 81",2026-04-19 15:58:26,"Local pack, Video, Image, Related searches",commercial,Organic
dispensary gold coast,84,52,90,24,51.7,https://www.polln.com/locations/gold-coast,0,0,0,0.62,95,"63, 63, 100, 63, 81, 63, 63, 63, 63, 81, 81, 81",2026-04-19 15:58:26,"Local pack, Video, Image, Related searches",commercial,Organic
how long does cannabis stay in your system,33,16,720,39,0,https://www.polln.com/library/how-long-does-cannabis-stay-in-your-system,0,0,0,0,98400000,"100, 45, 45, 45, 45, 45, 67, 55, 76, 67, 76, 67",2026-04-18 02:50:32,"Sitelinks, Video, People also ask, Discussions and forums, AI overview",informational,Organic
cheapest medical marijuanas australia,8,0,50,13,7.47,https://www.polln.com/library/how-much-does-medicinal-cannabis-cost-in-australia,0,0,0,0.73,8920000,"18, 27, 18, 36, 81, 100, 63, 81, 45, 45, 63, 45",2026-04-26 13:52:04,"Sitelinks, Video, People also ask, Related searches, Discussions and forums, AI overview",informational,Organic
cheapest medical marijuanas australia,56,0,50,13,7.47,https://www.polln.com/,0,0,0,0.73,8920000,"18, 27, 18, 36, 81, 100, 63, 81, 45, 45, 63, 45",2026-04-26 13:52:04,"Sitelinks, Video, People also ask, Related searches, Discussions and forums, AI overview",informational,Organic
dispensaries near me,35,77,210,32,0,https://www.polln.com/,0,0,0,0,85,"6, 4, 10, 6, 8, 13, 13, 100, 3, 2, 4, 4",2026-04-02 09:18:55,"Local pack, Video, Related searches",transactional,Organic
alternative medicine melbourne,45,38,110,50,55.03,https://www.polln.com/locations/melbourne,0,0,0,0.9,44700000,"19, 26, 19, 19, 34, 15, 53, 100, 65, 53, 42, 53",2026-04-24 19:50:28,"Local pack, People also ask, Related searches",commercial,Organic
medical mmj card,78,78,50,26,48.48,https://www.polln.com/locations/adelaide,0,0,0,0.18,0,"64, 78, 64, 100, 78, 64, 0, 0, 0, 14, 28, 0",2026-03-07 23:05:23,"Related searches, AI overview",informational,Organic
medical mmj card,84,78,50,26,48.48,https://www.polln.com/locations/adelaide,0,0,0,0.18,0,"64, 78, 64, 100, 78, 64, 0, 0, 0, 14, 28, 0",2026-03-07 23:05:23,"Related searches, AI overview",informational,Organic
doctor canna prices,29,48,70,14,5.31,https://www.polln.com/library/how-much-does-medicinal-cannabis-cost-in-australia,0,0,0,0.7,234000,"52, 42, 42, 33, 33, 33, 42, 33, 33, 42, 33, 23",2026-04-29 13:55:54,"Sitelinks, People also ask, Related searches, AI overview",informational,Organic
doctor canna prices,73,0,70,14,5.31,https://www.polln.com/locations/sydney,0,0,0,0.7,234000,"52, 42, 42, 33, 33, 33, 42, 33, 33, 42, 33, 23",2026-04-29 13:55:54,"Sitelinks, People also ask, Related searches, AI overview",informational,Organic
doctor canna prices,80,0,70,14,5.31,https://www.polln.com/locations/adelaide,0,0,0,0.7,234000,"52, 42, 42, 33, 33, 33, 42, 33, 33, 42, 33, 23",2026-04-29 13:55:54,"Sitelinks, People also ask, Related searches, AI overview",informational,Organic
doctor after hours,54,54,390,52,0,https://www.polln.com/,0,0,0,0,149,"36, 8, 13, 20, 10, 16, 20, 16, 16, 13, 13, 13",2026-03-19 01:12:00,"Sitelinks, Video, Image, Related searches, See results about, AI overview","informational, navigational",Organic
purchase medication online,58,58,140,50,3,https://www.polln.com/,0,0,0,0.76,0,"52, 42, 66, 52, 66, 66, 66, 80, 100, 100, 66, 66",2026-03-06 10:34:09,"Sitelinks, Video, Related searches",transactional,Organic
cannibis vape,19,0,110,48,0,https://www.polln.com/library/ultimate-guide-to-vaping-medicinal-cannabis,0,0,0,0,60700000,"3, 1, 3, 5, 5, 3, 5, 1, 100, 81, 0, 0",2026-04-11 10:54:44,"Video, Related searches",commercial,Organic
medical marijuanas online,91,91,70,43,74.47,https://www.polln.com/locations/brisbane,0,0,0,0.06,0,"15, 3, 21, 9, 6, 12, 21, 21, 21, 100, 21, 21",2026-03-19 04:04:07,Video,commercial,Organic
medical cannabis online australia,40,40,110,47,0,https://www.polln.com/locations/sydney,0,0,0,0,0,"33, 23, 33, 42, 33, 33, 80, 80, 80, 80, 100, 66",2026-03-19 05:54:15,"Video, Related searches",informational,Organic
medical marijuanas canberra,3,3,70,29,0,https://www.polln.com/locations/canberra,0,0,0,0,332000,"63, 63, 45, 63, 63, 9, 63, 81, 63, 63, 100, 63",2026-03-27 15:42:49,"Sitelinks, Video, Related searches, AI overview",informational,AI overview
medical marijuanas canberra,19,19,70,29,0,https://www.polln.com/,0,0,0,0,332000,"63, 63, 45, 63, 63, 9, 63, 81, 63, 63, 100, 63",2026-03-27 15:42:49,"Sitelinks, Video, Related searches, AI overview",informational,Organic
cannabis medicine,22,34,90,74,0,https://www.polln.com/,0,0,0,0,228,"7, 7, 7, 7, 7, 7, 7, 0, 0, 0, 0, 0",2026-04-06 20:53:03,"Local pack, Image pack, Video, Video Carousel, Related searches, AI overview",informational,Organic
how long pot in system,14,0,90,60,0,https://www.polln.com/library/how-long-does-cannabis-stay-in-your-system,0,0,0,0,730000000,"64, 50, 50, 64, 50, 50, 50, 50, 35, 50, 100, 50",2026-04-08 13:58:44,"Sitelinks, Video, People also ask, Discussions and forums, AI overview",informational,Organic
get pill online,38,38,140,6,4.15,https://www.polln.com/,0,0,0,0.97,193,"66, 100, 28, 28, 17, 43, 35, 28, 53, 66, 0, 2",2026-03-06 07:46:53,"Sitelinks, Video, Related searches",transactional,Organic
buy medical cannabis australia,23,0,50,57,0,https://www.polln.com/,0,0,0,0,31700000,"0, 0, 0, 0, 0, 7, 64, 64, 64, 100, 64, 64",2026-04-26 16:40:35,"Local pack, Video, People also ask, Related searches, Discussions and forums, AI overview",informational,Organic
buy medical cannabis australia,89,0,50,57,0,https://www.polln.com/library/how-much-does-medicinal-cannabis-cost-in-australia,0,0,0,0,31700000,"0, 0, 0, 0, 0, 7, 64, 64, 64, 100, 64, 64",2026-04-26 16:40:35,"Local pack, Video, People also ask, Related searches, Discussions and forums, AI overview",informational,Organic
sativa effects,41,41,210,40,0,https://www.polln.com/library/sativa-vs-indica-vs-hybrid-cannabis-what-to-expect,0,0,0,0,53400000,"80, 100, 100, 80, 80, 80, 53, 65, 65, 65, 53, 53",2026-03-29 00:30:13,"Image pack, Video, Video Carousel, Related searches, Discussions and forums, AI overview",informational,Organic
cannabis prescription nsw,16,17,70,57,0,https://www.polln.com/locations/sydney,0,0,0,0,443000,"5, 5, 11, 52, 41, 52, 64, 52, 41, 41, 41, 41",2026-04-27 00:16:35,"Sitelinks, Video, People also ask, Related searches, Discussions and forums, AI overview",informational,Organic
how to obtain a medical card,59,0,90,59,34.11,https://www.polln.com/library/getting-access-to-prescription-natural-medicine-in-australia,0,0,0,0.41,1310000000,"100, 100, 100, 100, 100, 100, 63, 81, 63, 63, 36, 63",2026-04-27 02:50:03,"Sitelinks, Video, People also ask, Related searches, AI overview",informational,Organic
the endocannabinoid system,55,0,210,58,0,https://www.polln.com/library/the-endocannabinoid-system-explained,0,0,0,0,2650000,"44, 29, 44, 36, 44, 36, 36, 19, 23, 19, 15, 12",2026-04-16 15:56:31,"Image pack, Video, Video Carousel, People also ask, Related searches, AI overview",informational,Organic
the endocannabinoid system,81,0,210,58,0,https://www.polln.com/library/the-endocannabinoid-system-explained,0,0,0,0,2650000,"44, 29, 44, 36, 44, 36, 36, 19, 23, 19, 15, 12",2026-04-16 15:56:31,"Image pack, Video, Video Carousel, People also ask, Related searches, AI overview",informational,Organic
cannabis doctor,12,10,170,30,0,https://www.polln.com/,0,0,0,0,223,"43, 43, 43, 43, 43, 43, 53, 53, 81, 81, 81, 43",2026-03-27 16:56:51,"Local pack, Video, Image, Related searches",commercial,Organic
cannabis doctor,48,48,170,30,0,https://www.polln.com/locations/canberra,0,0,0,0,223,"43, 43, 43, 43, 43, 43, 53, 53, 81, 81, 81, 43",2026-03-27 16:56:51,"Local pack, Video, Image, Related searches",commercial,Organic
cannabis doctor,95,48,170,30,0,https://www.polln.com/locations/canberra,0,0,0,0,223,"43, 43, 43, 43, 43, 43, 53, 53, 81, 81, 81, 43",2026-03-27 16:56:51,"Local pack, Video, Image, Related searches",commercial,Organic
how long do scripts last for,31,31,50,6,0,https://www.polln.com/faqs/do-my-prescriptions-expire,0,0,0,0.01,126,"71, 57, 71, 71, 71, 71, 100, 71, 71, 71, 71, 57",2026-03-07 16:23:39,"Related searches, AI overview",informational,Organic
price of medical marijuanas,39,39,50,9,20.9,https://www.polln.com/,0,0,0,0.22,45400000,"41, 11, 17, 100, 29, 17, 17, 23, 17, 29, 23, 29",2026-03-20 02:10:05,"Sitelinks, Video, Related searches, AI overview",informational,Organic
where can i get weed,17,17,90,58,0,https://www.polln.com/,0,0,0,0.04,170000000,"19, 9, 9, 15, 19, 12, 12, 12, 12, 9, 12, 12",2026-03-20 06:47:56,"Local pack, Sitelinks, Video, Image, Discussions and forums, AI overview",informational,Organic
where can i get weed,31,17,90,58,0,https://www.polln.com/,0,0,0,0.04,170000000,"19, 9, 9, 15, 19, 12, 12, 12, 12, 9, 12, 12",2026-03-20 06:47:56,"Local pack, Sitelinks, Video, Image, Discussions and forums, AI overview",informational,Organic
online doctor prescriptions,44,0,480,44,0,https://www.polln.com/,0,0,0,0,146,"66, 54, 66, 66, 66, 66, 81, 66, 54, 23, 66, 100",2026-04-03 09:24:01,"Video, Related searches","commercial, informational",Organic
online doctor prescriptions,58,0,480,44,0,https://www.polln.com/,0,0,0,0,146,"66, 54, 66, 66, 66, 66, 81, 66, 54, 23, 66, 100",2026-04-03 09:24:01,"Video, Related searches","commercial, informational",Organic
cannabis clinics,1,1,50,43,0,https://www.polln.com/,0,0,0,0,134,"55, 33, 33, 44, 55, 55, 100, 55, 55, 44, 44, 33",2026-03-15 13:52:11,"Local pack, Video, Image, Related searches, AI overview",commercial,AI overview
marijuanas prescription,91,0,590,55,55.11,https://www.polln.com/locations/perth,0,0,0,0.22,118000000,"100, 39, 32, 72, 100, 72, 72, 59, 59, 48, 48, 59",2026-04-25 22:57:04,"Video, Video Carousel, Related searches, Short videos, AI overview",informational,Organic
medicinal cannabis gold coast,24,0,70,5,0,https://www.polln.com/,0,0,0,0,3940000,"50, 14, 28, 21, 28, 21, 64, 78, 78, 78, 64, 78",2026-04-13 12:48:25,"Knowledge panel, Video, People also ask, Related searches, AI overview",informational,Organic
how to get weed,8,26,140,55,0,https://www.polln.com/,0,0,0,0,117,"82, 64, 82, 82, 64, 82, 82, 82, 64, 64, 64, 64",2026-04-07 20:27:25,"Sitelinks, Video, People also ask, Discussions and forums, AI overview",informational,Organic
how to get weed,15,26,140,55,0,https://www.polln.com/,0,0,0,0,117,"82, 64, 82, 82, 64, 82, 82, 82, 64, 64, 64, 64",2026-04-07 20:27:25,"Sitelinks, Video, People also ask, Discussions and forums, AI overview",informational,Organic
how to get weed,28,26,140,55,0,https://www.polln.com/,0,0,0,0,117,"82, 64, 82, 82, 64, 82, 82, 82, 64, 64, 64, 64",2026-04-07 20:27:25,"Sitelinks, Video, People also ask, Discussions and forums, AI overview",informational,Organic
integrative doctor brisbane,53,53,140,14,0.76,https://www.polln.com/,0,0,0,0.42,0,"35, 35, 28, 35, 28, 28, 35, 43, 43, 43, 35, 28",2026-03-11 03:34:36,"Local pack, Related searches",commercial,Organic
how long does pot stay in urine,17,17,260,59,0,https://www.polln.com/library/how-long-does-cannabis-stay-in-your-system,0,0,0,0,140,"66, 81, 28, 28, 35, 44, 44, 28, 35, 54, 44, 35",2026-03-06 03:18:47,"Video, Related searches, Discussions and forums, AI overview",informational,Organic
personal medication,38,38,110,35,0,https://www.polln.com/,0,0,0,0,153,"52, 52, 80, 100, 66, 66, 52, 80, 23, 33, 33, 19",2026-03-28 23:58:43,"Sitelinks, Video, Related searches, AI overview",informational,Organic
sativa meaning,15,10,260,57,0,https://www.polln.com/library/sativa-vs-indica-vs-hybrid-cannabis-what-to-expect,0,0,0,0,144,"65, 53, 53, 81, 81, 53, 81, 65, 65, 81, 81, 100",2026-04-04 04:09:19,"Instant answer, Image pack, Video, Related searches, Short videos, AI overview",informational,Organic
sativa meaning,22,10,260,57,0,https://www.polln.com/library/sativa-vs-indica-vs-hybrid-cannabis-what-to-expect,0,0,0,0,144,"65, 53, 53, 81, 81, 53, 81, 65, 65, 81, 81, 100",2026-04-04 04:09:19,"Instant answer, Image pack, Video, Related searches, Short videos, AI overview",informational,Organic
prescription for medical marijuanas,18,18,50,58,61.7,https://www.polln.com/,0,0,0,0.76,0,"11, 11, 17, 11, 29, 11, 41, 52, 41, 52, 52, 52",2026-03-19 09:08:29,"Video, Related searches, Discussions and forums, AI overview",informational,Organic
prescription for medical marijuanas,67,67,50,58,61.7,https://www.polln.com/library/getting-access-to-prescription-natural-medicine-in-australia,0,0,0,0.76,0,"11, 11, 17, 11, 29, 11, 41, 52, 41, 52, 52, 52",2026-03-19 09:08:29,"Video, Related searches, Discussions and forums, AI overview",informational,Organic
prescription for medical marijuanas,77,67,50,58,61.7,https://www.polln.com/library/getting-access-to-prescription-natural-medicine-in-australia,0,0,0,0.76,0,"11, 11, 17, 11, 29, 11, 41, 52, 41, 52, 52, 52",2026-03-19 09:08:29,"Video, Related searches, Discussions and forums, AI overview",informational,Organic
alternative practitioners near me,39,48,320,48,1.56,https://www.polln.com/,0,0,0,0.6,98,"81, 66, 54, 81, 66, 44, 23, 54, 100, 54, 54, 44",2026-04-08 11:51:10,"Local pack, People also ask, Related searches, AI overview","informational, transactional",Organic
alternative practitioners near me,86,48,320,48,1.56,https://www.polln.com/,0,0,0,0.6,98,"81, 66, 54, 81, 66, 44, 23, 54, 100, 54, 54, 44",2026-04-08 11:51:10,"Local pack, People also ask, Related searches, AI overview","informational, transactional",Organic
cbd capsules australia,53,0,140,10,0,https://www.polln.com/,0,0,0,0,2610000,"21, 15, 21, 21, 28, 21, 53, 53, 53, 65, 100, 53",2026-04-02 04:07:12,"Image pack, Sitelinks, Video, Related searches, AI overview",informational,Organic
where to buy weed in sydney,33,33,90,30,0,https://www.polln.com/,0,0,0,0,0,"82, 82, 41, 52, 41, 41, 64, 41, 64, 52, 41, 52",2026-03-18 22:07:23,"Local pack, Sitelinks, Video, Image, Related searches",transactional,Organic
paid medical research studies near me,80,80,70,43,1.31,https://www.polln.com/,0,0,0,0.56,313000000,"42, 42, 26, 34, 34, 26, 26, 26, 26, 26, 19, 19",2026-03-30 06:06:57,"Knowledge panel, Video, Related searches, AI overview","informational, transactional",Organic
paid medical research studies near me,81,80,70,43,1.31,https://www.polln.com/,0,0,0,0.56,313000000,"42, 42, 26, 34, 34, 26, 26, 26, 26, 26, 19, 19",2026-03-30 06:06:57,"Knowledge panel, Video, Related searches, AI overview","informational, transactional",Organic
what's the difference between sativa and indica,1,1,90,69,0,https://www.polln.com/library/sativa-vs-indica-vs-hybrid-cannabis-what-to-expect,0,0,0,0,22300000,"34, 100, 19, 19, 19, 26, 34, 34, 34, 42, 34, 0",2026-03-23 21:57:56,"Image pack, Sitelinks, Video, Related searches, AI overview",informational,AI overview
what's the difference between indica and sativa,21,13,110,65,0,https://www.polln.com/library/sativa-vs-indica-vs-hybrid-cannabis-what-to-expect,0,0,0,0,135,"64, 29, 64, 82, 64, 64, 100, 100, 0, 64, 52, 82",2026-04-19 21:33:00,"Image pack, Sitelinks, Video, Related searches, Short videos, Discussions and forums, AI overview",informational,Organic
online cbd prescription,89,89,90,50,20.86,https://www.polln.com/locations/sydney,0,0,0,0.88,0,"64, 50, 50, 50, 50, 64, 78, 64, 64, 78, 100, 64",2026-03-18 14:03:38,"Video, Related searches",commercial,Organic
online cbd prescription,94,94,90,50,20.86,https://www.polln.com/locations/adelaide,0,0,0,0.88,0,"64, 50, 50, 50, 50, 64, 78, 64, 64, 78, 100, 64",2026-03-18 14:03:38,"Video, Related searches",commercial,Organic
get a script,47,59,140,40,3.14,https://www.polln.com/,0,0,0,0.84,744000000,"43, 43, 34, 34, 28, 34, 65, 53, 53, 100, 28, 34",2026-04-03 18:07:41,"Video, Related searches",transactional,Organic
get a script,53,59,140,40,3.14,https://www.polln.com/,0,0,0,0.84,744000000,"43, 43, 34, 34, 28, 34, 65, 53, 53, 100, 28, 34",2026-04-03 18:07:41,"Video, Related searches",transactional,Organic
how long does script last,90,0,140,7,0,https://www.polln.com/faqs/do-my-prescriptions-expire,0,0,0,0.01,669000000,"9, 9, 9, 9, 15, 12, 12, 9, 100, 100, 100, 81",2026-04-11 11:14:10,"Sitelinks, Video, Related searches, AI overview",informational,Organic
how long does script last,91,0,140,7,0,https://www.polln.com/faqs/do-my-prescriptions-expire,0,0,0,0.01,669000000,"9, 9, 9, 9, 15, 12, 12, 9, 100, 100, 100, 81",2026-04-11 11:14:10,"Sitelinks, Video, Related searches, AI overview",informational,Organic
medicinal cannabis script,51,51,90,56,0,https://www.polln.com/locations/brisbane,0,0,0,0,0,"100, 18, 100, 100, 81, 63, 100, 63, 81, 100, 63, 63",2026-03-15 11:59:05,"Sitelinks, Video, Video Carousel, Related searches, Discussions and forums, AI overview",informational,Organic
how to get weed prescription,40,40,50,55,44.78,https://www.polln.com/locations/adelaide,0,0,0,0.58,142,"34, 19, 7, 26, 100, 11, 7, 7, 15, 15, 7, 11",2026-03-15 21:31:51,"Video, Related searches, Discussions and forums, AI overview",informational,Organic
medical marijuana prescription online,49,0,50,,0,https://www.polln.com/locations/melbourne,0,0,0,0,207,"7, 7, 14, 7, 14, 14, 100, 100, 64, 35, 50, 14",2026-04-14 07:34:57,"Video, People also ask, Related searches",commercial,Organic
medical marijuana prescription online,77,0,50,,0,https://www.polln.com/locations/perth,0,0,0,0,207,"7, 7, 14, 7, 14, 14, 100, 100, 64, 35, 50, 14",2026-04-14 07:34:57,"Video, People also ask, Related searches",commercial,Organic
medical marijuana prescription online,93,0,50,,0,https://www.polln.com/locations/adelaide,0,0,0,0,207,"7, 7, 14, 7, 14, 14, 100, 100, 64, 35, 50, 14",2026-04-14 07:34:57,"Video, People also ask, Related searches",commercial,Organic
difference between indica sativa,20,13,720,60,0,https://www.polln.com/library/sativa-vs-indica-vs-hybrid-cannabis-what-to-expect,0,0,0,0,20500000,"45, 20, 24, 100, 100, 100, 24, 67, 8, 8, 76, 100",2026-04-21 01:28:23,"Image pack, Sitelinks, Video, Video Carousel, Short videos, Discussions and forums, AI overview",informational,Organic
pharmacies australia,98,98,70,72,0.57,https://www.polln.com/,0,0,0,0.31,58000000,"15, 3, 3, 23, 3, 2, 3, 19, 3, 3, 2, 4",2026-03-19 23:07:53,"Sitelinks, Video, Image, People also ask, Related searches",informational,Organic
can you take medication on plane,36,36,110,33,0,https://www.polln.com/faqs/can-i-travel-with-my-prescription-medications,0,0,0,0,117000000,"78, 78, 78, 78, 78, 78, 78, 78, 64, 100, 78, 64",2026-03-06 03:00:18,"Video, Related searches, AI overview",informational,Organic
can you take medication on plane,72,36,110,33,0,https://www.polln.com/faqs/can-i-travel-with-my-prescription-medications,0,0,0,0,117000000,"78, 78, 78, 78, 78, 78, 78, 78, 64, 100, 78, 64",2026-03-06 03:00:18,"Video, Related searches, AI overview",informational,Organic
how can i get my medical card,83,0,90,58,34.11,https://www.polln.com/library/getting-access-to-prescription-natural-medicine-in-australia,0,0,0,0.41,1540000000,"100, 100, 100, 100, 100, 100, 63, 81, 63, 63, 9, 63",2026-04-27 04:43:36,"Video, People also ask, Related searches, AI overview",informational,Organic
goulds hobart,58,59,480,26,2.23,https://www.polln.com/locations/hobart,0,0,0,0.04,109000,"54, 0, 54, 54, 67, 67, 54, 81, 67, 67, 54, 54",2026-04-18 11:55:49,"Knowledge panel, Sitelinks, Image, People also ask, Related searches",navigational,Organic
how long does weed stay on your tongue,26,26,140,38,0,https://www.polln.com/library/how-long-does-cannabis-stay-in-your-system,0,0,0,0,13800000,"28, 53, 100, 43, 17, 43, 43, 23, 12, 12, 12, 17",2026-03-31 07:04:17,"Sitelinks, Video, People also ask, Related searches, Discussions and forums, AI overview",informational,Organic
medical cannabis vic,25,0,50,39,0,https://www.polln.com/locations/melbourne,0,0,0,0,1430000,"0, 0, 0, 0, 0, 9, 100, 63, 63, 81, 100, 100",2026-04-29 14:57:27,"Sitelinks, Video, Image, People also ask, Related searches, Discussions and forums, AI overview",informational,Organic
medicinal cannabis pharmacy,77,0,70,45,6.72,https://www.polln.com/locations/perth,0,0,0,0.06,39000000,"41, 11, 11, 11, 41, 23, 100, 82, 64, 52, 64, 17",2026-04-28 05:23:48,"Local pack, Video, People also ask, Related searches",commercial,Organic
what is a terpenes,28,0,170,56,0,https://www.polln.com/library/everything-you-need-to-know-about-cannabis-terpenes,0,0,0,0,7100000,"34, 28, 43, 43, 100, 53, 53, 53, 53, 65, 43, 43",2026-04-10 09:50:22,"Video, Video Carousel, People also ask, Related searches, AI overview",informational,Organic
medical cannabis doctors,16,0,70,38,0,https://www.polln.com/,0,0,0,0,109000000,"26, 19, 15, 19, 15, 15, 26, 42, 34, 26, 26, 26",2026-04-25 01:27:10,"Local pack, Video, Related searches, Discussions and forums",commercial,Organic
alice springs doctor,96,96,110,18,3.13,https://www.polln.com/locations/alice-springs,0,0,0,0.3,5810000,"23, 52, 100, 23, 42, 66, 100, 80, 52, 52, 80, 42",2026-03-30 04:00:40,"Local pack, Video, Image, Related searches",commercial,Organic
how to get prescribed weed,37,0,170,63,44.78,https://www.polln.com/library/getting-access-to-prescription-natural-medicine-in-australia,0,0,0,0.58,49900000,"7, 100, 65, 100, 26, 65, 42, 100, 34, 65, 80, 80",2026-04-29 02:45:55,"Video, Ads bottom, People also ask, Related searches, Discussions and forums, AI overview",informational,Organic
delivery of prescriptions,20,20,210,22,0.78,https://www.polln.com/,0,0,0,0.6,126,"0, 13, 16, 13, 16, 16, 16, 20, 16, 20, 16, 24",2026-03-08 21:53:12,"Video, Related searches, AI overview",informational,Organic
how can i get medical weed,66,0,390,58,35.15,https://www.polln.com/library/getting-access-to-prescription-natural-medicine-in-australia,0,0,0,0.4,74000000,"66, 54, 44, 100, 81, 66, 19, 44, 81, 54, 44, 44",2026-04-04 16:45:26,"Video, People also ask, Related searches, Discussions and forums, AI overview",informational,Organic
how can i get medical weed,93,0,390,58,35.15,https://www.polln.com/locations/brisbane,0,0,0,0.4,74000000,"66, 54, 44, 100, 81, 66, 19, 44, 81, 54, 44, 44",2026-04-04 16:45:26,"Video, People also ask, Related searches, Discussions and forums, AI overview",informational,Organic
medical marijuana doctor,1,0,140,25,0,https://www.polln.com/,0,0,0,0,65500000,"29, 29, 29, 29, 29, 29, 29, 22, 29, 29, 29, 29",2026-04-04 02:15:22,"Video, Image, Related searches, AI overview",informational,AI overview
medical marijuana doctor,51,25,140,25,0,https://www.polln.com/practitioners/dr-joel-wren,0,0,0,0,65500000,"29, 29, 29, 29, 29, 29, 29, 22, 29, 29, 29, 29",2026-04-04 02:15:22,"Video, Image, Related searches, AI overview",informational,Organic
medical marijuana doctor,63,0,140,25,0,https://www.polln.com/locations/sunshine-coast,0,0,0,0,65500000,"29, 29, 29, 29, 29, 29, 29, 22, 29, 29, 29, 29",2026-04-04 02:15:22,"Video, Image, Related searches, AI overview",informational,Organic
med dispensary,44,44,90,55,60.9,https://www.polln.com/locations/perth,0,0,0,0.08,11100000,"33, 33, 52, 52, 42, 33, 33, 42, 100, 52, 42, 42",2026-03-23 16:56:02,"Local pack, Image, Related searches",commercial,Organic
aus canna,24,24,140,65,0,https://www.polln.com/,0,0,0,0.3,96300000,"48, 17, 88, 2, 0, 2, 2, 2, 2, 2, 2, 2",2026-03-21 00:43:21,"Video, Image, Video Carousel, People also ask, Related searches, See results about, AI overview",informational,Organic
cbd vape prescription australia,70,0,210,60,0,https://www.polln.com/library/ultimate-guide-to-vaping-medicinal-cannabis,0,0,0,0,102000,"100, 65, 65, 65, 65, 80, 80, 100, 65, 80, 80, 53",2026-04-22 17:19:05,"Video, People also ask, Related searches, Discussions and forums, AI overview",informational,Organic
medical cannibis,77,0,320,72,0,https://www.polln.com/,0,0,0,0,112000000,"2, 16, 30, 7, 36, 5, 10, 10, 10, 13, 5, 5",2026-04-25 12:03:06,"Top stories, Video, People also ask, Related searches, Discussions and forums, AI overview",commercial,Organic
what is the difference between indica and sativa weed,18,8,110,64,0,https://www.polln.com/library/sativa-vs-indica-vs-hybrid-cannabis-what-to-expect,0,0,0,0,132,"78, 35, 35, 78, 64, 64, 78, 100, 78, 64, 64, 64",2026-04-16 10:00:04,"Image pack, Sitelinks, Video, Related searches, Discussions and forums, AI overview",informational,Organic
pharmacy refill,32,0,90,33,3.09,https://www.polln.com/,0,0,0,0.81,78600000,"78, 14, 14, 78, 14, 78, 78, 78, 100, 50, 50, 64",2026-04-03 08:02:42,"Sitelinks, Video, Related searches, AI overview",informational,Organic
pharmacy refill,59,0,90,33,3.09,https://www.polln.com/,0,0,0,0.81,78600000,"78, 14, 14, 78, 14, 78, 78, 78, 100, 50, 50, 64",2026-04-03 08:02:42,"Sitelinks, Video, Related searches, AI overview",informational,Organic
how long does cannabis take to wear off,17,17,210,41,0,https://www.polln.com/library/how-long-does-cannabis-stay-in-your-system,0,0,0,0,160,"80, 80, 42, 100, 100, 100, 53, 100, 100, 100, 80, 53",2026-03-13 11:04:33,"Video, Related searches, Discussions and forums, AI overview",informational,Organic
how long does cannabis take to wear off,23,17,210,41,0,https://www.polln.com/library/how-long-does-cannabis-stay-in-your-system,0,0,0,0,160,"80, 80, 42, 100, 100, 100, 53, 100, 100, 100, 80, 53",2026-03-13 11:04:33,"Video, Related searches, Discussions and forums, AI overview",informational,Organic
prescription medical cannabis,49,0,70,56,0,https://www.polln.com/locations/perth,0,0,0,0.33,212,"7, 7, 7, 7, 7, 7, 26, 100, 42, 26, 34, 42",2026-04-21 02:36:17,"Video, Video Carousel, Related searches, AI overview",informational,Organic
dr joel wren,11,11,70,9,3.05,https://www.polln.com/our-doctors,0,0,0,0.05,1250000,"41, 11, 100, 11, 64, 64, 11, 11, 64, 64, 11, 11",2026-03-30 09:53:25,"Image pack, Video, Related searches",informational,Organic
dr joel wren,14,14,70,9,3.05,https://www.polln.com/locations/adelaide,0,0,0,0.05,1250000,"41, 11, 100, 11, 64, 64, 11, 11, 64, 64, 11, 11",2026-03-30 09:53:25,"Image pack, Video, Related searches",informational,Organic
dr joel wren,28,14,70,9,3.05,https://www.polln.com/locations/adelaide,0,0,0,0.05,1250000,"41, 11, 100, 11, 64, 64, 11, 11, 64, 64, 11, 11",2026-03-30 09:53:25,"Image pack, Video, Related searches",informational,Organic
dr joel wren,38,14,70,9,3.05,https://www.polln.com/locations/adelaide,0,0,0,0.05,1250000,"41, 11, 100, 11, 64, 64, 11, 11, 64, 64, 11, 11",2026-03-30 09:53:25,"Image pack, Video, Related searches",informational,Organic
cbd oul,53,31,50,66,0,https://www.polln.com/library/cbd-oil-explained,0,0,0,0,280000000,"6, 9, 1, 4, 12, 9, 9, 6, 6, 12, 6, 9",2026-04-25 11:41:27,"Local pack, Video, People also ask, Related searches, Discussions and forums, AI overview",informational,Organic
how long are prescriptions good for,34,34,260,22,0,https://www.polln.com/faqs/do-my-prescriptions-expire,0,0,0,0.01,52000000,"100, 81, 43, 43, 54, 29, 18, 66, 18, 29, 81, 81",2026-03-27 12:37:04,"Sitelinks, Video, Image, Related searches, Discussions and forums, AI overview",informational,Organic
how long are prescriptions good for,91,34,260,22,0,https://www.polln.com/faqs/do-my-prescriptions-expire,0,0,0,0.01,52000000,"100, 81, 43, 43, 54, 29, 18, 66, 18, 29, 81, 81",2026-03-27 12:37:04,"Sitelinks, Video, Image, Related searches, Discussions and forums, AI overview",informational,Organic
cannabis how long in system,14,14,90,61,0,https://www.polln.com/library/how-long-does-cannabis-stay-in-your-system,0,0,0,0,109000000,"64, 50, 50, 64, 50, 50, 50, 50, 35, 50, 100, 50",2026-03-14 23:53:05,"Video, Discussions and forums, AI overview",informational,Organic
how long does marijuana stay in urine,27,13,110,54,0,https://www.polln.com/library/how-long-does-cannabis-stay-in-your-system,0,0,0,0,120,"1, 1, 1, 1, 1, 1, 1, 1, 1, 1, 1, 1",2026-04-22 00:01:11,"Video, People also ask, Short videos, Discussions and forums, AI overview",informational,Organic
how long cannabis in urine,21,21,70,42,0,https://www.polln.com/library/how-long-does-cannabis-stay-in-your-system,0,0,0,0,0,"63, 63, 81, 63, 63, 63, 45, 63, 45, 63, 81, 63",2026-03-17 12:05:27,"Video, Related searches, Discussions and forums, AI overview",informational,Organic
how long does weed stay in your urine for,27,0,90,59,0,https://www.polln.com/library/how-long-does-cannabis-stay-in-your-system,0,0,0,0,134,"100, 50, 50, 64, 64, 78, 50, 64, 64, 64, 64, 50",2026-04-24 10:33:23,"Video, People also ask, Discussions and forums, AI overview",informational,Organic
terpins,45,0,70,46,0.81,https://www.polln.com/library/everything-you-need-to-know-about-cannabis-terpenes,0,0,0,0.31,190,"0, 2, 0, 2, 0, 100, 29, 0, 10, 8, 0, 0",2026-04-18 09:57:23,"Knowledge panel, Sitelinks, Video, People also ask, Related searches, AI overview",informational,Organic
terpins,63,0,70,46,0.81,https://www.polln.com/library/everything-you-need-to-know-about-cannabis-terpenes,0,0,0,0.31,190,"0, 2, 0, 2, 0, 100, 29, 0, 10, 8, 0, 0",2026-04-18 09:57:23,"Knowledge panel, Sitelinks, Video, People also ask, Related searches, AI overview",informational,Organic
difference between sativa and indica plants,17,8,320,66,0,https://www.polln.com/library/sativa-vs-indica-vs-hybrid-cannabis-what-to-expect,0,0,0,0,11800000,"100, 29, 66, 66, 66, 54, 23, 12, 54, 44, 23, 44",2026-04-06 02:10:23,"Image pack, Sitelinks, Video, Image, Related searches, Short videos, AI overview",informational,Organic
difference between sativa and indica plants,19,8,320,66,0,https://www.polln.com/library/sativa-vs-indica-vs-hybrid-cannabis-what-to-expect,0,0,0,0,11800000,"100, 29, 66, 66, 66, 54, 23, 12, 54, 44, 23, 44",2026-04-06 02:10:23,"Image pack, Sitelinks, Video, Image, Related searches, Short videos, AI overview",informational,Organic
medicine on plane,67,67,50,25,0,https://www.polln.com/faqs/can-i-travel-with-my-prescription-medications,0,0,0,0.33,0,"7, 19, 19, 26, 26, 7, 42, 7, 7, 7, 42, 7",2026-03-10 22:52:01,"Video, Video Carousel, Related searches, Short videos, AI overview",informational,Organic
cannabis prescription australia,19,0,110,47,0,https://www.polln.com/,0,0,0,0.33,7510000,"52, 41, 41, 41, 52, 41, 100, 100, 82, 64, 82, 41",2026-04-25 02:54:42,"Video, People also ask, Related searches, Discussions and forums, AI overview",informational,Organic
cbd hemp oil,74,0,140,72,0,https://www.polln.com/library/cbd-oil-explained,0,0,0,0,28100000,"23, 23, 23, 23, 23, 3, 23, 23, 23, 15, 15, 18",2026-04-10 05:59:01,"Sitelinks, Video, Image, People also ask, Popular products, Related searches, Discussions and forums, AI overview",commercial,Organic
medical cannabis doctor,10,10,90,43,0,https://www.polln.com/,0,0,0,0,81000000,"29, 17, 23, 17, 11, 17, 64, 64, 82, 100, 100, 100",2026-03-21 12:46:35,"Local pack, Video, Image, Related searches",commercial,Organic
medical cannabis doctor,66,66,90,43,0,https://www.polln.com/locations/canberra,0,0,0,0,81000000,"29, 17, 23, 17, 11, 17, 64, 64, 82, 100, 100, 100",2026-03-21 12:46:35,"Local pack, Video, Image, Related searches",commercial,Organic
medical cannabis doctor,77,77,90,43,0,https://www.polln.com/practitioners/dr-joel-wren,0,0,0,0,81000000,"29, 17, 23, 17, 11, 17, 64, 64, 82, 100, 100, 100",2026-03-21 12:46:35,"Local pack, Video, Image, Related searches",commercial,Organic
how long does weed stay your system,26,31,1000,55,0,https://www.polln.com/library/how-long-does-cannabis-stay-in-your-system,0,0,0,0,158000000,"36, 20, 20, 24, 27, 24, 24, 24, 27, 27, 27, 27",2026-04-08 08:10:04,"Sitelinks, Video, People also ask, Discussions and forums, AI overview",informational,Organic
medical cannabis qld,31,25,140,55,0,https://www.polln.com/,0,0,0,0,812000,"21, 15, 15, 15, 12, 12, 81, 65, 65, 65, 81, 53",2026-04-03 03:00:12,"Local pack, Video, Image, Related searches, Discussions and forums",commercial,Organic
medical canna clinic,44,44,260,45,0,https://www.polln.com/locations/canberra,0,0,0,0,67800000,"82, 100, 53, 66, 82, 66, 43, 66, 82, 66, 53, 43",2026-03-29 09:40:37,"Local pack, Video, Related searches, Discussions and forums",commercial,Organic
how long does weed get out of your system,21,16,210,57,0,https://www.polln.com/library/how-long-does-cannabis-stay-in-your-system,0,0,0,0,0,"82, 43, 66, 66, 43, 43, 43, 35, 66, 66, 66, 53",2026-03-18 22:09:21,"Sitelinks, Featured snippet",informational,Organic
cannibis access clinic,24,33,90,40,0,https://www.polln.com/,0,0,0,0.33,5260000,"0, 10, 0, 100, 0, 0, 0, 0, 0, 0, 0, 0",2026-04-29 08:27:49,"Local pack, Video, People also ask, Related searches",commercial,Organic
cannibis access clinic,74,0,90,40,0,https://www.polln.com/locations/adelaide,0,0,0,0.33,5260000,"0, 10, 0, 100, 0, 0, 0, 0, 0, 0, 0, 0",2026-04-29 08:27:49,"Local pack, Video, People also ask, Related searches",commercial,Organic
cannabis clinic perth,18,0,50,42,0,https://www.polln.com/locations/perth,0,0,0,0,233000,"27, 18, 27, 18, 18, 36, 100, 100, 81, 45, 45, 27",2026-04-13 09:07:32,"Knowledge panel, Video, Image, Related searches",informational,Organic
cannabis clinic perth,28,0,50,42,0,https://www.polln.com/,0,0,0,0,233000,"27, 18, 27, 18, 18, 36, 100, 100, 81, 45, 45, 27",2026-04-13 09:07:32,"Knowledge panel, Video, Image, Related searches",informational,Organic
medical marijuanas qld cost,24,1,210,6,0,https://www.polln.com/library/how-much-does-medicinal-cannabis-cost-in-australia,0,0,0,0,0,"81, 28, 35, 44, 44, 23, 35, 35, 23, 18, 23, 28",2026-03-10 18:48:27,"Sitelinks, Related searches, AI overview",informational,Organic
medical marijuanas qld cost,49,49,210,6,0,https://www.polln.com/,0,0,0,0,0,"81, 28, 35, 44, 44, 23, 35, 35, 23, 18, 23, 28",2026-03-10 18:48:27,"Sitelinks, Related searches, AI overview",informational,Organic
how long does thc last in your saliva,47,47,50,31,0,https://www.polln.com/library/how-long-does-cannabis-stay-in-your-system,0,0,0,0.33,131,"33, 33, 33, 33, 33, 33, 9, 9, 9, 9, 9, 52",2026-03-20 21:59:56,"Video, People also ask, Discussions and forums, AI overview",informational,Organic
pod medical,68,68,90,8,0,https://www.polln.com/locations/perth,0,0,0,0.02,209000000,"100, 64, 64, 78, 64, 50, 64, 64, 64, 64, 64, 50",2026-03-24 20:31:56,"Image pack, Video, Image, Related searches, AI overview",informational,Organic
cannabisclinic,23,0,40,34,5.21,https://www.polln.com/,0,0,0,0.07,53400000,"0, 0, 0, 0, 0, 0, 2, 0, 0, 0, 100, 0",2026-04-15 23:15:00,"Local pack, Video, Image, Related searches",commercial,Organic
cannabisclinic,97,0,40,34,5.21,https://www.polln.com/locations/perth,0,0,0,0.07,53400000,"0, 0, 0, 0, 0, 0, 2, 0, 0, 0, 100, 0",2026-04-15 23:15:00,"Local pack, Video, Image, Related searches",commercial,Organic
how long is pot detectable in saliva,31,0,70,51,0,https://www.polln.com/library/how-long-does-cannabis-stay-in-your-system,0,0,0,0.33,268000,"64, 41, 41, 41, 41, 29, 29, 41, 11, 11, 64, 64",2026-04-16 05:03:51,"Video, People also ask, Related searches, Discussions and forums, AI overview",informational,Organic
medical marijuanas nsw driving,44,40,140,39,41.09,https://www.polln.com/library/medicinal-cannabis-and-driving-what-you-need-to-know-as-a-patient-in-australia,0,0,0,0.28,145,"100, 53, 53, 53, 65, 42, 42, 53, 53, 53, 53, 26",2026-04-02 06:32:40,"Video, Video Carousel, People also ask, Related searches, AI overview",informational,Organic
free online prescription,55,55,210,43,1.95,https://www.polln.com/,0,0,0,0.86,126,"35, 28, 28, 35, 43, 43, 66, 100, 100, 100, 43, 66",2026-03-19 14:49:36,"Video, Related searches","commercial, informational",Organic
prescriptions on line,63,63,90,39,0,https://www.polln.com/,0,0,0,0,401000000,"41, 41, 41, 64, 64, 82, 100, 41, 82, 41, 29, 41",2026-04-02 14:23:45,"Sitelinks, Video, Related searches","commercial, informational",Organic
prescription cannabis,54,0,110,60,69.75,https://www.polln.com/,0,0,0,0.06,80600000,"65, 42, 53, 65, 53, 26, 53, 26, 26, 42, 34, 26",2026-04-20 16:13:57,"Video, Related searches, Discussions and forums, AI overview",informational,Organic
prescription cannabis,71,0,110,60,69.75,https://www.polln.com/,0,0,0,0.06,80600000,"65, 42, 53, 65, 53, 26, 53, 26, 26, 42, 34, 26",2026-04-20 16:13:57,"Video, Related searches, Discussions and forums, AI overview",informational,Organic
pollon,3,3,140,37,0,https://www.polln.com/,0,0,0,0.02,124,"33, 52, 42, 52, 80, 66, 66, 80, 100, 80, 80, 52",2026-03-31 02:01:18,"Knowledge panel, Image pack, Sitelinks, Video, Video Carousel, People also ask, Related searches","informational, navigational",Organic
book dr sleep,59,59,1600,22,1.06,https://www.polln.com/,0,0,0,0,0,"0, 0, 0, 0, 0, 0, 0, 10, 36, 100, 0, 0",2026-03-19 02:06:28,"Sitelinks, Video, Image, Video Carousel, Related searches, See results about",informational,Organic
how long does weed stay in system for,15,17,110,53,0,https://www.polln.com/library/how-long-does-cannabis-stay-in-your-system,0,0,0,0,231000000,"66, 43, 14, 18, 14, 14, 18, 14, 22, 14, 14, 14",2026-04-03 22:33:32,"Sitelinks, Video, Discussions and forums, AI overview",informational,Organic
how ling does weed stay in your system,17,17,70,54,0,https://www.polln.com/library/how-long-does-cannabis-stay-in-your-system,0,0,0,0,72700000,"18, 45, 27, 81, 45, 81, 100, 63, 81, 45, 63, 63",2026-03-10 01:09:59,"Sitelinks, Video, Related searches, Short videos, Discussions and forums, AI overview",informational,Organic
how long weed in system,17,0,90,59,0,https://www.polln.com/library/how-long-does-cannabis-stay-in-your-system,0,0,0,0,177000000,"64, 50, 64, 64, 50, 50, 50, 50, 35, 50, 100, 50",2026-04-24 11:47:37,"Image pack, Video, People also ask, AI overview",informational,Organic
cannabis sativa strains,24,24,170,72,0,https://www.polln.com/library/sativa-vs-indica-vs-hybrid-cannabis-what-to-expect,0,0,0,0,0,"65, 65, 81, 65, 43, 53, 43, 53, 28, 43, 53, 65",2026-03-10 22:15:33,"Image pack, Video, Related searches, Discussions and forums, AI overview",informational,Organic
dispensed australia prices,80,50,50,10,4.28,https://www.polln.com/library/how-much-does-medicinal-cannabis-cost-in-australia,0,0,0,0.71,1310000,"21, 12, 15, 15, 21, 12, 21, 21, 15, 15, 21, 21",2026-04-07 12:16:27,"Image pack, Sitelinks, Video, Related searches, AI overview","navigational, transactional",Organic
thc gummies canberra,35,0,70,6,0,https://www.polln.com/locations/canberra,0,0,0,0.33,9200,"35, 14, 14, 14, 35, 28, 14, 50, 50, 100, 100, 78",2026-04-14 21:56:07,"Sitelinks, People also ask, AI overview",informational,Organic
medical cannabis australia online,1,1,390,48,0,https://www.polln.com/,0,0,0,0,23600000,"81, 54, 66, 54, 54, 44, 66, 81, 66, 81, 100, 66",2026-03-20 22:55:48,"Related searches, Discussions and forums, AI overview",informational,AI overview
medical cannabis australia online,63,63,390,48,0,https://www.polln.com/locations/sydney,0,0,0,0,23600000,"81, 54, 66, 54, 54, 44, 66, 81, 66, 81, 100, 66",2026-03-20 22:55:48,"Related searches, Discussions and forums, AI overview",informational,Organic
sati a,28,28,590,77,0,https://www.polln.com/library/sativa-vs-indica-vs-hybrid-cannabis-what-to-expect,0,0,0,0,61100000,"30, 30, 20, 16, 8, 20, 11, 20, 20, 16, 20, 16",2026-03-29 21:04:24,"Knowledge panel, Video, Video Carousel, Related searches, Short videos","informational, transactional",Organic
how long.is weed in system,32,23,70,59,0,https://www.polln.com/library/how-long-does-cannabis-stay-in-your-system,0,0,0,0,176000000,"64, 50, 50, 64, 50, 50, 50, 0, 35, 50, 100, 50",2026-04-08 08:34:47,"Image pack, People also ask, Discussions and forums, AI overview",informational,Organic
medicinal cannabis aus,20,20,110,61,0,https://www.polln.com/,0,0,0,0,39300000,"82, 64, 82, 64, 100, 64, 100, 64, 52, 52, 64, 41",2026-03-20 23:29:59,"Video, People also ask, Related searches, Discussions and forums, AI overview",informational,Organic
whats the difference between sativa and indica,1,1,90,71,0,https://www.polln.com/library/sativa-vs-indica-vs-hybrid-cannabis-what-to-expect,0,0,0,0,20600000,"42, 42, 52, 100, 23, 9, 52, 66, 9, 52, 42, 33",2026-04-23 04:56:15,"Image pack, Sitelinks, Video, Video Carousel, People also ask, Related searches, Discussions and forums, AI overview",informational,AI overview
whats the difference between sativa and indica,16,9,90,71,0,https://www.polln.com/library/sativa-vs-indica-vs-hybrid-cannabis-what-to-expect,0,0,0,0,20600000,"42, 42, 52, 100, 23, 9, 52, 66, 9, 52, 42, 33",2026-04-23 04:56:15,"Image pack, Sitelinks, Video, Video Carousel, People also ask, Related searches, Discussions and forums, AI overview",informational,Organic
cannabisstores,42,55,720,55,0,https://www.polln.com/,0,0,0,0,51000000,"76, 76, 0, 0, 67, 67, 76, 67, 67, 76, 76, 76",2026-04-07 11:02:14,"Local pack, Image, Video Carousel, People also ask, Related searches",commercial,Organic
cheapest medical marijuanas dispensary near me,76,76,110,39,0,https://www.polln.com/locations/perth,0,0,0,0,3390000,"19, 19, 42, 66, 100, 80, 80, 52, 52, 42, 52, 42",2026-03-31 08:39:56,"Local pack, Video, People also ask, Related searches, Discussions and forums",transactional,Organic
how long does weed stay in your blood for,24,78,480,65,0,https://www.polln.com/library/how-long-does-cannabis-stay-in-your-system,0,0,0,0,53700000,"25, 13, 46, 31, 25, 52, 25, 20, 20, 3, 11, 7",2026-04-17 00:15:28,"Sitelinks, Video, People also ask, Related searches, Short videos, Discussions and forums, AI overview",informational,Organic
cannabis sydney,17,17,50,24,0,https://www.polln.com/locations/sydney,0,0,0,0,14200000,"100, 100, 81, 81, 63, 9, 63, 36, 27, 18, 9, 9",2026-03-30 05:54:37,"Local pack, Video, Image, Related searches, Discussions and forums",commercial,Organic
how long does thc stay in your body,24,20,720,63,0,https://www.polln.com/library/how-long-does-cannabis-stay-in-your-system,0,0,0,0,409000000,"72, 59, 72, 72, 72, 72, 72, 72, 72, 72, 72, 59",2026-04-19 17:38:04,"Sitelinks, Video, People also ask, Related searches, Short videos, Discussions and forums, AI overview",informational,Organic
medicinal cannabis melbourne,23,0,210,33,0,https://www.polln.com/locations/melbourne,0,0,0,0,4100000,"66, 43, 43, 35, 8, 43, 43, 43, 54, 43, 43, 43",2026-04-25 14:42:00,"Sitelinks, Video, People also ask, Related searches, Discussions and forums, AI overview",informational,Organic
medicinal cannabis melbourne,41,25,210,33,0,https://www.polln.com/,0,0,0,0,4100000,"66, 43, 43, 35, 8, 43, 43, 43, 54, 43, 43, 43",2026-04-25 14:42:00,"Sitelinks, Video, People also ask, Related searches, Discussions and forums, AI overview",informational,Organic
my leaf brisbane,70,0,50,54,5.67,https://www.polln.com/locations/brisbane,0,0,0,0.73,6240,"22, 44, 55, 100, 77, 55, 55, 44, 100",2026-04-28 05:06:18,"Knowledge panel, Sitelinks, Video, Ads top, People also ask, Related searches, Ads middle",navigational,Organic
cannabus oil,76,76,110,63,0,https://www.polln.com/library/cbd-oil-explained,0,0,0,0,69100000,"0, 0, 0, 0, 0, 100, 0, 0, 0, 1, 0, 0",2026-03-26 18:06:29,"Knowledge panel, Sitelinks, Video, Video Carousel, Popular products, Related searches, Discussions and forums, AI overview",informational,Organic
medical vape,12,21,90,32,0,https://www.polln.com/library/ultimate-guide-to-vaping-medicinal-cannabis,0,0,0,0,3820000,"28, 28, 23, 17, 17, 5, 5, 7, 5, 100, 7, 7",2026-04-02 01:06:24,"Image pack, Video, Related searches, AI overview",informational,Organic
medical vape,63,64,90,32,0,https://www.polln.com/,0,0,0,0,3820000,"28, 28, 23, 17, 17, 5, 5, 7, 5, 100, 7, 7",2026-04-02 01:06:24,"Image pack, Video, Related searches, AI overview",informational,Organic
medical marijuanas companies australia,23,16,110,58,66.16,https://www.polln.com/,0,0,0,0.21,4390000,"33, 42, 42, 33, 52, 66, 100, 66, 80, 80, 52, 42",2026-04-02 07:50:14,"Local pack, Video, Related searches, AI overview",informational,Organic
traveling with medication,34,34,210,45,1.25,https://www.polln.com/faqs/can-i-travel-with-my-prescription-medications,0,0,0,0.42,204000000,"66, 35, 66, 66, 66, 66, 35, 12, 53, 53, 35, 43",2026-03-12 20:52:34,"Video, Image, Related searches, AI overview",informational,Organic
traveling with medication,52,34,210,45,1.25,https://www.polln.com/faqs/can-i-travel-with-my-prescription-medications,0,0,0,0.42,204000000,"66, 35, 66, 66, 66, 66, 35, 12, 53, 53, 35, 43",2026-03-12 20:52:34,"Video, Image, Related searches, AI overview",informational,Organic
how long does thc stay in the bloodstream,73,0,260,62,0,https://www.polln.com/library/how-long-does-cannabis-stay-in-your-system,0,0,0,0,844000,"66, 66, 43, 66, 82, 66, 53, 66, 66, 66, 53, 53",2026-04-23 10:48:29,"Video, Image, People also ask, Discussions and forums, AI overview",informational,Organic
medicinal marijuanas australia,16,20,210,57,0,https://www.polln.com/,0,0,0,0,9340000,"30, 7, 3, 0, 0, 2, 13, 10, 10, 3, 3, 13",2026-04-02 08:44:17,"Video, Ads bottom, Related searches, AI overview",informational,Organic
how long does cannabis stay in your body,15,15,90,68,0,https://www.polln.com/library/how-long-does-cannabis-stay-in-your-system,0,0,0,0,0,"100, 41, 64, 52, 64, 64, 52, 64, 52, 41, 52, 64",2026-03-19 12:08:25,"Sitelinks, Video, Featured snippet, Discussions and forums",informational,Organic
traveling with prescription drugs,45,42,70,40,0,https://www.polln.com/faqs/can-i-travel-with-my-prescription-medications,0,0,0,0.01,199000000,"63, 63, 63, 63, 63, 63, 81, 81, 63, 63, 63, 63",2026-04-20 02:35:51,"Video, Related searches, AI overview",informational,Organic
how long does thc cbd oil stay in your system,7,7,70,44,0,https://www.polln.com/library/how-long-does-cannabis-stay-in-your-system,0,0,0,0,3290000,"29, 2, 2, 2, 2, 2, 2, 22, 29, 29, 2, 29",2026-03-28 01:18:22,"Sitelinks, People also ask, Related searches, Discussions and forums, AI overview",informational,Organic
medical canberra,67,81,170,48,0,https://www.polln.com/,0,0,0,0.01,132,"43, 43, 43, 35, 8, 54, 18, 66, 18, 22, 66, 54",2026-04-03 00:26:32,"Local pack, Video, Related searches",commercial,Organic
naturopathic medicine near me,56,56,140,50,1.19,https://www.polln.com/,0,0,0,0.47,0,"5, 4, 2, 4, 1, 5, 2, 7, 10, 16, 3, 7",2026-03-18 21:00:34,"Local pack, Related searches, AI overview","informational, transactional",Organic
medical cannabis pharmacy near me,52,52,90,29,0,https://www.polln.com/locations/perth,0,0,0,0,52500000,"52, 41, 82, 64, 64, 52, 29, 41, 41, 100, 52, 82",2026-03-29 20:40:03,"Local pack, Image, Related searches",transactional,Organic
medical cannabis pharmacy near me,69,69,90,29,0,https://www.polln.com/,0,0,0,0,52500000,"52, 41, 82, 64, 64, 52, 29, 41, 41, 100, 52, 82",2026-03-29 20:40:03,"Local pack, Image, Related searches",transactional,Organic
medical cannabis pharmacy near me,90,52,90,29,0,https://www.polln.com/locations/perth,0,0,0,0,52500000,"52, 41, 82, 64, 64, 52, 29, 41, 41, 100, 52, 82",2026-03-29 20:40:03,"Local pack, Image, Related searches",transactional,Organic
medical cannabis pharmacy near me,91,52,90,29,0,https://www.polln.com/locations/perth,0,0,0,0,52500000,"52, 41, 82, 64, 64, 52, 29, 41, 41, 100, 52, 82",2026-03-29 20:40:03,"Local pack, Image, Related searches",transactional,Organic
how long will pot stay in system,19,19,210,57,0,https://www.polln.com/library/how-long-does-cannabis-stay-in-your-system,0,0,0,0,140,"54, 35, 28, 44, 44, 44, 28, 35, 35, 28, 28, 35",2026-03-22 06:02:38,"Sitelinks, Video, Featured snippet, People also ask, Short videos, Discussions and forums",informational,Organic
what are turpins,37,37,110,50,0,https://www.polln.com/library/everything-you-need-to-know-about-cannabis-terpenes,0,0,0,0,0,"14, 33, 33, 42, 52, 0, 80, 100, 52, 66, 66, 80",2026-03-13 17:28:46,"Sitelinks, Video, Related searches, Short videos, AI overview",informational,Organic
how long does weed stay in system for urine test,15,0,170,57,0,https://www.polln.com/library/how-long-does-cannabis-stay-in-your-system,0,0,0,0,12300000,"35, 17, 35, 28, 28, 28, 43, 35, 53, 43, 53, 66",2026-04-09 21:37:27,"Sitelinks, Video, People also ask, Related searches, Short videos, AI overview",informational,Organic
prescription medication on domestic flights australia,19,19,110,37,0,https://www.polln.com/faqs/can-i-travel-with-my-prescription-medications,0,0,0,0,264000,"66, 66, 66, 66, 42, 52, 42, 42, 42, 42, 52, 42",2026-03-13 10:52:28,"Sitelinks, Video, Image, Related searches, AI overview",informational,Organic
prescription medication on domestic flights australia,26,26,110,37,0,https://www.polln.com/library/travelling-as-a-medicinal-cannabis-patient-in-australia-what-you-need-to-know,0,0,0,0,264000,"66, 66, 66, 66, 42, 52, 42, 42, 42, 42, 52, 42",2026-03-13 10:52:28,"Sitelinks, Video, Image, Related searches, AI overview",informational,Organic
prescription medication on domestic flights australia,35,26,110,37,0,https://www.polln.com/library/travelling-as-a-medicinal-cannabis-patient-in-australia-what-you-need-to-know,0,0,0,0,264000,"66, 66, 66, 66, 42, 52, 42, 42, 42, 42, 52, 42",2026-03-13 10:52:28,"Sitelinks, Video, Image, Related searches, AI overview",informational,Organic
how long do scripts last in australia,9,17,90,7,0,https://www.polln.com/faqs/do-my-prescriptions-expire,0,0,0,0.33,135,"19, 14, 9, 14, 42, 52, 42, 100, 66, 66, 42, 66",2026-04-22 21:42:55,"Video, People also ask, Related searches, Discussions and forums, AI overview",informational,Organic
medical dispensary,71,71,110,55,0,https://www.polln.com/locations/brisbane,0,0,0,0,0,"100, 100, 100, 100, 100, 28, 100, 78, 100, 14, 100, 35",2026-03-11 21:58:57,"Local pack, Video, Image",commercial,Organic
medical dispensary,85,71,110,55,0,https://www.polln.com/locations/brisbane,0,0,0,0,0,"100, 100, 100, 100, 100, 28, 100, 78, 100, 14, 100, 35",2026-03-11 21:58:57,"Local pack, Video, Image",commercial,Organic
define indica,20,20,260,63,0,https://www.polln.com/library/sativa-vs-indica-vs-hybrid-cannabis-what-to-expect,0,0,0,0,0,"48, 14, 11, 14, 14, 11, 100, 26, 9, 14, 17, 11",2026-03-19 10:34:24,"Knowledge panel, Video, Related searches",informational,Organic
doctors who can prescribe cbd oil perth,1,1,70,22,0,https://www.polln.com/locations/perth,0,0,0,0,107,"65, 53, 65, 53, 19, 7, 19, 15, 11, 11, 11, 7",2026-03-25 11:02:32,"Local pack, Video, People also ask, Related searches, AI overview",informational,AI overview
doctors who can prescribe cbd oil perth,5,5,70,22,0,https://www.polln.com/locations/perth,0,0,0,0,107,"65, 53, 65, 53, 19, 7, 19, 15, 11, 11, 11, 7",2026-03-25 11:02:32,"Local pack, Video, People also ask, Related searches, AI overview",informational,Organic
doctors who can prescribe cbd oil perth,19,19,70,22,0,https://www.polln.com/,0,0,0,0,107,"65, 53, 65, 53, 19, 7, 19, 15, 11, 11, 11, 7",2026-03-25 11:02:32,"Local pack, Video, People also ask, Related searches, AI overview",informational,Organic
doctors who can prescribe cbd oil perth,21,19,70,22,0,https://www.polln.com/,0,0,0,0,107,"65, 53, 65, 53, 19, 7, 19, 15, 11, 11, 11, 7",2026-03-25 11:02:32,"Local pack, Video, People also ask, Related searches, AI overview",informational,Organic
what are holistic medicines,90,90,70,70,0.28,https://www.polln.com/,0,0,0,0.04,0,"0, 0, 64, 64, 64, 100, 78, 78, 78, 50, 64, 0",2026-03-19 02:06:10,"Image, Related searches, AI overview",informational,Organic
what are holistic medicines,94,90,70,70,0.28,https://www.polln.com/,0,0,0,0.04,0,"0, 0, 64, 64, 64, 100, 78, 78, 78, 50, 64, 0",2026-03-19 02:06:10,"Image, Related searches, AI overview",informational,Organic
medical marijuana online,90,0,140,50,0,https://www.polln.com/locations/melbourne,0,0,0,0,226,"19, 19, 26, 26, 42, 26, 100, 100, 80, 65, 65, 42",2026-04-05 16:40:30,Video,commercial,Organic
weed prescription,16,16,210,50,80.06,https://www.polln.com/,0,0,0,0.85,83700000,"43, 29, 43, 54, 43, 43, 54, 66, 43, 35, 29, 29",2026-03-30 17:52:03,"Video, Video Carousel, People also ask, Related searches, See results about, Discussions and forums, AI overview",informational,Organic
weed prescription,77,77,210,50,80.06,https://www.polln.com/locations/perth,0,0,0,0.85,83700000,"43, 29, 43, 54, 43, 43, 54, 66, 43, 35, 29, 29",2026-03-30 17:52:03,"Video, Video Carousel, People also ask, Related searches, See results about, Discussions and forums, AI overview",informational,Organic
drug test how long does weed stay in your system,15,15,110,56,0,https://www.polln.com/library/how-long-does-cannabis-stay-in-your-system,0,0,0,0,4410000,"42, 33, 42, 52, 52, 52, 52, 42, 52, 66, 80, 100",2026-03-15 13:15:59,"Sitelinks, Video, Video Carousel, Related searches, Discussions and forums, AI overview",informational,Organic
cannabidiol oil,31,52,480,56,17.83,https://www.polln.com/library/cbd-oil-explained,0,0,0,0.66,201,"2, 100, 1, 2, 2, 1, 4, 3, 2, 2, 2, 2",2026-04-21 05:58:45,"Image pack, Sitelinks, Video, Video Carousel, Related searches, AI overview",informational,Organic
cannabidiol oil,70,52,480,56,17.83,https://www.polln.com/library/cbd-oil-explained,0,0,0,0.66,201,"2, 100, 1, 2, 2, 1, 4, 3, 2, 2, 2, 2",2026-04-21 05:58:45,"Image pack, Sitelinks, Video, Video Carousel, Related searches, AI overview",informational,Organic
how long is thc detectable in urine,31,0,50,62,0,https://www.polln.com/library/how-long-does-cannabis-stay-in-your-system,0,0,0,0.33,125,"14, 14, 78, 14, 14, 14, 78, 14, 100, 78, 14, 14",2026-04-13 23:45:12,"Sitelinks, Video, People also ask, Related searches, Discussions and forums, AI overview",informational,Organic
weed and driving,38,78,110,37,56.79,https://www.polln.com/library/medicinal-cannabis-and-driving-what-you-need-to-know-as-a-patient-in-australia,0,0,0,0.05,89500000,"64, 78, 100, 100, 78, 64, 64, 78, 78, 50, 64, 78",2026-04-29 07:05:13,"Video, Video Carousel, People also ask, Related searches, Discussions and forums, AI overview",informational,Organic
how long is cannabis detectable in urine,24,0,140,68,0,https://www.polln.com/library/how-long-does-cannabis-stay-in-your-system,0,0,0,0,2740000,"100, 52, 52, 42, 66, 52, 66, 66, 66, 66, 66, 66",2026-04-24 11:54:25,"Sitelinks, Video, People also ask, AI overview",informational,Organic
best medical cannabis australia,1,0,90,39,0,https://www.polln.com/,0,0,0,0,24000000,"0, 0, 0, 5, 23, 29, 82, 82, 82, 100, 100, 64",2026-04-11 22:30:20,"Sitelinks, Video, Related searches, Discussions and forums, AI overview",commercial,AI overview
best cannabis clinic australia,1,1,110,49,0,https://www.polln.com/,0,0,0,0,3960000,"33, 19, 42, 33, 52, 100, 80, 80, 80, 66, 52, 52",2026-03-22 13:52:04,"Knowledge panel, Sitelinks, Video, People also ask, Related searches, Discussions and forums, AI overview",commercial,AI overview
natural products australia,33,33,110,41,1.09,https://www.polln.com/,0,0,0,1,859000000,"42, 34, 34, 42, 53, 34, 26, 42, 34, 42, 42, 26",2026-03-26 13:02:42,"Sitelinks, Image, Popular products, Related searches","commercial, navigational",Organic
natural products australia,68,33,110,41,1.09,https://www.polln.com/,0,0,0,1,859000000,"42, 34, 34, 42, 53, 34, 26, 42, 34, 42, 42, 26",2026-03-26 13:02:42,"Sitelinks, Image, Popular products, Related searches","commercial, navigational",Organic
how long do prescriptions last in australia,14,14,110,19,0,https://www.polln.com/faqs/do-my-prescriptions-expire,0,0,0,0,125,"64, 52, 52, 17, 17, 41, 52, 64, 64, 82, 100, 100",2026-03-26 13:41:08,"Sitelinks, People also ask, Related searches, AI overview",informational,Organic
holistic general practitioner near me,82,81,70,51,1.13,https://www.polln.com/,0,0,0,0.63,110,"26, 34, 34, 26, 19, 34, 26, 34, 19, 34, 19, 15",2026-04-05 16:00:02,"Local pack, People also ask, Related searches, AI overview","informational, transactional",Organic
cannabis dispensary melbourne,38,38,210,34,0,https://www.polln.com/,0,0,0,0,0,"23, 19, 23, 19, 23, 23, 29, 19, 23, 19, 19, 19",2026-03-09 10:29:40,"Local pack, Video, Image, Related searches",commercial,Organic
medical marijuanas perth cost,31,58,320,12,36.72,https://www.polln.com/locations/perth,0,0,0,0.73,134,"100, 35, 29, 54, 81, 54, 81, 66, 66, 66, 66, 54",2026-04-16 08:54:43,"Sitelinks, Video, People also ask, Related searches, AI overview",informational,Organic
cannabis doctor melbourne,16,15,70,35,0,https://www.polln.com/,0,0,0,0.33,1030000,"18, 18, 100, 100, 18, 100, 100, 27, 36, 27, 45, 63",2026-04-18 16:52:47,"Local pack, Video, Related searches, Discussions and forums",commercial,Organic
cannabis doctor melbourne,45,17,70,35,0,https://www.polln.com/locations/melbourne,0,0,0,0.33,1030000,"18, 18, 100, 100, 18, 100, 100, 27, 36, 27, 45, 63",2026-04-18 16:52:47,"Local pack, Video, Related searches, Discussions and forums",commercial,Organic
can i take medication on a plane,57,57,70,32,0,https://www.polln.com/faqs/can-i-travel-with-my-prescription-medications,0,0,0,0,74400000,"100, 18, 18, 100, 18, 100, 100, 36, 63, 100, 63, 63",2026-03-06 05:28:11,"Video, Related searches, AI overview",informational,Organic
indica v sativa,22,13,110,59,0,https://www.polln.com/library/sativa-vs-indica-vs-hybrid-cannabis-what-to-expect,0,0,0,0,10100000,"6, 6, 20, 8, 5, 3, 16, 0, 0, 1, 4, 2",2026-04-15 14:52:58,"Image pack, Sitelinks, Video, Video Carousel, Related searches, AI overview",informational,Organic
alternative health,23,23,50,72,49.72,https://www.polln.com/,0,0,0,0.67,1920000000,"100, 45, 45, 36, 63, 27, 63, 45, 45, 45, 45, 36",2026-03-25 10:56:39,"Local pack, Sitelinks, Video, Image, Related searches",commercial,Organic
alternative health,37,23,50,72,49.72,https://www.polln.com/,0,0,0,0.67,1920000000,"100, 45, 45, 36, 63, 27, 63, 45, 45, 45, 45, 36",2026-03-25 10:56:39,"Local pack, Sitelinks, Video, Image, Related searches",commercial,Organic
australian weed prices,18,16,90,12,0,https://www.polln.com/library/how-much-does-medicinal-cannabis-cost-in-australia,0,0,0,0,190,"52, 52, 4, 66, 52, 52, 33, 42, 33, 52, 33, 42",2026-04-02 10:03:43,"Sitelinks, Video, People also ask, AI overview",transactional,Organic
dr polu,74,59,90,24,0,https://www.polln.com/our-doctors,0,0,0,0,3560000,"66, 66, 52, 66, 66, 66, 52, 80, 0, 9, 0, 0",2026-04-07 05:08:25,"Video, Related searches",informational,Organic
how long is a script valid for in australia,1,1,70,14,0,https://www.polln.com/faqs/do-my-prescriptions-expire,0,0,0,0.33,82,"14, 78, 100, 50, 35, 35, 50, 50, 50, 50, 14, 14",2026-03-06 09:50:03,"Related searches, AI overview",informational,AI overview
terpenes,58,0,1600,50,0.81,https://www.polln.com/library/everything-you-need-to-know-about-cannabis-terpenes,0,0,0,0.31,11600000,"79, 54, 24, 66, 54, 66, 79, 79, 66, 66, 66, 54",2026-04-27 08:56:24,"Knowledge panel, Sitelinks, Video, Video Carousel, People also ask, Related searches, AI overview",informational,Organic
pot doctor near me,74,26,50,50,81.55,https://www.polln.com/locations/canberra,0,0,0,0.36,538000000,"78, 78, 78, 100, 7, 0, 21, 28, 21, 28, 28, 21",2026-04-19 18:53:54,"Video, Related searches, AI overview","informational, transactional",Organic
how long does weed take to leave system,20,20,260,57,0,https://www.polln.com/library/how-long-does-cannabis-stay-in-your-system,0,0,0,0,0,"82, 43, 66, 66, 43, 43, 100, 35, 66, 66, 66, 53",2026-03-17 16:27:59,"Sitelinks, Featured snippet",informational,Organic
how long does pot stay in system,18,18,210,56,0,https://www.polln.com/library/how-long-does-cannabis-stay-in-your-system,0,0,0,0,155,"81, 53, 81, 43, 100, 53, 53, 53, 81, 81, 81, 65",2026-03-30 18:22:12,"Video, People also ask, Short videos, AI overview",informational,Organic
alternalea,25,25,110,25,0,https://www.polln.com/,0,0,0,0,0,"15, 5, 5, 6, 81, 6, 9, 9, 9, 9, 6, 9",2026-03-11 03:20:59,"Knowledge panel, Sitelinks, Video, Ads top, Ads bottom, Video Carousel, Related searches","navigational, transactional",Organic
alternalea,27,25,110,25,0,https://www.polln.com/,0,0,0,0,0,"15, 5, 5, 6, 81, 6, 9, 9, 9, 9, 6, 9",2026-03-11 03:20:59,"Knowledge panel, Sitelinks, Video, Ads top, Ads bottom, Video Carousel, Related searches","navigational, transactional",Organic
online cannabis prescription australia,70,70,480,51,0,https://www.polln.com/locations/perth,0,0,0,0,4760000,"81, 81, 81, 81, 81, 66, 100, 81, 100, 81, 66, 54",2026-03-24 00:00:47,"Video, Related searches, AI overview",informational,Organic
how long will pot stay in your urine,18,18,70,57,0,https://www.polln.com/library/how-long-does-cannabis-stay-in-your-system,0,0,0,0,148,"100, 100, 100, 100, 100, 63, 81, 63, 27, 18, 27, 18",2026-03-28 16:02:53,"Sitelinks, Video, Related searches, Discussions and forums, AI overview",informational,Organic
how long will pot stay in your urine,22,18,70,57,0,https://www.polln.com/library/how-long-does-cannabis-stay-in-your-system,0,0,0,0,148,"100, 100, 100, 100, 100, 63, 81, 63, 27, 18, 27, 18",2026-03-28 16:02:53,"Sitelinks, Video, Related searches, Discussions and forums, AI overview",informational,Organic
c sativa,73,73,320,82,0,https://www.polln.com/library/sativa-vs-indica-vs-hybrid-cannabis-what-to-expect,0,0,0,0,0,"81, 44, 44, 100, 81, 44, 29, 36, 12, 23, 44, 44",2026-03-18 19:49:07,"Knowledge panel, Video, Video Carousel, Related searches",informational,Organic
how long can you drive with medical marijuanas nsw,28,28,210,39,5.04,https://www.polln.com/library/medicinal-cannabis-and-driving-what-you-need-to-know-as-a-patient-in-australia,0,0,0,0.06,547000,"65, 65, 81, 65, 81, 65, 81, 81, 65, 65, 100, 53",2026-03-27 04:03:43,"Video, People also ask, Related searches, AI overview",informational,Organic
medical cannabis nt,11,0,50,21,0,https://www.polln.com/locations/darwin,0,0,0,0,2770000,"0, 0, 100, 100, 71, 71, 100, 100",2026-04-14 21:35:07,"Video, Image, Related searches, Discussions and forums","informational, transactional",Organic
medical cannabis nt,84,0,50,21,0,https://www.polln.com/location-faqs/medical-cannabis-in-alice-springs-is-it-legal,0,0,0,0,2770000,"0, 0, 100, 100, 71, 71, 100, 100",2026-04-14 21:35:07,"Video, Image, Related searches, Discussions and forums","informational, transactional",Organic
medical marijuanas companies,67,67,90,53,18.11,https://www.polln.com/,0,0,0,0.09,0,"100, 81, 63, 81, 81, 100, 81, 63, 81, 100, 63, 81",2026-03-06 12:51:58,"Local pack, Video, Related searches, AI overview",commercial,Organic
how long does thc stay in your urine,17,17,50,60,0,https://www.polln.com/library/how-long-does-cannabis-stay-in-your-system,0,0,0,0.33,0,"17, 12, 12, 12, 17, 23, 17, 7, 7, 5, 5, 5",2026-03-10 04:08:03,"Video, Discussions and forums, AI overview",informational,Organic
medicinal hemp oil,37,37,40,7,2.03,https://www.polln.com/,0,0,0,1,0,"11, 11, 11, 11, 11, 11, 64, 64, 11, 17, 23, 29",2026-03-17 02:14:06,"Sitelinks, Video, Video Carousel, Popular products, Related searches, AI overview","commercial, informational",Organic
medicinal hemp oil,62,37,40,7,2.03,https://www.polln.com/,0,0,0,1,0,"11, 11, 11, 11, 11, 11, 64, 64, 11, 17, 23, 29",2026-03-17 02:14:06,"Sitelinks, Video, Video Carousel, Popular products, Related searches, AI overview","commercial, informational",Organic
canary scripts,80,0,50,38,4.28,https://www.polln.com/locations/brisbane,0,0,0,0.22,2470000,"18, 18, 18, 18, 18, 18, 18, 18, 100, 100, 100, 100",2026-04-12 12:02:49,"Sitelinks, Video, People also ask, Related searches",navigational,Organic
when does a prescription expire,15,15,90,16,0,https://www.polln.com/faqs/do-my-prescriptions-expire,0,0,0,0,109,"81, 63, 45, 63, 81, 81, 100, 63, 63, 63, 81, 100",2026-03-27 12:00:22,"Sitelinks, Related searches, AI overview",informational,Organic
how long do weed stay in your system,37,0,390,65,0,https://www.polln.com/library/how-long-does-cannabis-stay-in-your-system,0,0,0,0,158000000,"0, 0, 0, 0, 0, 0, 0, 0, 36, 36, 36, 36",2026-04-11 05:54:36,"Video, Featured snippet, People also ask, Discussions and forums",informational,Organic
marijuanas vape pen,13,0,110,23,0,https://www.polln.com/library/ultimate-guide-to-vaping-medicinal-cannabis,0,0,0,0,197,"0, 0, 0, 0, 0, 0, 0, 0, 100, 66, 66, 66",2026-04-11 14:52:07,"Sitelinks, Video, Related searches, AI overview",informational,Organic
how long for weed to leave the system,18,18,110,63,0,https://www.polln.com/library/how-long-does-cannabis-stay-in-your-system,0,0,0,0,0,"78, 78, 78, 78, 64, 78, 50, 64, 78, 78, 78, 100",2026-03-07 16:44:09,Featured snippet,informational,Organic
medical marijuana dispensary adelaide,35,0,50,,0,https://www.polln.com/locations/adelaide,0,0,0,0,106,"22, 11, 11, 22, 11, 22, 100, 100, 100, 55, 77, 100",2026-04-29 14:54:35,"Video, Image, People also ask, Related searches, Discussions and forums, AI overview",informational,Organic
medical marijuana dispensary adelaide,99,0,50,,0,https://www.polln.com/,0,0,0,0,106,"22, 11, 11, 22, 11, 22, 100, 100, 100, 55, 77, 100",2026-04-29 14:54:35,"Video, Image, People also ask, Related searches, Discussions and forums, AI overview",informational,Organic
how long does cannabis stay in urine,19,19,390,61,0,https://www.polln.com/library/how-long-does-cannabis-stay-in-your-system,0,0,0,0,136,"81, 36, 36, 44, 67, 36, 36, 36, 44, 44, 36, 44",2026-03-31 12:18:47,"Video, People also ask, Discussions and forums, AI overview",informational,Organic
medicanna health,28,0,90,19,0,https://www.polln.com/,0,0,0,0,75,"52, 41, 41, 41, 41, 29, 52, 52, 52, 64, 64, 52",2026-04-09 17:37:54,"Knowledge panel, Sitelinks, Video, Related searches",navigational,Organic
medical pot doctors,1,1,210,32,115.11,https://www.polln.com/,0,0,0,0.06,232,"100, 80, 65, 100, 100, 80, 65, 100, 100, 100, 80, 80",2026-03-20 02:24:53,"Video, Related searches, AI overview",informational,AI overview
medical pot doctors,68,68,210,32,115.11,https://www.polln.com/locations/adelaide,0,0,0,0.06,232,"100, 80, 65, 100, 100, 80, 65, 100, 100, 100, 80, 80",2026-03-20 02:24:53,"Video, Related searches, AI overview",informational,Organic
medical pot doctors,95,68,210,32,115.11,https://www.polln.com/locations/adelaide,0,0,0,0.06,232,"100, 80, 65, 100, 100, 80, 65, 100, 100, 100, 80, 80",2026-03-20 02:24:53,"Video, Related searches, AI overview",informational,Organic
weed prescription nsw,25,25,50,43,64.4,https://www.polln.com/locations/sydney,0,0,0,0.89,207000,"66, 9, 14, 19, 19, 23, 33, 14, 23, 33, 33, 33",2026-04-17 12:36:10,"Video, Image, People also ask, Related searches, Discussions and forums, Ads middle, AI overview",informational,Organic
medicinal weed qld,54,44,50,49,51.89,https://www.polln.com/locations/brisbane,0,0,0,0.84,824000,"5, 100, 17, 10, 0, 0, 2, 5, 7, 2, 2, 5",2026-04-07 18:45:37,"Video, Image, People also ask, Related searches, Discussions and forums, AI overview",informational,Organic
medicinal weed qld,79,44,50,49,51.89,https://www.polln.com/locations/brisbane,0,0,0,0.84,824000,"5, 100, 17, 10, 0, 0, 2, 5, 7, 2, 2, 5",2026-04-07 18:45:37,"Video, Image, People also ask, Related searches, Discussions and forums, AI overview",informational,Organic
what is medical marijuanas,79,79,70,68,29.8,https://www.polln.com/,0,0,0,0.21,0,"52, 66, 80, 0, 0, 0, 14, 42, 33, 52, 23, 33",2026-03-08 13:17:42,"Video, Related searches, AI overview",informational,Organic
vaping weed oil,77,0,70,43,0,https://www.polln.com/library/ultimate-guide-to-vaping-medicinal-cannabis,0,0,0,0,6250000,"0, 0, 0, 0, 0, 0, 0, 0, 80, 100, 65, 65",2026-04-15 02:25:53,"Sitelinks, Video, People also ask, AI overview",informational,Organic
warrane pharmacy,60,0,110,18,0,https://www.polln.com/locations/sydney,0,0,0,0.02,1220,"64, 41, 64, 52, 64, 64, 64, 64, 64, 64, 64, 52",2026-04-17 19:05:23,"Knowledge panel, Sitelinks, Video","informational, transactional",Organic
cannabis online shop,22,0,50,,0,https://www.polln.com/,0,0,0,0,546000000,"2, 2, 2, 2, 2, 29, 29, 2, 2, 2, 29, 2",2026-04-13 09:36:43,"Sitelinks, Video, Image, Popular products, Related searches",commercial,Organic
indica vs sativa plant,30,11,2900,73,0,https://www.polln.com/library/sativa-vs-indica-vs-hybrid-cannabis-what-to-expect,0,0,0,0,12900000,"65, 65, 100, 100, 100, 81, 3, 54, 81, 81, 54, 81",2026-04-27 02:58:11,"Knowledge panel, Sitelinks, Video, Video Carousel, People also ask, Related searches, Discussions and forums, AI overview","commercial, informational",Organic
can you take medical weed on a plane,1,0,50,25,0,https://www.polln.com/library/travelling-as-a-medicinal-cannabis-patient-in-australia-what-you-need-to-know,0,0,0,0.33,608000,"78, 50, 35, 35, 35, 35, 50, 28, 14, 14, 14, 14",2026-04-02 00:08:53,"Sitelinks, Discussions and forums, AI overview",informational,AI overview
cannabis terpenes,42,42,140,43,0,https://www.polln.com/library/everything-you-need-to-know-about-cannabis-terpenes,0,0,0,0,12100000,"100, 100, 100, 100, 100, 100, 100, 78, 100, 100, 100, 100",2026-03-28 01:56:32,"Image pack, Video, Video Carousel, People also ask, Related searches, Discussions and forums, AI overview",informational,Organic
med thc,21,21,170,63,0,https://www.polln.com/,0,0,0,0,202,"80, 65, 80, 80, 100, 80, 65, 65, 53, 65, 65, 53",2026-03-29 09:28:05,"Video, Related searches, AI overview",informational,Organic
med thc,93,21,170,63,0,https://www.polln.com/,0,0,0,0,202,"80, 65, 80, 80, 100, 80, 65, 65, 53, 65, 65, 53",2026-03-29 09:28:05,"Video, Related searches, AI overview",informational,Organic
how long does weed last in system,17,17,70,58,0,https://www.polln.com/library/how-long-does-cannabis-stay-in-your-system,0,0,0,0,131,"28, 7, 50, 50, 50, 50, 35, 50, 50, 50, 64, 50",2026-03-06 16:59:18,"Video, Related searches, Discussions and forums, AI overview",informational,Organic
how long does weed last in system,29,17,70,58,0,https://www.polln.com/library/how-long-does-cannabis-stay-in-your-system,0,0,0,0,131,"28, 7, 50, 50, 50, 50, 35, 50, 50, 50, 64, 50",2026-03-06 16:59:18,"Video, Related searches, Discussions and forums, AI overview",informational,Organic
what is a terpene,30,25,170,55,0,https://www.polln.com/library/everything-you-need-to-know-about-cannabis-terpenes,0,0,0,0,5100000,"19, 42, 53, 53, 100, 53, 80, 65, 53, 100, 65, 80",2026-04-08 03:50:16,"Image pack, Video, People also ask, Related searches, Short videos, AI overview",informational,Organic
how to get weed out of system for saliva test,34,34,70,41,0,https://www.polln.com/library/how-long-does-cannabis-stay-in-your-system,0,0,0,0.33,4490000,"0, 27, 100, 81, 100, 100, 81, 18, 63, 45, 36, 36",2026-03-10 05:39:11,,informational,Organic
australian access clinics patient portal,17,18,70,24,0,https://www.polln.com/,0,0,0,0.01,6050000,"18, 18, 100, 100, 100, 45, 45, 63, 45, 45, 63, 36",2026-04-24 19:10:43,"Sitelinks, People also ask, Related searches",navigational,Organic
how long does weed last in the body,28,28,110,53,0,https://www.polln.com/library/how-long-does-cannabis-stay-in-your-system,0,0,0,0,144,"100, 43, 22, 18, 8, 4, 8, 10, 10, 14, 18, 18",2026-03-19 17:39:55,"Video, Short videos, Discussions and forums, AI overview",informational,Organic
buy cannabis australia,85,0,50,59,0,https://www.polln.com/,0,0,0,0,27000000,"21, 28, 21, 7, 7, 7, 100, 100, 50, 50, 64, 50",2026-04-13 08:39:45,"Local pack, Video, Image, Related searches, Discussions and forums",transactional,Organic
medical cannabis prescription online,32,0,70,44,0,https://www.polln.com/locations/gold-coast,0,0,0,0,45400000,"18, 100, 100, 18, 100, 63, 63, 36, 81, 45, 63, 81",2026-04-07 20:19:05,"Video, Related searches, Discussions and forums",commercial,Organic
medical cannabis prescription online,40,0,70,44,0,https://www.polln.com/locations/gold-coast,0,0,0,0,45400000,"18, 100, 100, 18, 100, 63, 63, 36, 81, 45, 63, 81",2026-04-07 20:19:05,"Video, Related searches, Discussions and forums",commercial,Organic
medicinal marijuanas tasmania,24,0,70,24,34.69,https://www.polln.com/locations/hobart,0,0,0,0.55,141000,"78, 14, 21, 21, 21, 21, 50, 78, 64, 78, 50, 64",2026-04-17 05:48:38,"Sitelinks, Video, Ads bottom, Related searches, AI overview",informational,Organic
is medical marijuana legal in south australia,11,0,50,36,0,https://www.polln.com/locations/adelaide,0,0,0,0,3790000,"3, 3, 3, 3, 3, 3, 15, 19, 53, 34, 100, 26",2026-04-14 02:33:59,"Sitelinks, Video, Related searches, AI overview",informational,Organic
doctor canna,37,37,480,30,6.28,https://www.polln.com/,0,0,0,0.58,183,"45, 55, 45, 36, 36, 30, 24, 45, 36, 30, 30, 24",2026-03-27 13:24:44,"Knowledge panel, Sitelinks, Video, Related searches",navigational,Organic
doctor canna,57,37,480,30,6.28,https://www.polln.com/,0,0,0,0.58,183,"45, 55, 45, 36, 36, 30, 24, 45, 36, 30, 30, 24",2026-03-27 13:24:44,"Knowledge panel, Sitelinks, Video, Related searches",navigational,Organic
doctor canna,68,68,480,30,6.28,https://www.polln.com/locations/adelaide,0,0,0,0.58,183,"45, 55, 45, 36, 36, 30, 24, 45, 36, 30, 30, 24",2026-03-27 13:24:44,"Knowledge panel, Sitelinks, Video, Related searches",navigational,Organic
doctor canna,70,70,480,30,6.28,https://www.polln.com/locations/sydney,0,0,0,0.58,183,"45, 55, 45, 36, 36, 30, 24, 45, 36, 30, 30, 24",2026-03-27 13:24:44,"Knowledge panel, Sitelinks, Video, Related searches",navigational,Organic
doctor canna,72,72,480,30,6.28,https://www.polln.com/locations/hobart,0,0,0,0.58,183,"45, 55, 45, 36, 36, 30, 24, 45, 36, 30, 30, 24",2026-03-27 13:24:44,"Knowledge panel, Sitelinks, Video, Related searches",navigational,Organic
doctor canna,74,74,480,30,6.28,https://www.polln.com/locations/melbourne,0,0,0,0.58,183,"45, 55, 45, 36, 36, 30, 24, 45, 36, 30, 30, 24",2026-03-27 13:24:44,"Knowledge panel, Sitelinks, Video, Related searches",navigational,Organic
doctor canna,77,77,480,30,6.28,https://www.polln.com/locations/darwin,0,0,0,0.58,183,"45, 55, 45, 36, 36, 30, 24, 45, 36, 30, 30, 24",2026-03-27 13:24:44,"Knowledge panel, Sitelinks, Video, Related searches",navigational,Organic
medicinal weed nsw,59,0,90,46,65.55,https://www.polln.com/locations/sydney,0,0,0,0.95,1520000,"21, 17, 21, 5, 5, 4, 5, 9, 3, 7, 5, 5",2026-04-20 21:39:59,"Video, Image, Ads bottom, People also ask, Related searches, Discussions and forums, AI overview",informational,Organic
all the doctors in order,78,78,70,42,0,https://www.polln.com/,0,0,0,0,0,"52, 41, 41, 52, 52, 82, 41, 29, 17, 29, 23, 41",2026-03-18 04:14:15,"Sitelinks, Video, Image, Related searches, AI overview",informational,Organic
online perscriptions,73,73,110,28,0,https://www.polln.com/,0,0,0,0,0,"55, 5, 6, 5, 2, 30, 3, 3, 1, 2, 0, 3",2026-03-07 10:15:57,"Video, Related searches","commercial, informational",Organic
eastern medicine near me,53,0,1600,31,1.12,https://www.polln.com/,0,0,0,0.31,132,"10, 66, 79, 100, 79, 66, 5, 66, 79, 79, 66, 66",2026-04-02 05:08:20,"Local pack, Related searches, AI overview","informational, transactional",Organic
canabis prescription,45,0,70,,55.11,https://www.polln.com/locations/canberra,0,0,0,0.22,139,"6, 4, 14, 14, 4, 4, 4, 4, 8, 10, 4, 100",2026-04-17 03:23:35,"Video, Video Carousel, Related searches",informational,Organic
canabis prescription,76,0,70,,55.11,https://www.polln.com/locations/perth,0,0,0,0.22,139,"6, 4, 14, 14, 4, 4, 4, 4, 8, 10, 4, 100",2026-04-17 03:23:35,"Video, Video Carousel, Related searches",informational,Organic
canabis prescription,96,0,70,,55.11,https://www.polln.com/locations/adelaide,0,0,0,0.22,139,"6, 4, 14, 14, 4, 4, 4, 4, 8, 10, 4, 100",2026-04-17 03:23:35,"Video, Video Carousel, Related searches",informational,Organic
how long does thc stay in urine test,1,1,260,61,0,https://www.polln.com/library/how-long-does-cannabis-stay-in-your-system,0,0,0,0,1840000,"29, 35, 35, 43, 43, 35, 43, 66, 81, 100, 43, 43",2026-03-14 21:07:35,"Video, Related searches, AI overview",informational,AI overview
medical cannabis near me,60,26,90,46,0,https://www.polln.com/locations/canberra,0,0,0,0,146,"29, 10, 10, 10, 14, 10, 35, 35, 29, 10, 18, 14",2026-04-01 19:18:42,"Local pack, Image",transactional,Organic
marijuana clinics,66,66,50,46,0,https://www.polln.com/locations/adelaide,0,0,0,0,137,"2, 0, 0, 29, 29, 29, 29, 2, 0, 0, 0, 0",2026-03-11 19:54:27,"Video, Image, Related searches, AI overview",informational,Organic
can cbd oil,27,49,1000,54,0,https://www.polln.com/library/cbd-oil-explained,0,0,0,0,219,"76, 76, 76, 76, 67, 67, 76, 67, 67, 76, 76, 76",2026-04-06 11:10:28,"Video, Video Carousel, Related searches, AI overview",informational,Organic
prescription online australia,35,35,260,37,0,https://www.polln.com/,0,0,0,0,215,"20, 16, 16, 16, 13, 16, 24, 16, 16, 16, 16, 20",2026-03-23 21:46:51,"Sitelinks, Video, Related searches","commercial, informational",Organic
weed in system,26,0,90,62,0,https://www.polln.com/library/how-long-does-cannabis-stay-in-your-system,0,0,0,0,175000000,"14, 2, 14, 14, 14, 14, 2, 3, 2, 1, 14, 2",2026-04-27 18:26:01,"Image pack, Video, People also ask, Discussions and forums, AI overview",informational,Organic
cannabis vaping,7,0,90,17,0,https://www.polln.com/library/ultimate-guide-to-vaping-medicinal-cannabis,0,0,0,0,22600000,"1, 1, 1, 0, 0, 0, 0, 0, 81, 66, 1, 0",2026-04-11 13:51:23,"Sitelinks, Video, Video Carousel, People also ask, Related searches, Discussions and forums, AI overview",informational,Organic
alternaleaf melbourne,20,0,40,18,78.58,https://www.polln.com/locations/melbourne,0,0,0,0.77,92,"28, 57, 28, 28, 28, 100, 100, 57, 71, 71, 71, 71",2026-04-15 23:16:08,"Knowledge panel, Sitelinks, Related searches",navigational,Organic
alternaleaf melbourne,40,0,40,18,78.58,https://www.polln.com/locations/melbourne,0,0,0,0.77,92,"28, 57, 28, 28, 28, 100, 100, 57, 71, 71, 71, 71",2026-04-15 23:16:08,"Knowledge panel, Sitelinks, Related searches",navigational,Organic
sativa v indica,11,12,70,72,0,https://www.polln.com/library/sativa-vs-indica-vs-hybrid-cannabis-what-to-expect,0,0,0,0,10600000,"64, 64, 64, 64, 52, 52, 41, 23, 5, 29, 41, 41",2026-04-06 18:27:05,"Image pack, Video, Video Carousel, People also ask, Short videos, Discussions and forums, AI overview",informational,Organic
indica sativa differences,9,9,140,71,0,https://www.polln.com/library/sativa-vs-indica-vs-hybrid-cannabis-what-to-expect,0,0,0,0,0,"0, 0, 1, 0, 0, 1, 1, 72, 100, 0, 0, 0",2026-03-16 10:49:48,"Image pack, Video Carousel, Related searches, Short videos, Discussions and forums, AI overview",informational,Organic
ibogaine treatment australia,75,75,390,16,0,https://www.polln.com/,0,0,0,0.01,37700,"100, 13, 16, 30, 16, 16, 30, 24, 24, 24, 45, 24",2026-03-30 16:54:57,"Sitelinks, People also ask",informational,Organic
medical card weed,16,16,90,61,48.48,https://www.polln.com/,0,0,0,0.18,21300000,"64, 35, 64, 100, 78, 64, 50, 64, 50, 50, 64, 50",2026-03-20 02:45:19,"Video, Related searches, See results about, Discussions and forums, AI overview",informational,Organic
medical card weed,25,16,90,61,48.48,https://www.polln.com/,0,0,0,0.18,21300000,"64, 35, 64, 100, 78, 64, 50, 64, 50, 50, 64, 50",2026-03-20 02:45:19,"Video, Related searches, See results about, Discussions and forums, AI overview",informational,Organic
how long do prescriptions last australia,12,0,50,9,0,https://www.polln.com/faqs/do-my-prescriptions-expire,0,0,0,0.33,50700000,"1, 2, 3, 5, 5, 3, 5, 5, 5, 1, 1, 1",2026-04-13 23:53:30,"Sitelinks, Video, Related searches, AI overview",informational,Organic
medicann clinics,64,0,720,28,0,https://www.polln.com/locations/brisbane,0,0,0,0,15700,"76, 45, 45, 36, 45, 36, 36, 45, 67, 55, 45, 100",2026-04-09 07:04:59,"Knowledge panel, Sitelinks, Video, People also ask, Related searches",navigational,Organic
medicann clinics,79,60,720,28,0,https://www.polln.com/locations/sydney,0,0,0,0,15700,"76, 45, 45, 36, 45, 36, 36, 45, 67, 55, 45, 100",2026-04-09 07:04:59,"Knowledge panel, Sitelinks, Video, People also ask, Related searches",navigational,Organic
medicann clinics,94,87,720,28,0,https://www.polln.com/locations/adelaide,0,0,0,0,15700,"76, 45, 45, 36, 45, 36, 36, 45, 67, 55, 45, 100",2026-04-09 07:04:59,"Knowledge panel, Sitelinks, Video, People also ask, Related searches",navigational,Organic
doctor alice springs,67,67,50,18,3.13,https://www.polln.com/,0,0,0,0.3,0,"35, 64, 35, 14, 35, 28, 28, 21, 35, 35, 50, 35",2026-03-10 09:42:58,"Local pack, Video, Image, Related searches",commercial,Organic
alternative doctors near me,24,24,320,43,1.56,https://www.polln.com/,0,0,0,0.6,119,"81, 54, 54, 100, 23, 44, 54, 44, 44, 44, 28, 35",2026-03-19 14:56:10,"Local pack, Related searches, AI overview","informational, transactional",Organic
how do i get medical cannabis,70,0,210,46,35.15,https://www.polln.com/library/getting-access-to-prescription-natural-medicine-in-australia,0,0,0,0.4,112000000,"0, 0, 0, 0, 0, 0, 5, 32, 59, 100, 32, 32",2026-04-30 07:07:17,"Video, People also ask, Related searches, Discussions and forums, AI overview",informational,Organic
marijuana pills,25,25,90,60,0,https://www.polln.com/,0,0,0,0,48000000,"2, 2, 2, 4, 29, 29, 29, 22, 29, 29, 29, 2",2026-03-18 12:32:50,"Image pack, Video, Related searches, Discussions and forums, AI overview",informational,Organic
medical marijuanas,41,41,390,74,0,https://www.polln.com/,0,0,0,0,0,"30, 8, 8, 8, 7, 24, 13, 13, 41, 20, 3, 7",2026-03-17 01:46:50,"Local pack, Video, Video Carousel, Related searches, AI overview",informational,Organic
how long does cannabinoid oil stay in your system,11,0,50,14,0,https://www.polln.com/library/how-long-does-cannabis-stay-in-your-system,0,0,0,0.33,88,"18, 18, 100, 100, 100, 18, 18, 18, 18, 100, 100, 18",2026-04-13 23:08:19,"Sitelinks, People also ask, Related searches, AI overview",informational,Organic
cannabis dispensary australia,37,0,90,56,0,https://www.polln.com/,0,0,0,0,1240000,"50, 28, 64, 64, 35, 50, 78, 64, 64, 64, 100, 64",2026-04-18 17:09:03,"Knowledge panel, Video, Image, People also ask, Related searches, Discussions and forums, AI overview",informational,Organic
tasmanian botanics,45,45,880,22,3.11,https://www.polln.com/locations/hobart,0,0,0,0.2,22600,"55, 55, 67, 67, 76, 45, 76, 76, 55, 55, 45, 45",2026-03-31 10:17:57,"Knowledge panel, Image pack, Video, Image, Video Carousel, People also ask, Related searches","informational, transactional",Organic
tasmanian botanics,82,45,880,22,3.11,https://www.polln.com/locations/hobart,0,0,0,0.2,22600,"55, 55, 67, 67, 76, 45, 76, 76, 55, 55, 45, 45",2026-03-31 10:17:57,"Knowledge panel, Image pack, Video, Image, Video Carousel, People also ask, Related searches","informational, transactional",Organic
best online prescription service australia,40,41,40,57,3.59,https://www.polln.com/,0,0,0,0.89,93600000,"80, 60, 80, 100, 60, 100, 60, 100, 40, 40, 80, 60",2026-04-28 09:53:32,"Sitelinks, Video, Ads top, Ads bottom, People also ask, Related searches, Discussions and forums, AI overview","commercial, informational",Organic
cbd isolate oil,54,0,70,18,0,https://www.polln.com/library/cbd-oil-explained,0,0,0,0,166,"9, 19, 19, 19, 19, 4, 33, 52, 42, 52, 66, 42",2026-04-11 23:35:13,"Sitelinks, Video, Image, Related searches, AI overview",informational,Organic
online medication,26,26,170,30,2.5,https://www.polln.com/,0,0,0,0.85,217000000,"80, 80, 65, 65, 42, 53, 53, 80, 80, 65, 53, 42",2026-03-24 17:09:47,"Sitelinks, Video, Image, Related searches",commercial,Organic
how long thc stay in your saliva,31,23,90,49,0,https://www.polln.com/library/how-long-does-cannabis-stay-in-your-system,0,0,0,0,812000,"50, 50, 50, 64, 64, 64, 50, 64, 50, 50, 78, 100",2026-04-17 06:44:20,"Video, Featured snippet, People also ask, Related searches",informational,Organic
medical marijuana wa,27,0,70,37,0,https://www.polln.com/locations/perth,0,0,0,0,13500000,"0, 11, 5, 11, 11, 11, 64, 64, 52, 52, 82, 100",2026-04-14 22:08:04,"Sitelinks, Video, Image, Related searches, Discussions and forums, AI overview",informational,Organic
schedule 4 medicine,4,0,90,31,0,https://www.polln.com/library/pharmacy-dispensing-limits-and-intervals,0,0,0,0,628000,"18, 18, 100, 81, 63, 100, 100, 100, 63, 81, 81, 81",2026-04-26 02:51:26,"Image pack, Video, People also ask, Related searches, AI overview",informational,Image pack
is weed legal in tasmania,24,24,90,27,0,https://www.polln.com/location-faqs/can-i-drive-while-taking-medicinal-cannabis-in-tasmania,0,0,0,0,526000,"0, 29, 0, 52, 41, 41, 41, 41, 64, 82, 100, 100",2026-03-27 01:54:28,"Sitelinks, Video, Related searches, Discussions and forums, AI overview",informational,Organic
is weed legal in tasmania,95,95,90,27,0,https://www.polln.com/locations/hobart,0,0,0,0,526000,"0, 29, 0, 52, 41, 41, 41, 41, 64, 82, 100, 100",2026-03-27 01:54:28,"Sitelinks, Video, Related searches, Discussions and forums, AI overview",informational,Organic
buying weed melbourne,18,24,110,50,0,https://www.polln.com/,0,0,0,0,6010000,"21, 43, 34, 53, 53, 34, 21, 28, 53, 34, 43, 34",2026-04-07 05:02:32,"Sitelinks, Video, People also ask, Related searches, AI overview",informational,Organic
medicinebox,19,19,50,23,0.53,https://www.polln.com/,0,0,0,1,1230000000,"0, 0, 0, 81, 0, 0, 0, 0, 0, 0, 0, 0",2026-03-26 10:01:39,"Image pack, Sitelinks, Video, Image, People also ask, Popular products, Related searches",commercial,Organic
weed oil vape,64,0,110,48,0,https://www.polln.com/library/ultimate-guide-to-vaping-medicinal-cannabis,0,0,0,0,16600000,"19, 26, 26, 26, 26, 19, 26, 19, 80, 100, 65, 65",2026-04-02 04:01:12,"Video, Video Carousel, People also ask, Related searches, Discussions and forums",informational,Organic
how long does bhang stay in the blood,14,4,140,55,0,https://www.polln.com/library/how-long-does-cannabis-stay-in-your-system,0,0,0,0,105,"64, 82, 64, 82, 82, 82, 64, 82, 100, 64, 64, 100",2026-03-20 15:07:48,"Video, Image, People also ask, Discussions and forums, AI overview",informational,Organic
melbourne dispensaries,51,0,90,31,0,https://www.polln.com/locations/melbourne,0,0,0,0,129,"63, 63, 81, 63, 81, 100, 100, 81, 63, 81, 63, 81",2026-04-26 08:51:31,"Local pack, Video, Image, Related searches, Discussions and forums",commercial,Organic
cannabis prescription perth,12,12,90,37,0,https://www.polln.com/locations/perth,0,0,0,0.33,162000,"78, 35, 50, 35, 35, 35, 100, 100, 78, 64, 78, 64",2026-03-11 18:40:46,"Knowledge panel, Video, Related searches, Discussions and forums, AI overview",informational,Organic
cannabis prescription perth,96,96,90,37,0,https://www.polln.com/,0,0,0,0.33,162000,"78, 35, 50, 35, 35, 35, 100, 100, 78, 64, 78, 64",2026-03-11 18:40:46,"Knowledge panel, Video, Related searches, Discussions and forums, AI overview",informational,Organic
medical thc oil,35,35,210,40,3.41,https://www.polln.com/,0,0,0,0.05,29600000,"66, 35, 43, 100, 53, 35, 43, 43, 53, 43, 53, 35",2026-03-19 15:10:05,"Sitelinks, Video, Related searches, Discussions and forums, AI overview",informational,Organic
medical thc oil,48,35,210,40,3.41,https://www.polln.com/,0,0,0,0.05,29600000,"66, 35, 43, 100, 53, 35, 43, 43, 53, 43, 53, 35",2026-03-19 15:10:05,"Sitelinks, Video, Related searches, Discussions and forums, AI overview",informational,Organic
medical cannabis adelaide,24,24,140,39,0,https://www.polln.com/,0,0,0,0,0,"34, 34, 26, 26, 26, 19, 65, 65, 65, 80, 100, 80",2026-03-10 22:31:31,"Local pack, Video, Related searches",commercial,Organic
polln review,10,10,70,4,3.57,https://www.polln.com/switch,0,0,0,0.17,0,"52, 11, 11, 52, 11, 0, 64, 82, 41, 52, 64, 29",2026-03-15 15:55:06,"Sitelinks, Related searches, AI overview",commercial,Organic
polln review,12,12,70,4,3.57,https://www.polln.com/library/choosing-a-natural-medicine-clinic-in-australia-what-to-look-for-and-what-to-avoid,0,0,0,0.17,0,"52, 11, 11, 52, 11, 0, 64, 82, 41, 52, 64, 29",2026-03-15 15:55:06,"Sitelinks, Related searches, AI overview",commercial,Organic
polln review,13,13,70,4,3.57,https://www.polln.com/locations/adelaide,0,0,0,0.17,0,"52, 11, 11, 52, 11, 0, 64, 82, 41, 52, 64, 29",2026-03-15 15:55:06,"Sitelinks, Related searches, AI overview",commercial,Organic
polln review,14,14,70,4,3.57,https://www.polln.com/library/how-prescription-natural-medicine-can-be-consumed,0,0,0,0.17,0,"52, 11, 11, 52, 11, 0, 64, 82, 41, 52, 64, 29",2026-03-15 15:55:06,"Sitelinks, Related searches, AI overview",commercial,Organic
polln review,15,15,70,4,3.57,https://www.polln.com/library/natural-therapies-prescription-natural-medicine-and-sleep-disorders,0,0,0,0.17,0,"52, 11, 11, 52, 11, 0, 64, 82, 41, 52, 64, 29",2026-03-15 15:55:06,"Sitelinks, Related searches, AI overview",commercial,Organic
polln review,16,16,70,4,3.57,https://www.polln.com/condition/mental-health,0,0,0,0.17,0,"52, 11, 11, 52, 11, 0, 64, 82, 41, 52, 64, 29",2026-03-15 15:55:06,"Sitelinks, Related searches, AI overview",commercial,Organic
polln review,19,19,70,4,3.57,https://www.polln.com/library,0,0,0,0.17,0,"52, 11, 11, 52, 11, 0, 64, 82, 41, 52, 64, 29",2026-03-15 15:55:06,"Sitelinks, Related searches, AI overview",commercial,Organic
polln review,22,22,70,4,3.57,https://www.polln.com/how-it-works,0,0,0,0.17,0,"52, 11, 11, 52, 11, 0, 64, 82, 41, 52, 64, 29",2026-03-15 15:55:06,"Sitelinks, Related searches, AI overview",commercial,Organic
polln review,25,14,70,4,3.57,https://www.polln.com/library/how-prescription-natural-medicine-can-be-consumed,0,0,0,0.17,0,"52, 11, 11, 52, 11, 0, 64, 82, 41, 52, 64, 29",2026-03-15 15:55:06,"Sitelinks, Related searches, AI overview",commercial,Organic
polln review,28,28,70,4,3.57,https://www.polln.com/library/what-prescription-natural-medicine-products-are-available-in-australia,0,0,0,0.17,0,"52, 11, 11, 52, 11, 0, 64, 82, 41, 52, 64, 29",2026-03-15 15:55:06,"Sitelinks, Related searches, AI overview",commercial,Organic
polln review,33,33,70,4,3.57,https://www.polln.com/privacy-policy,0,0,0,0.17,0,"52, 11, 11, 52, 11, 0, 64, 82, 41, 52, 64, 29",2026-03-15 15:55:06,"Sitelinks, Related searches, AI overview",commercial,Organic
polln review,34,34,70,4,3.57,https://www.polln.com/library/getting-access-to-prescription-natural-medicine-in-australia,0,0,0,0.17,0,"52, 11, 11, 52, 11, 0, 64, 82, 41, 52, 64, 29",2026-03-15 15:55:06,"Sitelinks, Related searches, AI overview",commercial,Organic
polln review,36,36,70,4,3.57,https://www.polln.com/library/everything-you-need-to-know-about-cannabis-terpenes,0,0,0,0.17,0,"52, 11, 11, 52, 11, 0, 64, 82, 41, 52, 64, 29",2026-03-15 15:55:06,"Sitelinks, Related searches, AI overview",commercial,Organic
polln review,38,38,70,4,3.57,https://www.polln.com/our-doctors,0,0,0,0.17,0,"52, 11, 11, 52, 11, 0, 64, 82, 41, 52, 64, 29",2026-03-15 15:55:06,"Sitelinks, Related searches, AI overview",commercial,Organic
polln review,39,39,70,4,3.57,https://www.polln.com/library/medicinal-cannabis-and-driving-what-you-need-to-know-as-a-patient-in-australia,0,0,0,0.17,0,"52, 11, 11, 52, 11, 0, 64, 82, 41, 52, 64, 29",2026-03-15 15:55:06,"Sitelinks, Related searches, AI overview",commercial,Organic
how long can thc stay in your body,27,0,50,61,0,https://www.polln.com/library/how-long-does-cannabis-stay-in-your-system,0,0,0,0.33,34900000,"2, 2, 2, 2, 2, 2, 2, 2, 2, 15, 15, 15",2026-04-28 11:15:59,"Sitelinks, Video, People also ask, Discussions and forums, AI overview",informational,Organic
how long does a script last australia,27,27,50,11,0,https://www.polln.com/faqs/do-my-prescriptions-expire,0,0,0,0.33,524000000,"14, 21, 64, 100, 100, 50, 14, 14, 14, 14, 14, 14",2026-03-29 08:55:47,"Sitelinks, Video, Related searches, AI overview",informational,Organic
how long does a script last australia,33,27,50,11,0,https://www.polln.com/faqs/do-my-prescriptions-expire,0,0,0,0.33,524000000,"14, 21, 64, 100, 100, 50, 14, 14, 14, 14, 14, 14",2026-03-29 08:55:47,"Sitelinks, Video, Related searches, AI overview",informational,Organic
poln,1,0,90,28,4.24,https://www.polln.com/faqs/how-do-i-book-a-consultation,0,0,0,0.29,3030000,"11, 100, 11, 11, 100, 64, 29, 64, 100, 64, 52, 41",2026-04-29 06:58:42,"Sitelinks, Video, People also ask, Related searches",navigational,People also ask
how to get medical marijuanas,45,84,480,60,35.15,https://www.polln.com/library/getting-access-to-prescription-natural-medicine-in-australia,0,0,0,0.4,135,"81, 66, 44, 100, 100, 66, 19, 66, 81, 54, 44, 44",2026-04-26 09:57:41,"Sitelinks, Video, Video Carousel, People also ask, Related searches, Discussions and forums, AI overview",informational,Organic
schedule drugs australia,9,9,90,37,0,https://www.polln.com/library/pharmacy-dispensing-limits-and-intervals,0,0,0,0,67300000,"26, 26, 53, 34, 34, 42, 53, 42, 26, 26, 42, 26",2026-03-10 16:54:57,"Image pack, Sitelinks, Video, Related searches, AI overview",informational,Image pack
where to buy weed in perth,29,29,50,17,0,https://www.polln.com/locations/perth,0,0,0,0.33,7590000,"18, 18, 18, 18, 18, 18, 81, 81, 100, 81, 81, 81",2026-03-26 15:11:38,"Local pack, Sitelinks, Video, People also ask, Related searches",transactional,Organic
dr nic,53,0,90,14,0,https://www.polln.com/our-doctors,0,0,0,0.02,356000000,"100, 81, 81, 81, 81, 63, 100, 100, 100, 100, 81, 100",2026-04-30 02:41:22,"Image pack, Sitelinks, Related searches",navigational,Organic
best medical cannabis clinic australia,3,0,50,50,0,https://www.polln.com/,0,0,0,0,2870000,"14, 7, 7, 7, 14, 35, 100, 100, 64, 50, 50, 50",2026-04-13 06:00:52,"Local pack, Sitelinks, Video, People also ask, Related searches, Discussions and forums, AI overview",commercial,Organic
how long does thc really stay in your urine,27,27,170,58,0,https://www.polln.com/library/how-long-does-cannabis-stay-in-your-system,0,0,0,0,152,"80, 53, 42, 53, 80, 53, 42, 65, 80, 53, 65, 65",2026-03-20 17:23:29,"Sitelinks, Video, People also ask, Related searches, Discussions and forums, AI overview",informational,Organic
prescribed thc,88,88,90,61,0,https://www.polln.com/locations/sydney,0,0,0,0,0,"63, 63, 63, 63, 63, 81, 81, 63, 81, 81, 100, 100",2026-03-06 08:23:24,"Video, Video Carousel, Related searches, Discussions and forums, AI overview",informational,Organic
medicinal weed australia,45,51,110,62,0,https://www.polln.com/,0,0,0,0,38400000,"54, 29, 0, 0, 0, 18, 29, 43, 54, 35, 35, 14",2026-04-10 04:08:04,"Video, Image, Video Carousel, People also ask, Related searches, Discussions and forums, AI overview",informational,Organic
how long do scripts last australia,1,1,90,6,0,https://www.polln.com/faqs/do-my-prescriptions-expire,0,0,0,0.33,90700000,"17, 100, 82, 82, 82, 11, 41, 64, 41, 52, 23, 41",2026-03-06 09:35:29,"Related searches, AI overview",informational,AI overview
how long do scripts last australia,24,24,90,6,0,https://www.polln.com/faqs/do-my-prescriptions-expire,0,0,0,0.33,90700000,"17, 100, 82, 82, 82, 11, 41, 64, 41, 52, 23, 41",2026-03-06 09:35:29,"Related searches, AI overview",informational,Organic
weed prescription melbourne,14,14,70,47,0,https://www.polln.com/,0,0,0,0.33,314000,"27, 27, 100, 63, 63, 63, 63, 36, 63, 63, 63, 45",2026-03-06 19:50:54,"Video, Related searches, Discussions and forums, AI overview",informational,Organic
weed prescription melbourne,31,31,70,47,0,https://www.polln.com/locations/melbourne,0,0,0,0.33,314000,"27, 27, 100, 63, 63, 63, 63, 36, 63, 63, 63, 45",2026-03-06 19:50:54,"Video, Related searches, Discussions and forums, AI overview",informational,Organic
weed prescription melbourne,64,31,70,47,0,https://www.polln.com/locations/melbourne,0,0,0,0.33,314000,"27, 27, 100, 63, 63, 63, 63, 36, 63, 63, 63, 45",2026-03-06 19:50:54,"Video, Related searches, Discussions and forums, AI overview",informational,Organic
plantmed brisbane,39,36,70,29,5.58,https://www.polln.com/locations/brisbane,0,0,0,0.46,1140,"42, 23, 23, 14, 23, 33, 42, 33, 33, 33, 42, 52",2026-04-05 06:21:26,"Knowledge panel, Sitelinks, Video, Image, Related searches",navigational,Organic
indica and,12,13,320,70,0,https://www.polln.com/library/sativa-vs-indica-vs-hybrid-cannabis-what-to-expect,0,0,0,0,149,"81, 36, 100, 23, 44, 15, 12, 54, 19, 36, 36, 44",2026-04-01 06:39:18,"Knowledge panel, Video, Video Carousel, Related searches, Short videos, Discussions and forums, AI overview",informational,Organic
alternative therapies australia,32,0,40,,39.68,https://www.polln.com/,0,0,0,0.57,130,"44, 22, 33, 33, 33, 44, 77, 77, 22, 55, 100, 22",2026-04-15 08:24:00,"Local pack, Video, Image, People also ask, Related searches",commercial,Organic
marijuana dispensary,49,49,140,49,0,https://www.polln.com/,0,0,0,0,17900000,"19, 19, 19, 19, 19, 19, 9, 19, 19, 19, 19, 19",2026-03-26 19:51:32,"Knowledge panel, Video, Image, Related searches, AI overview",informational,Organic
canna link,27,27,50,69,4.48,https://www.polln.com/,0,0,0,0.56,26700000,"35, 21, 35, 28, 78, 50, 35, 35, 28, 28, 28, 28",2026-03-23 20:34:21,"Knowledge panel, Sitelinks, Related searches",navigational,Organic
polln login,15,32,720,12,3.68,https://www.polln.com/for-clinicians/work-with-polln,0,0,0,0.02,51,"100, 81, 81, 54, 54, 81, 81, 67, 54, 81, 100, 67",2026-04-18 01:41:55,"Sitelinks, Video, Related searches","navigational, transactional",Organic
polln login,17,26,720,12,3.68,https://www.polln.com/faqs/how-is-polln-different-from-a-regular-visit-to-the-doctor,0,0,0,0.02,51,"100, 81, 81, 54, 54, 81, 81, 67, 54, 81, 100, 67",2026-04-18 01:41:55,"Sitelinks, Video, Related searches","navigational, transactional",Organic
polln login,18,9,720,12,3.68,https://www.polln.com/how-it-works,0,0,0,0.02,51,"100, 81, 81, 54, 54, 81, 81, 67, 54, 81, 100, 67",2026-04-18 01:41:55,"Sitelinks, Video, Related searches","navigational, transactional",Organic
polln login,23,17,720,12,3.68,https://www.polln.com/faqs-section/using-the-polln-platform,0,0,0,0.02,51,"100, 81, 81, 54, 54, 81, 81, 67, 54, 81, 100, 67",2026-04-18 01:41:55,"Sitelinks, Video, Related searches","navigational, transactional",Organic
polln login,25,37,720,12,3.68,https://www.polln.com/library,0,0,0,0.02,51,"100, 81, 81, 54, 54, 81, 81, 67, 54, 81, 100, 67",2026-04-18 01:41:55,"Sitelinks, Video, Related searches","navigational, transactional",Organic
polln login,26,36,720,12,3.68,https://www.polln.com/code-of-conduct,0,0,0,0.02,51,"100, 81, 81, 54, 54, 81, 81, 67, 54, 81, 100, 67",2026-04-18 01:41:55,"Sitelinks, Video, Related searches","navigational, transactional",Organic
polln login,27,5,720,12,3.68,https://www.polln.com/faqs,0,0,0,0.02,51,"100, 81, 81, 54, 54, 81, 81, 67, 54, 81, 100, 67",2026-04-18 01:41:55,"Sitelinks, Video, Related searches","navigational, transactional",Organic
polln login,29,0,720,12,3.68,https://www.polln.com/for-clinicians/refer-your-patient,0,0,0,0.02,51,"100, 81, 81, 54, 54, 81, 81, 67, 54, 81, 100, 67",2026-04-18 01:41:55,"Sitelinks, Video, Related searches","navigational, transactional",Organic
polln login,30,34,720,12,3.68,https://www.polln.com/faqs/how-do-i-get-a-medical-card-in-australia,0,0,0,0.02,51,"100, 81, 81, 54, 54, 81, 81, 67, 54, 81, 100, 67",2026-04-18 01:41:55,"Sitelinks, Video, Related searches","navigational, transactional",Organic
polln login,32,40,720,12,3.68,https://www.polln.com/faqs/who-is-polln-for,0,0,0,0.02,51,"100, 81, 81, 54, 54, 81, 81, 67, 54, 81, 100, 67",2026-04-18 01:41:55,"Sitelinks, Video, Related searches","navigational, transactional",Organic
polln login,33,13,720,12,3.68,https://www.polln.com/switch,0,0,0,0.02,51,"100, 81, 81, 54, 54, 81, 81, 67, 54, 81, 100, 67",2026-04-18 01:41:55,"Sitelinks, Video, Related searches","navigational, transactional",Organic
polln login,34,0,720,12,3.68,https://www.polln.com/our-doctors,0,0,0,0.02,51,"100, 81, 81, 54, 54, 81, 81, 67, 54, 81, 100, 67",2026-04-18 01:41:55,"Sitelinks, Video, Related searches","navigational, transactional",Organic
polln login,35,15,720,12,3.68,https://www.polln.com/faqs/how-do-i-book-a-consultation,0,0,0,0.02,51,"100, 81, 81, 54, 54, 81, 81, 67, 54, 81, 100, 67",2026-04-18 01:41:55,"Sitelinks, Video, Related searches","navigational, transactional",Organic
polln login,36,23,720,12,3.68,https://www.polln.com/faqs/can-i-track-my-order,0,0,0,0.02,51,"100, 81, 81, 54, 54, 81, 81, 67, 54, 81, 100, 67",2026-04-18 01:41:55,"Sitelinks, Video, Related searches","navigational, transactional",Organic
polln login,37,0,720,12,3.68,https://www.polln.com/for-clinicians/refer-your-patient,0,0,0,0.02,51,"100, 81, 81, 54, 54, 81, 81, 67, 54, 81, 100, 67",2026-04-18 01:41:55,"Sitelinks, Video, Related searches","navigational, transactional",Organic
polln login,38,21,720,12,3.68,https://www.polln.com/free-discovery-call,0,0,0,0.02,51,"100, 81, 81, 54, 54, 81, 81, 67, 54, 81, 100, 67",2026-04-18 01:41:55,"Sitelinks, Video, Related searches","navigational, transactional",Organic
polln login,39,18,720,12,3.68,https://www.polln.com/faqs-section/bookings-and-payments,0,0,0,0.02,51,"100, 81, 81, 54, 54, 81, 81, 67, 54, 81, 100, 67",2026-04-18 01:41:55,"Sitelinks, Video, Related searches","navigational, transactional",Organic
medical weed doctor near me,50,50,110,34,89.03,https://www.polln.com/locations/adelaide,0,0,0,0.08,132,"78, 100, 0, 100, 100, 100, 78, 78, 78, 78, 64, 100",2026-03-06 19:46:32,"Video, Related searches, AI overview",transactional,Organic
medical weed doctor near me,100,100,110,34,89.03,https://www.polln.com/locations/perth,0,0,0,0.08,132,"78, 100, 0, 100, 100, 100, 78, 78, 78, 78, 64, 100",2026-03-06 19:46:32,"Video, Related searches, AI overview",transactional,Organic
how long does thc stay in your saliva,22,22,90,52,0,https://www.polln.com/library/how-long-does-cannabis-stay-in-your-system,0,0,0,0,910000,"64, 50, 64, 64, 64, 64, 64, 64, 64, 64, 100, 100",2026-03-30 13:18:33,"Video, People also ask, Discussions and forums, AI overview",informational,Organic
doctors who prescribe cbd oil sydney,26,17,70,26,0,https://www.polln.com/,0,0,0,0,120,"78, 78, 100, 50, 35, 35, 64, 78, 64, 50, 35, 21",2026-04-17 12:35:30,"Local pack, Video, Related searches",commercial,Organic
doctors who prescribe cbd oil sydney,38,45,70,26,0,https://www.polln.com/locations/sydney,0,0,0,0,120,"78, 78, 100, 50, 35, 35, 64, 78, 64, 50, 35, 21",2026-04-17 12:35:30,"Local pack, Video, Related searches",commercial,Organic
prescription order online,63,63,110,28,2.17,https://www.polln.com/,0,0,0,0.82,214000000,"64, 23, 82, 64, 64, 17, 64, 100, 82, 64, 41, 41",2026-03-29 20:22:56,"Sitelinks, Video, Related searches, AI overview",informational,Organic
what illness qualifies for medical marijuana's,69,69,50,55,0,https://www.polln.com/library/getting-access-to-prescription-natural-medicine-in-australia,0,0,0,0,120,"57, 57, 57, 71, 100, 100, 100, 71, 100, 42, 42, 14",2026-03-19 02:28:57,"Video, Image, Related searches, AI overview",informational,Organic
does thc show up in blood tests,1,1,170,53,0,https://www.polln.com/library/how-long-does-cannabis-stay-in-your-system,0,0,0,0,123,"65, 65, 53, 53, 65, 65, 65, 100, 65, 65, 80, 53",2026-03-15 21:46:02,"Sitelinks, Related searches, AI overview",informational,AI overview
does thc show up in blood tests,16,16,170,53,0,https://www.polln.com/library/how-long-does-cannabis-stay-in-your-system,0,0,0,0,123,"65, 65, 53, 53, 65, 65, 65, 100, 65, 65, 80, 53",2026-03-15 21:46:02,"Sitelinks, Related searches, AI overview",informational,Organic
traveling with prescription pills,19,19,70,23,0,https://www.polln.com/faqs/can-i-travel-with-my-prescription-medications,0,0,0,0.01,0,"63, 0, 63, 63, 63, 63, 63, 81, 63, 63, 63, 63",2026-03-10 21:42:15,"Sitelinks, Video, Related searches, AI overview",informational,Organic
mighty medic vaporiser,32,32,590,11,0,https://shop.polln.com/products/mighty-medic-1,0,0,0,0,206,"0, 0, 100, 0, 0, 22, 0, 16, 16, 0, 0, 0",2026-03-29 17:40:56,"Sitelinks, Video, Video Carousel, People also ask, Related searches",informational,Organic
medical cannabis pharmacy,58,59,110,33,6.72,https://www.polln.com/,0,0,0,0.06,224,"82, 64, 52, 82, 82, 41, 52, 82, 64, 52, 64, 52",2026-04-04 11:35:12,"Local pack, Video, Image, Related searches",commercial,Organic
pot sativa,39,17,390,83,0,https://www.polln.com/library/sativa-vs-indica-vs-hybrid-cannabis-what-to-expect,0,0,0,0,194,"81, 54, 44, 100, 81, 36, 19, 36, 81, 66, 66, 44",2026-04-10 20:06:25,"Knowledge panel, Video, Related searches, AI overview",informational,Organic
pot sativa,48,17,390,83,0,https://www.polln.com/library/sativa-vs-indica-vs-hybrid-cannabis-what-to-expect,0,0,0,0,194,"81, 54, 44, 100, 81, 36, 19, 36, 81, 66, 66, 44",2026-04-10 20:06:25,"Knowledge panel, Video, Related searches, AI overview",informational,Organic
medicalmarijuanastrains,35,35,110,69,5.36,https://www.polln.com/,0,0,0,0.02,134,"82, 82, 64, 82, 82, 82, 64, 64, 64, 64, 41, 52",2026-03-20 06:45:43,"Video, Related searches, AI overview",informational,Organic
pot sites,47,0,110,44,0,https://www.polln.com/,0,0,0,0.01,313000000,"42, 33, 52, 52, 42, 42, 52, 42, 80, 52, 66, 42",2026-04-29 00:29:47,"Sitelinks, Image, People also ask, Related searches, AI overview",commercial,Organic
cannabis indica,26,26,140,65,0,https://www.polln.com/library/sativa-vs-indica-vs-hybrid-cannabis-what-to-expect,0,0,0,0,0,"10, 10, 10, 8, 10, 10, 10, 8, 10, 10, 10, 10",2026-03-18 11:06:16,"Knowledge panel, Video, Image, Video Carousel, Related searches, Short videos",informational,Organic
medical cannabis and driving qld,51,0,50,30,0,https://www.polln.com/library/medicinal-cannabis-and-driving-what-you-need-to-know-as-a-patient-in-australia,0,0,0,0.33,131,"2, 2, 2, 2, 2, 2, 6, 6, 12, 9, 9, 9",2026-04-29 15:00:00,"Video, Image, People also ask, Related searches, AI overview",informational,Organic
flying with medical marijuanas qld,44,0,110,16,6.11,https://www.polln.com/faqs/can-i-travel-with-my-prescription-medications,0,0,0,0.03,16900,"64, 64, 64, 64, 64, 64, 82, 100, 82, 64, 52, 41",2026-04-14 20:20:01,"Sitelinks, Video, Related searches, Discussions and forums, AI overview",informational,Organic
medical cannabis dispensary perth,17,0,50,19,0,https://www.polln.com/locations/perth,0,0,0,0,94800,"36, 18, 18, 36, 45, 36, 100, 81, 63, 36, 18, 9",2026-04-14 22:20:36,"Local pack, Sitelinks, Video, Image, Related searches, Discussions and forums, AI overview",informational,Organic
alterneaf,18,0,210,34,43.9,https://www.polln.com/,0,0,0,0.78,74800,"100, 4, 18, 54, 66, 35, 43, 66, 35, 35, 66, 43",2026-04-16 19:02:05,"Knowledge panel, Sitelinks, Video, Ads bottom, Video Carousel, People also ask, Related searches",navigational,Organic
dr ardis krueger,36,0,70,18,0,https://www.polln.com/our-doctors,0,0,0,0.33,19500,"100, 100, 100, 100, 100, 100, 27, 18, 18, 0, 0, 18",2026-04-01 05:37:47,"Knowledge panel, Image pack, Video, Related searches",informational,Organic
weed gummies brisbane,50,0,70,12,0,https://www.polln.com/locations/brisbane,0,0,0,0.33,28000,"64, 23, 64, 64, 100, 64, 41, 41, 11, 29, 23, 11",2026-04-04 02:45:34,"Sitelinks, Video, Related searches",informational,Organic
medication refill,38,38,110,38,3.09,https://www.polln.com/,0,0,0,0.81,34800000,"34, 6, 6, 34, 6, 34, 100, 100, 43, 28, 21, 28",2026-03-25 07:08:01,"Sitelinks, Video, Related searches, AI overview",informational,Organic
how long is a medical prescription valid,25,82,90,10,0,https://www.polln.com/faqs/do-my-prescriptions-expire,0,0,0,0,180000000,"42, 33, 52, 42, 52, 42, 42, 52, 33, 42, 42, 33",2026-04-08 13:30:28,"Sitelinks, Image, Related searches, AI overview",informational,Organic
how long is a medical prescription valid,59,82,90,10,0,https://www.polln.com/faqs/do-my-prescriptions-expire,0,0,0,0,180000000,"42, 33, 52, 42, 52, 42, 42, 52, 33, 42, 42, 33",2026-04-08 13:30:28,"Sitelinks, Image, Related searches, AI overview",informational,Organic
how long does cannabis stay in your urine for,15,15,90,57,0,https://www.polln.com/library/how-long-does-cannabis-stay-in-your-system,0,0,0,0,0,"64, 50, 50, 64, 64, 78, 50, 64, 78, 78, 64, 64",2026-03-17 17:22:48,"Video, Short videos, Discussions and forums, AI overview",informational,Organic
medwest medical,86,0,50,28,5.21,https://www.polln.com/locations/perth,0,0,0,0.06,115000,"9, 9, 9, 9, 9, 9, 9, 52, 9, 100, 52, 9",2026-04-12 12:13:34,"Local pack, Sitelinks, Video, People also ask, Related searches",navigational,Organic
medwest medical,88,0,50,28,5.21,https://www.polln.com/locations/perth,0,0,0,0.06,115000,"9, 9, 9, 9, 9, 9, 9, 52, 9, 100, 52, 9",2026-04-12 12:13:34,"Local pack, Sitelinks, Video, People also ask, Related searches",navigational,Organic
medicinal cannabinoids tasmania,31,31,90,28,0,https://www.polln.com/locations/hobart,0,0,0,0,151,"0, 42, 42, 0, 0, 42, 42, 34, 80, 42, 42, 34",2026-03-11 22:37:24,"Knowledge panel, Sitelinks, Video, Related searches, AI overview",informational,Organic
medicinal cannabinoids tasmania,63,31,90,28,0,https://www.polln.com/locations/hobart,0,0,0,0,151,"0, 42, 42, 0, 0, 42, 42, 34, 80, 42, 42, 34",2026-03-11 22:37:24,"Knowledge panel, Sitelinks, Video, Related searches, AI overview",informational,Organic
prescription doctor,52,52,70,54,3.67,https://www.polln.com/,0,0,0,0.79,0,"9, 9, 9, 9, 9, 14, 52, 66, 66, 100, 9, 9",2026-03-17 00:44:06,"Sitelinks, Video, Related searches",informational,Organic
chronic doctors,48,39,170,19,0,https://www.polln.com/,0,0,0,0,270000000,"24, 16, 10, 10, 10, 10, 16, 16, 10, 10, 10, 10",2026-04-03 07:19:38,"Knowledge panel, Sitelinks, Video, Related searches",navigational,Organic
chronic doctors,65,39,170,19,0,https://www.polln.com/,0,0,0,0,270000000,"24, 16, 10, 10, 10, 10, 16, 16, 10, 10, 10, 10",2026-04-03 07:19:38,"Knowledge panel, Sitelinks, Video, Related searches",navigational,Organic
dispensed medical,29,58,40,32,5.8,https://www.polln.com/locations/brisbane,0,0,0,0.75,102,"55, 22, 22, 22, 33, 33, 77, 100, 77, 77, 44, 44",2026-04-19 12:02:03,"Sitelinks, People also ask, Related searches",navigational,Organic
dispensed medical,52,58,40,32,5.8,https://www.polln.com/locations/brisbane,0,0,0,0.75,102,"55, 22, 22, 22, 33, 33, 77, 100, 77, 77, 44, 44",2026-04-19 12:02:03,"Sitelinks, People also ask, Related searches",navigational,Organic
cbd prescription australia,12,0,40,41,13.84,https://www.polln.com/,0,0,0,0.93,5900000,"18, 18, 18, 18, 100, 36, 36, 63, 36, 36, 63, 63",2026-04-15 08:15:23,"Video, Video Carousel, Related searches, AI overview",informational,Organic
indica means,19,19,50,83,0,https://www.polln.com/library/sativa-vs-indica-vs-hybrid-cannabis-what-to-expect,0,0,0,0,0,"0, 0, 0, 0, 0, 0, 100, 0, 0, 0, 6, 5",2026-03-10 10:23:57,"Knowledge panel, Image pack, Video, Related searches",informational,Organic
prescription cannabinoids,83,0,90,61,69.75,https://www.polln.com/,0,0,0,0.06,5500000,"42, 53, 0, 0, 3, 3, 3, 65, 65, 65, 53, 53",2026-04-22 18:22:04,"Video, People also ask, Related searches, Ads middle, AI overview",informational,Organic
free medical marijuanas doctors near me,14,14,70,50,72.13,https://www.polln.com/,0,0,0,0.81,131,"50, 21, 21, 21, 21, 21, 64, 100, 64, 64, 50, 50",2026-03-20 06:47:41,"Local pack, Video, People also ask, Related searches, AI overview","informational, transactional",Organic
free medical marijuanas doctors near me,21,14,70,50,72.13,https://www.polln.com/,0,0,0,0.81,131,"50, 21, 21, 21, 21, 21, 64, 100, 64, 64, 50, 50",2026-03-20 06:47:41,"Local pack, Video, People also ask, Related searches, AI overview","informational, transactional",Organic
free medical marijuanas doctors near me,87,87,70,50,72.13,https://www.polln.com/locations/adelaide,0,0,0,0.81,131,"50, 21, 21, 21, 21, 21, 64, 100, 64, 64, 50, 50",2026-03-20 06:47:41,"Local pack, Video, People also ask, Related searches, AI overview","informational, transactional",Organic
canary health,53,53,40,17,4.7,https://www.polln.com/locations/brisbane,0,0,0,0.26,0,"18, 18, 18, 18, 18, 18, 100, 18, 18, 18, 100, 18",2026-03-13 06:48:12,"Knowledge panel, Video, Image, Related searches","navigational, transactional",Organic
medicinal mushrooms australia,56,0,210,48,1.21,https://www.polln.com/,0,0,0,1,213,"23, 23, 36, 23, 23, 19, 36, 29, 29, 29, 29, 36",2026-04-01 14:43:27,"Sitelinks, People also ask, Related searches, AI overview",informational,Organic
medicinal mushrooms australia,95,0,210,48,1.21,https://www.polln.com/,0,0,0,1,213,"23, 23, 36, 23, 23, 19, 36, 29, 29, 29, 29, 36",2026-04-01 14:43:27,"Sitelinks, People also ask, Related searches, AI overview",informational,Organic
buy weed online australia,12,8,140,52,0,https://www.polln.com/,0,0,0,0,140,"12, 10, 23, 23, 17, 23, 66, 43, 43, 43, 66, 66",2026-04-18 10:17:37,"Image, Related searches, AI overview",informational,Organic
how long will weed stay in system,21,21,210,59,0,https://www.polln.com/library/how-long-does-cannabis-stay-in-your-system,0,0,0,0,231000000,"54, 35, 28, 44, 44, 44, 28, 35, 35, 28, 28, 35",2026-04-03 22:55:05,"Video, People also ask, Discussions and forums, AI overview",informational,Organic
medical marijuana perth,18,18,210,43,0,https://www.polln.com/locations/perth,0,0,0,0,380000,"59, 11, 7, 9, 9, 9, 26, 26, 26, 26, 26, 21",2026-03-08 15:12:12,"Knowledge panel, Sitelinks, Video, Related searches, Discussions and forums, AI overview",informational,Organic
medical marijuana perth,20,18,210,43,0,https://www.polln.com/locations/perth,0,0,0,0,380000,"59, 11, 7, 9, 9, 9, 26, 26, 26, 26, 26, 21",2026-03-08 15:12:12,"Knowledge panel, Sitelinks, Video, Related searches, Discussions and forums, AI overview",informational,Organic
online health store,36,36,110,63,0.97,https://www.polln.com/,0,0,0,1,139,"23, 17, 17, 17, 12, 12, 66, 100, 35, 17, 5, 7",2026-03-08 04:45:24,"Sitelinks, Related searches",informational,Organic
online medical marijuanas doctor near me,18,18,50,55,0,https://www.polln.com/,0,0,0,0,0,"77, 44, 77, 44, 77, 11, 55, 77, 55, 55, 77, 77",2026-03-08 04:54:36,"Local pack, Video, Related searches","informational, transactional",Organic
online medical marijuanas doctor near me,53,53,50,55,0,https://www.polln.com/locations/adelaide,0,0,0,0,0,"77, 44, 77, 44, 77, 11, 55, 77, 55, 55, 77, 77",2026-03-08 04:54:36,"Local pack, Video, Related searches","informational, transactional",Organic
functional medicine australia,35,48,140,29,1.23,https://www.polln.com/,0,0,0,0.38,244000000,"53, 26, 34, 34, 42, 26, 100, 80, 80, 65, 53, 53",2026-04-02 10:53:28,"Local pack, Video, Ads bottom, Related searches",informational,Organic
cbd clinics australia,8,0,110,50,12.09,https://www.polln.com/,0,0,0,0.65,3760000,"52, 64, 64, 82, 82, 82, 52, 82, 52, 52, 64, 41",2026-04-06 18:17:28,"Knowledge panel, Sitelinks, Video, Related searches",navigational,Organic
rays wellness brisbane,32,32,390,24,3.79,https://www.polln.com/locations/brisbane,0,0,0,0.04,0,"7, 9, 17, 17, 17, 17, 14, 26, 59, 100, 100, 100",2026-03-16 04:54:08,"Knowledge panel, Video, Image, Related searches","informational, navigational",Organic
cannabis doctors australia,86,86,170,52,0,https://www.polln.com/locations/perth,0,0,0,0,6400000,"13, 13, 16, 10, 13, 8, 16, 10, 10, 6, 6, 6",2026-03-25 13:03:42,"Local pack, Video, Image, Related searches",commercial,Organic
pharmacy cbd,27,69,170,35,3.71,https://www.polln.com/,0,0,0,0.16,129,"43, 29, 54, 54, 43, 29, 43, 35, 29, 29, 35, 43",2026-04-03 07:27:52,"Local pack, Sitelinks, Video, Image, Related searches",commercial,Organic
pure cannabidiol oil,75,75,70,68,1.72,https://www.polln.com/library/cbd-oil-explained,0,0,0,0.14,0,"33, 33, 33, 52, 19, 23, 23, 33, 100, 33, 33, 19",2026-03-09 02:13:58,"Sitelinks, Video, Image, Popular products, Related searches, Discussions and forums, AI overview",commercial,Organic
pure cannabidiol oil,82,75,70,68,1.72,https://www.polln.com/library/cbd-oil-explained,0,0,0,0.14,0,"33, 33, 33, 52, 19, 23, 23, 33, 100, 33, 33, 19",2026-03-09 02:13:58,"Sitelinks, Video, Image, Popular products, Related searches, Discussions and forums, AI overview",commercial,Organic
health pharmacy,48,48,210,49,2.01,https://www.polln.com/,0,0,0,0.55,148,"80, 100, 80, 80, 80, 65, 80, 100, 80, 100, 100, 80",2026-03-23 09:05:58,"Local pack, Sitelinks, Video, Image, Related searches",commercial,Organic
alteraleaf,20,0,260,29,43.9,https://www.polln.com/,0,0,0,0.78,127,"1, 29, 36, 29, 54, 44, 100, 36, 29, 29, 36, 44",2026-04-04 04:31:13,"Knowledge panel, Sitelinks, Video, People also ask, Related searches","navigational, transactional",Organic
cannabis pharmacy,34,66,140,50,2.58,https://www.polln.com/,0,0,0,0.02,186,"43, 43, 35, 29, 35, 54, 29, 29, 22, 14, 22, 22",2026-04-07 14:21:50,"Local pack, Video, Related searches",commercial,Organic
cannabis pharmacy,64,0,140,50,2.58,https://www.polln.com/locations/canberra,0,0,0,0.02,186,"43, 43, 35, 29, 35, 54, 29, 29, 22, 14, 22, 22",2026-04-07 14:21:50,"Local pack, Video, Related searches",commercial,Organic
cannabis pharmacy,85,0,140,50,2.58,https://www.polln.com/locations/perth,0,0,0,0.02,186,"43, 43, 35, 29, 35, 54, 29, 29, 22, 14, 22, 22",2026-04-07 14:21:50,"Local pack, Video, Related searches",commercial,Organic
medicinal marijuanas nsw driving,28,28,70,22,41.09,https://www.polln.com/library/medicinal-cannabis-and-driving-what-you-need-to-know-as-a-patient-in-australia,0,0,0,0.28,254000,"53, 19, 19, 26, 34, 26, 65, 34, 26, 7, 11, 3",2026-03-12 00:48:41,"Top stories, Video, Video Carousel, Related searches, Discussions and forums, AI overview",informational,Organic
medicinal marijuanas nsw driving,44,28,70,22,41.09,https://www.polln.com/library/medicinal-cannabis-and-driving-what-you-need-to-know-as-a-patient-in-australia,0,0,0,0.28,254000,"53, 19, 19, 26, 34, 26, 65, 34, 26, 7, 11, 3",2026-03-12 00:48:41,"Top stories, Video, Video Carousel, Related searches, Discussions and forums, AI overview",informational,Organic
what is cbd in australia,16,13,110,38,0,https://www.polln.com/library/cbd-oil-explained,0,0,0,0,130,"0, 0, 0, 100, 0, 0, 0, 0, 0, 1, 6, 6",2026-04-25 21:00:01,"Video, Image, People also ask, Related searches, AI overview",informational,Organic
how long is cannabis in the system,18,16,90,55,0,https://www.polln.com/library/how-long-does-cannabis-stay-in-your-system,0,0,0,0,116000000,"64, 50, 50, 64, 50, 50, 50, 50, 35, 50, 100, 50",2026-04-08 13:22:44,"Video, People also ask, Discussions and forums, AI overview",informational,Organic
how long is cannabis in the system,29,16,90,55,0,https://www.polln.com/library/how-long-does-cannabis-stay-in-your-system,0,0,0,0,116000000,"64, 50, 50, 64, 50, 50, 50, 50, 35, 50, 100, 50",2026-04-08 13:22:44,"Video, People also ask, Discussions and forums, AI overview",informational,Organic
prescription delivery,40,40,480,26,0.78,https://www.polln.com/,0,0,0,0.6,112,"54, 44, 54, 44, 66, 66, 81, 66, 66, 66, 66, 66",2026-03-23 06:29:36,"Sitelinks, Video, People also ask, Related searches, AI overview",informational,Organic
how long does cannabis stay in blood,1,0,140,61,0,https://www.polln.com/library/how-long-does-cannabis-stay-in-your-system,0,0,0,0,64200000,"82, 82, 64, 82, 82, 64, 82, 82, 64, 52, 64, 82",2026-04-24 18:03:12,"Video, People also ask, AI overview",informational,AI overview
how long does cannabis stay in blood,32,23,140,61,0,https://www.polln.com/library/how-long-does-cannabis-stay-in-your-system,0,0,0,0,64200000,"82, 82, 64, 82, 82, 64, 82, 82, 64, 52, 64, 82",2026-04-24 18:03:12,"Video, People also ask, AI overview",informational,Organic
medication review,75,72,140,25,0,https://www.polln.com/,0,0,0,0,222000000,"64, 64, 82, 64, 100, 82, 82, 100, 82, 100, 64, 64",2026-04-02 10:28:17,"Video, Image, Video Carousel, Related searches, Discussions and forums, AI overview","commercial, informational",Organic
how long is weed in urine,33,0,70,61,0,https://www.polln.com/library/how-long-does-cannabis-stay-in-your-system,0,0,0,0,165,"63, 63, 81, 63, 63, 63, 45, 63, 45, 63, 81, 63",2026-04-24 11:17:44,"Sitelinks, Video, People also ask, Discussions and forums, AI overview",informational,Organic
getting a med card,33,0,40,57,63.55,https://www.polln.com/library/getting-access-to-prescription-natural-medicine-in-australia,0,0,0,0.73,844000000,"50, 28, 78, 78, 14, 14, 14, 14, 0, 14, 21, 0",2026-04-22 21:59:14,"Video, Ads bottom, Related searches, Discussions and forums, AI overview",informational,Organic
how long does weed last in your body,33,0,110,60,0,https://www.polln.com/library/how-long-does-cannabis-stay-in-your-system,0,0,0,0,178000000,"82, 64, 64, 64, 100, 52, 41, 52, 64, 64, 52, 52",2026-04-24 11:19:55,"Video, People also ask, Related searches, Discussions and forums, AI overview",informational,Organic
online prescription,38,0,1000,48,0,https://www.polln.com/,0,0,0,0,417000000,"19, 15, 19, 19, 13, 15, 15, 13, 15, 15, 13, 15",2026-04-04 04:03:22,"Video, Related searches","commercial, informational",Organic
online prescription,46,0,1000,48,0,https://www.polln.com/,0,0,0,0,417000000,"19, 15, 19, 19, 13, 15, 15, 13, 15, 15, 13, 15",2026-04-04 04:03:22,"Video, Related searches","commercial, informational",Organic
online prescription,65,0,1000,48,0,https://www.polln.com/,0,0,0,0,417000000,"19, 15, 19, 19, 13, 15, 15, 13, 15, 15, 13, 15",2026-04-04 04:03:22,"Video, Related searches","commercial, informational",Organic
medication on a plane,62,62,50,39,0,https://www.polln.com/faqs/can-i-travel-with-my-prescription-medications,0,0,0,0.33,48700000,"14, 35, 35, 50, 50, 14, 78, 14, 14, 14, 78, 14",2026-03-10 22:58:28,"Video, Image, Related searches, Discussions and forums, AI overview",informational,Organic
marijuana prescription perth,1,0,50,20,0,https://www.polln.com/locations/perth,0,0,0,0,163000,"55, 55, 77, 44, 33, 22, 100, 100, 77, 44, 55, 22",2026-04-14 20:59:32,"Sitelinks, Video, Related searches, AI overview",informational,AI overview
australian pollen,43,43,70,52,0,https://www.polln.com/,0,0,0,0.08,47900000,"50, 35, 50, 50, 35, 21, 35, 14, 78, 78, 78, 78",2026-03-26 10:09:47,"Video, Image, Video Carousel, People also ask, Related searches, AI overview",informational,Organic
buy cbd oil online,31,31,140,48,0,https://www.polln.com/,0,0,0,0,198,"15, 15, 15, 1, 15, 1, 15, 15, 15, 19, 19, 19",2026-03-26 07:03:15,"Sitelinks, Video",transactional,Organic
how long does weed stay in system for drug test,17,17,70,57,0,https://www.polln.com/library/how-long-does-cannabis-stay-in-your-system,0,0,0,0,0,"9, 14, 9, 52, 9, 9, 52, 66, 100, 52, 23, 33",2026-03-16 18:16:05,"Sitelinks, Video, Related searches, AI overview",informational,Organic
cbt oil,18,18,170,67,17.83,https://www.polln.com/library/cbd-oil-explained,0,0,0,0.66,28500000,"1, 66, 23, 23, 28, 35, 15, 28, 35, 18, 54, 28",2026-03-23 03:24:35,"Sitelinks, Video, Popular products, Related searches, Discussions and forums, AI overview","commercial, informational",Organic
cbt oil,77,18,170,67,17.83,https://www.polln.com/library/cbd-oil-explained,0,0,0,0.66,28500000,"1, 66, 23, 23, 28, 35, 15, 28, 35, 18, 54, 28",2026-03-23 03:24:35,"Sitelinks, Video, Popular products, Related searches, Discussions and forums, AI overview","commercial, informational",Organic
nectar brands,36,0,140,24,0,https://www.polln.com/,0,0,0,0.01,29300000,"43, 35, 43, 23, 28, 17, 23, 28, 35, 35, 82, 28",2026-04-22 16:38:01,"Sitelinks, Video, People also ask, Related searches",navigational,Organic
nectar brands,84,0,140,24,0,https://www.polln.com/,0,0,0,0.01,29300000,"43, 35, 43, 23, 28, 17, 23, 28, 35, 35, 82, 28",2026-04-22 16:38:01,"Sitelinks, Video, People also ask, Related searches",navigational,Organic
how long does weed remain in your system,28,28,210,61,0,https://www.polln.com/library/how-long-does-cannabis-stay-in-your-system,0,0,0,0,92700000,"81, 65, 53, 81, 81, 81, 34, 53, 65, 53, 65, 65",2026-03-26 08:46:23,"Video, People also ask, Short videos, Discussions and forums, AI overview",informational,Organic
different types of dagga,27,87,170,65,0,https://www.polln.com/library/sativa-vs-indica-vs-hybrid-cannabis-what-to-expect,0,0,0,0,14000000,"80, 53, 42, 53, 100, 100, 42, 65, 65, 65, 80, 65",2026-04-21 22:51:40,"Image pack, Video, Video Carousel, Related searches, AI overview",informational,Organic
different types of dagga,41,87,170,65,0,https://www.polln.com/library/sativa-vs-indica-vs-hybrid-cannabis-what-to-expect,0,0,0,0,14000000,"80, 53, 42, 53, 100, 100, 42, 65, 65, 65, 80, 65",2026-04-21 22:51:40,"Image pack, Video, Video Carousel, Related searches, AI overview",informational,Organic
medical cannabis dispensary brisbane,16,0,50,42,0,https://www.polln.com/locations/brisbane,0,0,0,0,35000,"44, 22, 55, 33, 33, 22, 100, 77, 55, 55, 100, 55",2026-04-14 08:07:12,"Local pack, Video, Image, Related searches",commercial,Organic
clinic login,62,62,90,19,0,https://www.polln.com/,0,0,0,0.33,565000000,"52, 52, 23, 14, 23, 23, 66, 23, 42, 52, 33, 66",2026-03-10 10:59:24,"Video, Related searches","navigational, transactional",Organic
how long does thc stay in body,28,0,50,61,0,https://www.polln.com/library/how-long-does-cannabis-stay-in-your-system,0,0,0,0.33,34900000,"3, 3, 3, 3, 3, 3, 3, 3, 3, 18, 18, 18",2026-04-28 11:27:33,"Sitelinks, Video, People also ask, Discussions and forums, AI overview",informational,Organic
weed prescription perth,3,0,70,17,66.78,https://www.polln.com/locations/perth,0,0,0,0.89,145000,"63, 27, 36, 45, 36, 36, 100, 100, 100, 63, 63, 45",2026-04-27 03:41:02,"Sitelinks, Video, Ads top, Related searches, Discussions and forums, Ads middle, AI overview",informational,AI overview
cannabis on prescription,20,20,210,57,55.11,https://www.polln.com/,0,0,0,0.22,152,"0, 35, 43, 43, 66, 66, 66, 66, 53, 53, 53, 66",2026-03-20 03:05:22,"Video, Related searches, AI overview",informational,Organic
cannabis online australia,8,0,50,44,0,https://www.polln.com/,0,0,0,0,41900000,"28, 71, 71, 100, 100, 100, 100, 71, 57, 71, 71, 71",2026-04-13 09:29:03,"Video, Related searches, Discussions and forums",informational,Organic
sativa effect,25,20,50,33,0,https://www.polln.com/library/sativa-vs-indica-vs-hybrid-cannabis-what-to-expect,0,0,0,0,31800000,"4, 52, 66, 52, 100, 33, 4, 4, 0, 0, 4, 4",2026-04-02 11:18:29,"Image pack, Video, Video Carousel, People also ask, Related searches, AI overview",informational,Organic
sativa effect,31,20,50,33,0,https://www.polln.com/library/sativa-vs-indica-vs-hybrid-cannabis-what-to-expect,0,0,0,0,31800000,"4, 52, 66, 52, 100, 33, 4, 4, 0, 0, 4, 4",2026-04-02 11:18:29,"Image pack, Video, Video Carousel, People also ask, Related searches, AI overview",informational,Organic
buy weed in brisbane,18,0,50,18,0,https://www.polln.com/locations/brisbane,0,0,0,0,5460000,"11, 22, 22, 0, 100, 11, 77, 77, 77, 77, 77, 100",2026-04-26 16:45:38,"Local pack, Sitelinks, Video, People also ask, Related searches, Discussions and forums, AI overview",informational,Organic
how long does cannabis last in system,34,25,70,57,0,https://www.polln.com/library/how-long-does-cannabis-stay-in-your-system,0,0,0,0,113000000,"63, 63, 63, 81, 63, 63, 45, 63, 81, 63, 81, 63",2026-04-21 04:04:41,"Sitelinks, Video, Discussions and forums, AI overview",informational,Organic
after hours doctor adelaide,60,60,110,39,1.11,https://www.polln.com/,0,0,0,0.74,0,"6, 5, 18, 23, 11, 18, 18, 18, 15, 18, 23, 28",2026-03-11 10:56:15,"Local pack, Video, Related searches",commercial,Organic
taking medication overseas from australia,90,90,170,12,0,https://www.polln.com/faqs/can-i-travel-with-my-prescription-medications,0,0,0,0,0,"65, 53, 65, 100, 53, 65, 53, 65, 43, 28, 21, 21",2026-03-10 07:37:41,"Video, Image, Related searches, AI overview",informational,Organic
cannabis in blood test,20,0,90,60,0,https://www.polln.com/library/how-long-does-cannabis-stay-in-your-system,0,0,0,0,80500000,"64, 78, 64, 78, 100, 64, 78, 64, 64, 50, 64, 50",2026-04-23 06:09:02,"Sitelinks, People also ask, Related searches, AI overview",informational,Organic
cannabidiol oil online,91,11,90,41,30.05,https://www.polln.com/library/cbd-oil-explained,0,0,0,0.94,0,"33, 52, 52, 52, 42, 33, 33, 33, 100, 33, 33, 33",2026-03-13 05:24:58,"Sitelinks, Video, Related searches",commercial,Organic
cbd oil price,40,0,320,30,2.24,https://www.polln.com/library/how-much-does-medicinal-cannabis-cost-in-australia,0,0,0,0.79,82600000,"66, 66, 82, 100, 100, 82, 100, 82, 100, 100, 66, 35",2026-04-01 15:10:50,"Image pack, Sitelinks, Related searches, AI overview",transactional,Organic
how can you get medical weed,53,0,40,52,35.15,https://www.polln.com/library/getting-access-to-prescription-natural-medicine-in-australia,0,0,0,0.4,176000000,"100, 28, 28, 42, 28, 71, 42, 57, 71, 57, 57, 42",2026-04-15 07:46:13,"Video, People also ask, Related searches, Discussions and forums, Ads middle, AI overview",informational,Organic
sativa effects vs indica effects,43,0,110,72,0,https://www.polln.com/library/sativa-vs-indica-vs-hybrid-cannabis-what-to-expect,0,0,0,0,12600000,"41, 64, 52, 64, 64, 52, 64, 52, 64, 64, 82, 100",2026-04-27 21:11:55,"Image pack, Sitelinks, Video, People also ask, Related searches, Discussions and forums, AI overview","commercial, informational",Organic
medicinal cannabis online,85,0,70,44,0,https://www.polln.com/locations/brisbane,0,0,0,0,110000000,"71, 100, 100, 71, 71, 71, 100, 100, 100, 71, 71, 100",2026-04-26 00:06:02,"Video, People also ask, Related searches, Discussions and forums",informational,Organic
medical marijuanas gold coast,13,0,210,21,0,https://www.polln.com/locations/gold-coast,0,0,0,0,219,"72, 9, 4, 7, 14, 14, 21, 17, 17, 21, 21, 21",2026-04-01 14:59:07,"Local pack, Video, Related searches",commercial,Organic
how much is cbd oil on prescription,1,1,390,22,0,https://www.polln.com/library/how-much-does-medicinal-cannabis-cost-in-australia,0,0,0,0,20100000,"44, 54, 81, 100, 100, 81, 54, 66, 54, 54, 44, 44",2026-04-16 09:02:23,"Sitelinks, Video, People also ask, Related searches, AI overview",informational,AI overview
medical cannabis prescription,32,22,590,63,0,https://www.polln.com/,0,0,0,0,73400000,"67, 100, 54, 54, 100, 67, 81, 81, 54, 67, 54, 67",2026-04-10 18:46:26,"Local pack, Video, Related searches, Discussions and forums, AI overview",informational,Organic
how long does pot last in urine,17,17,70,60,0,https://www.polln.com/library/how-long-does-cannabis-stay-in-your-system,0,0,0,0.33,0,"77, 77, 77, 77, 77, 77, 55, 77, 77, 77, 77, 22",2026-03-06 12:09:38,"Sitelinks, Video, Short videos, AI overview",informational,Organic
how long does pot last in urine,24,17,70,60,0,https://www.polln.com/library/how-long-does-cannabis-stay-in-your-system,0,0,0,0.33,0,"77, 77, 77, 77, 77, 77, 55, 77, 77, 77, 77, 22",2026-03-06 12:09:38,"Sitelinks, Video, Short videos, AI overview",informational,Organic
online chemists australia,57,57,260,64,0.83,https://www.polln.com/,0,0,0,1,7700000,"4, 7, 7, 13, 11, 11, 8, 13, 8, 8, 7, 5",2026-04-04 06:32:09,"Sitelinks, Video, Related searches",informational,Organic
how long does pot take to leave your system,14,14,320,53,0,https://www.polln.com/library/how-long-does-cannabis-stay-in-your-system,0,0,0,0,143,"100, 81, 43, 54, 66, 54, 35, 54, 66, 81, 81, 66",2026-03-21 02:18:40,"Sitelinks, Video, Featured snippet, People also ask, Short videos, Discussions and forums",informational,Organic
cannabis store near me,30,0,320,17,0,https://www.polln.com/,0,0,0,0,66100000,"76, 3, 2, 6, 67, 3, 100, 3, 3, 1, 0, 1",2026-04-06 22:47:28,"Knowledge panel, Image, Related searches, AI overview","informational, transactional",Organic
medical marijuana sydney,12,0,140,16,0,https://www.polln.com/locations/sydney,0,0,0,0,3210000,"26, 26, 34, 19, 26, 11, 65, 80, 53, 80, 100, 80",2026-04-18 08:15:42,"Video, Related searches, Discussions and forums, AI overview",informational,Organic
medical marijuana sydney,46,0,140,16,0,https://www.polln.com/,0,0,0,0,3210000,"26, 26, 34, 19, 26, 11, 65, 80, 53, 80, 100, 80",2026-04-18 08:15:42,"Video, Related searches, Discussions and forums, AI overview",informational,Organic
how long is weed in your system for,1,1,110,59,0,https://www.polln.com/library/how-long-does-cannabis-stay-in-your-system,0,0,0,0,67600000,"23, 17, 35, 66, 35, 17, 12, 17, 17, 17, 17, 23",2026-03-20 17:21:28,"Video, People also ask, Discussions and forums, AI overview",informational,AI overview
how long is weed in your system for,12,12,110,59,0,https://www.polln.com/library/how-long-does-cannabis-stay-in-your-system,0,0,0,0,67600000,"23, 17, 35, 66, 35, 17, 12, 17, 17, 17, 17, 23",2026-03-20 17:21:28,"Video, People also ask, Discussions and forums, AI overview",informational,Organic
buy marijuana australia,48,0,50,55,0,https://www.polln.com/,0,0,0,0,18900000,"7, 0, 0, 0, 0, 0, 100, 100, 50, 50, 50, 64",2026-04-26 16:16:49,"Knowledge panel, Video, Image, Related searches, Discussions and forums",transactional,Organic
melbourne dispensary,56,56,110,45,0,https://www.polln.com/,0,0,0,0,0,"41, 41, 52, 52, 52, 64, 82, 82, 52, 52, 64, 100",2026-03-12 07:36:16,"Local pack, Video, Image, Related searches",commercial,Organic
how to get prescribed,66,66,50,35,1.76,https://www.polln.com/,0,0,0,0.78,140,"50, 50, 50, 50, 50, 50, 50, 14, 14, 14, 14, 14",2026-03-26 00:06:18,"Video, Related searches, Discussions and forums, AI overview",informational,Organic
how long after you smoke weed can you drive,76,53,110,41,0,https://www.polln.com/library/medicinal-cannabis-and-driving-what-you-need-to-know-as-a-patient-in-australia,0,0,0,0,39900000,"64, 41, 52, 52, 41, 64, 82, 52, 82, 82, 100, 100",2026-04-24 17:04:42,"Sitelinks, Video, People also ask, Discussions and forums, AI overview",informational,Organic
do prescriptions expire,16,16,210,18,0,https://www.polln.com/faqs/do-my-prescriptions-expire,0,0,0,0,110,"100, 65, 80, 80, 65, 65, 100, 80, 80, 80, 80, 80",2026-03-22 01:11:45,"Sitelinks, Video, Related searches, AI overview",informational,Organic
pot indica,40,36,140,78,0,https://www.polln.com/library/sativa-vs-indica-vs-hybrid-cannabis-what-to-expect,0,0,0,0,82700000,"66, 66, 52, 66, 66, 66, 52, 80, 100, 80, 66, 80",2026-04-18 18:45:16,"Knowledge panel, Sitelinks, Video, Video Carousel, People also ask, Related searches",informational,Organic
strains of cannabis indica,53,24,210,55,0,https://www.polln.com/library/sativa-vs-indica-vs-hybrid-cannabis-what-to-expect,0,0,0,0,12800000,"53, 53, 43, 66, 66, 66, 43, 53, 53, 66, 53, 43",2026-04-21 17:58:07,"Sitelinks, Video, Video Carousel, Related searches, AI overview",informational,Organic
how long does marijuana stay in system,29,22,90,60,0,https://www.polln.com/library/how-long-does-cannabis-stay-in-your-system,0,0,0,0,67500000,"15, 53, 15, 15, 15, 53, 53, 15, 53, 53, 19, 53",2026-04-20 08:39:40,"Video, People also ask, Discussions and forums, AI overview",informational,Organic
can i take meds on a plane,94,94,70,30,0,https://www.polln.com/faqs/can-i-travel-with-my-prescription-medications,0,0,0,0,0,"100, 18, 18, 100, 18, 100, 100, 36, 63, 100, 63, 63",2026-03-06 05:39:06,"Video, Related searches, AI overview",informational,Organic
how long does weed show up on a drug test,21,21,50,60,0,https://www.polln.com/library/how-long-does-cannabis-stay-in-your-system,0,0,0,0.33,0,"100, 18, 100, 100, 100, 18, 18, 18, 18, 18, 18, 18",2026-03-10 06:09:04,"Sitelinks, Video, AI overview",informational,Organic
how long does cannabis last in urine,37,0,50,60,0,https://www.polln.com/library/how-long-does-cannabis-stay-in-your-system,0,0,0,0.33,24100000,"77, 77, 77, 77, 77, 55, 77, 77, 22, 77, 22, 22",2026-04-24 02:16:08,"Sitelinks, Video, People also ask, Discussions and forums, AI overview",informational,Organic
how long is weed detected in urine,21,21,140,64,0,https://www.polln.com/library/how-long-does-cannabis-stay-in-your-system,0,0,0,0,10900000,"100, 15, 6, 4, 23, 15, 15, 5, 2, 5, 5, 9",2026-03-19 20:20:50,"Video, Discussions and forums, AI overview",informational,Organic
medical marijuanas sunshine coast,11,11,50,29,74.18,https://www.polln.com/,0,0,0,0.33,0,"14, 8, 4, 35, 4, 6, 10, 10, 4, 0, 6, 14",2026-03-17 21:40:06,"Local pack, Video, Related searches",commercial,Organic
medical marijuanas sunshine coast,14,14,50,29,74.18,https://www.polln.com/locations/sunshine-coast,0,0,0,0.33,0,"14, 8, 4, 35, 4, 6, 10, 10, 4, 0, 6, 14",2026-03-17 21:40:06,"Local pack, Video, Related searches",commercial,Organic
best medical marijuanas doctor near me,44,0,40,45,90.18,https://www.polln.com/locations/canberra,0,0,0,0.71,60600000,"28, 28, 28, 28, 28, 28, 57, 71, 71, 100, 100, 100",2026-04-15 22:56:09,"Local pack, Video, Related searches, Discussions and forums, Ads middle",transactional,Organic
best medical marijuanas doctor near me,71,0,40,45,90.18,https://www.polln.com/locations/hobart,0,0,0,0.71,60600000,"28, 28, 28, 28, 28, 28, 57, 71, 71, 100, 100, 100",2026-04-15 22:56:09,"Local pack, Video, Related searches, Discussions and forums, Ads middle",transactional,Organic
best medical marijuanas doctor near me,92,0,40,45,90.18,https://www.polln.com/locations/perth,0,0,0,0.71,60600000,"28, 28, 28, 28, 28, 28, 57, 71, 71, 100, 100, 100",2026-04-15 22:56:09,"Local pack, Video, Related searches, Discussions and forums, Ads middle",transactional,Organic
how long for weed to leave system,16,16,110,68,0,https://www.polln.com/library/how-long-does-cannabis-stay-in-your-system,0,0,0,0,0,"100, 64, 100, 64, 52, 64, 64, 64, 64, 82, 64, 82",2026-03-07 16:37:42,"Sitelinks, Featured snippet",informational,Organic
drug test how long does pot stay in your system,25,0,140,58,0,https://www.polln.com/library/how-long-does-cannabis-stay-in-your-system,0,0,0,0,28400000,"100, 80, 65, 80, 100, 100, 65, 0, 0, 0, 0, 0",2026-04-22 23:25:23,"Sitelinks, Video, People also ask, Related searches, Discussions and forums, AI overview",informational,Organic
how long does weed take to leave your system,41,0,210,64,0,https://www.polln.com/library/how-long-does-cannabis-stay-in-your-system,0,0,0,0,123000000,"21, 53, 81, 53, 100, 81, 81, 81, 65, 81, 81, 81",2026-04-24 11:26:28,"Sitelinks, Featured snippet, People also ask",informational,Organic
what does cbd stand for in australia,21,0,70,58,0,https://www.polln.com/library/cbd-oil-explained,0,0,0,0,15300000,"9, 9, 9, 52, 9, 9, 9, 52, 52, 100, 52, 33",2026-04-12 11:00:28,"Sitelinks, Video, Related searches, AI overview",informational,Organic
what does cbd stand for in australia,32,0,70,58,0,https://www.polln.com/library/cbd-oil-explained,0,0,0,0,15300000,"9, 9, 9, 52, 9, 9, 9, 52, 52, 100, 52, 33",2026-04-12 11:00:28,"Sitelinks, Video, Related searches, AI overview",informational,Organic
medical marijuana doctors near me,14,0,50,42,0,https://www.polln.com/practitioners/dr-joel-wren,0,0,0,0,62600000,"6, 29, 29, 4, 6, 29, 4, 4, 2, 2, 2, 2",2026-04-24 04:48:48,"Local pack, Video, People also ask, Related searches, AI overview",transactional,Organic
medical marijuana doctors near me,83,0,50,42,0,https://www.polln.com/locations/brisbane,0,0,0,0,62600000,"6, 29, 29, 4, 6, 29, 4, 4, 2, 2, 2, 2",2026-04-24 04:48:48,"Local pack, Video, People also ask, Related searches, AI overview",transactional,Organic
medical marijuana doctors near me,93,0,50,42,0,https://www.polln.com/locations/canberra,0,0,0,0,62600000,"6, 29, 29, 4, 6, 29, 4, 4, 2, 2, 2, 2",2026-04-24 04:48:48,"Local pack, Video, People also ask, Related searches, AI overview",transactional,Organic
medical cannabis online,91,0,320,49,0,https://www.polln.com/locations/brisbane,0,0,0,0,113000000,"17, 11, 17, 17, 17, 17, 39, 39, 48, 48, 59, 26",2026-04-22 09:18:48,"Video, Related searches, Discussions and forums",commercial,Organic
how long does cannabis stay in your system urine,27,0,90,59,0,https://www.polln.com/library/how-long-does-cannabis-stay-in-your-system,0,0,0,0,4030000,"52, 66, 66, 66, 100, 33, 80, 33, 14, 9, 14, 9",2026-04-19 01:01:41,"People also ask, Discussions and forums, AI overview",informational,Organic
how long does it take weed to leave your system,24,24,140,65,0,https://www.polln.com/library/how-long-does-cannabis-stay-in-your-system,0,0,0,0,0,"23, 23, 17, 12, 12, 17, 17, 43, 43, 43, 82, 66",2026-03-07 19:17:43,Featured snippet,informational,Organic
plant medicine australia,18,18,110,33,0,https://www.polln.com/,0,0,0,0,252000000,"43, 21, 34, 34, 21, 28, 34, 43, 34, 43, 53, 34",2026-03-22 16:56:04,"Video, People also ask, Popular products, Related searches, AI overview","commercial, informational",Organic
medicinal cannabis driving victoria,86,82,70,24,0,https://www.polln.com/library/medicinal-cannabis-and-driving-what-you-need-to-know-as-a-patient-in-australia,0,0,0,0,1860000,"18, 100, 100, 63, 63, 45, 63, 63, 45, 63, 45, 45",2026-04-03 18:30:26,"Sitelinks, Video, Video Carousel, People also ask, Related searches, Discussions and forums",informational,Organic
indica vs sativa vs hybrid,1,1,140,61,0,https://www.polln.com/library/sativa-vs-indica-vs-hybrid-cannabis-what-to-expect,0,0,0,0,150,"82, 100, 100, 82, 82, 64, 82, 64, 82, 82, 64, 52",2026-03-15 14:44:31,"Image pack, Sitelinks, Video, Video Carousel, Related searches, Short videos, Discussions and forums, AI overview","commercial, informational",AI overview
medical cannabis clinic,50,0,170,37,0,https://www.polln.com/locations/hobart,0,0,0,0,136,"43, 43, 43, 43, 43, 43, 65, 65, 53, 53, 65, 43",2026-04-19 06:28:50,"Local pack, Video, Related searches",commercial,Organic
medical cannabis clinic,91,0,170,37,0,https://www.polln.com/locations/perth,0,0,0,0,136,"43, 43, 43, 43, 43, 43, 65, 65, 53, 53, 65, 43",2026-04-19 06:28:50,"Local pack, Video, Related searches",commercial,Organic
medical marijuana,44,44,1300,75,0,https://www.polln.com/,0,0,0,0,66600000,"10, 10, 8, 15, 7, 8, 13, 10, 10, 10, 13, 10",2026-03-31 10:08:58,"Video, Related searches, AI overview",informational,Organic
cheapest medical cannabis australia,82,0,720,44,0,https://www.polln.com/,0,0,0,0,2080000,"100, 81, 81, 81, 100, 81, 81, 100, 81, 67, 54, 54",2026-04-04 20:56:30,"Sitelinks, People also ask, Related searches, Discussions and forums, AI overview",informational,Organic
how to get medical marijuanas card australia,9,0,50,56,0,https://www.polln.com/library/getting-access-to-prescription-natural-medicine-in-australia,0,0,0,0,10300000,"0, 0, 2, 2, 3, 4, 9, 14, 9, 4, 7, 7",2026-04-13 23:59:52,"Video, Related searches, Discussions and forums, AI overview",informational,Organic
how to get medical marijuanas card australia,13,0,50,56,0,https://www.polln.com/library/getting-access-to-prescription-natural-medicine-in-australia,0,0,0,0,10300000,"0, 0, 2, 2, 3, 4, 9, 14, 9, 4, 7, 7",2026-04-13 23:59:52,"Video, Related searches, Discussions and forums, AI overview",informational,Organic
how to get medical marijuanas card australia,69,0,50,56,0,https://www.polln.com/faqs/how-do-i-get-a-medical-card-in-australia,0,0,0,0,10300000,"0, 0, 2, 2, 3, 4, 9, 14, 9, 4, 7, 7",2026-04-13 23:59:52,"Video, Related searches, Discussions and forums, AI overview",informational,Organic
how to get medical marijuanas card australia,70,0,50,56,0,https://www.polln.com/faqs/how-do-i-get-a-medical-card-in-australia,0,0,0,0,10300000,"0, 0, 2, 2, 3, 4, 9, 14, 9, 4, 7, 7",2026-04-13 23:59:52,"Video, Related searches, Discussions and forums, AI overview",informational,Organic
au cbd,33,33,720,50,7.21,https://www.polln.com/,0,0,0,0.21,257000000,"1, 100, 67, 55, 67, 55, 24, 1, 76, 67, 55, 67",2026-03-25 07:56:20,"Video, Image, Video Carousel, Related searches, AI overview",informational,Organic
weed med card,53,53,90,59,48.48,https://www.polln.com/library/getting-access-to-prescription-natural-medicine-in-australia,0,0,0,0.18,200,"64, 78, 64, 100, 78, 64, 50, 64, 50, 50, 64, 50",2026-03-19 11:21:10,"Related searches, Discussions and forums, Ads middle, AI overview",informational,Organic
weed med card,68,68,90,59,48.48,https://www.polln.com/,0,0,0,0.18,200,"64, 78, 64, 100, 78, 64, 50, 64, 50, 50, 64, 50",2026-03-19 11:21:10,"Related searches, Discussions and forums, Ads middle, AI overview",informational,Organic
cannabinoid oil,72,12,880,58,17.83,https://www.polln.com/library/cbd-oil-explained,0,0,0,0.66,237000000,"65, 100, 8, 4, 4, 4, 2, 2, 5, 2, 10, 3",2026-03-20 03:48:00,"Local pack, Sitelinks, Video, Video Carousel, People also ask, Popular products, Related searches, Discussions and forums, AI overview","commercial, informational",Organic
medical open near me,91,0,40,61,1.13,https://www.polln.com/,0,0,0,0.33,2710000000,"18, 18, 18, 100, 18, 100, 18, 18, 18, 18, 18, 100",2026-04-05 11:06:07,"Local pack, Related searches",transactional,Organic
how long does pot stay in your system,19,0,590,55,0,https://www.polln.com/library/how-long-does-cannabis-stay-in-your-system,0,0,0,0,116,"45, 45, 30, 36, 30, 24, 30, 30, 45, 36, 36, 45",2026-04-23 03:54:57,"Video, People also ask, Discussions and forums, AI overview",informational,Organic
how long does pot stay in your system,22,0,590,55,0,https://www.polln.com/library/how-long-does-cannabis-stay-in-your-system,0,0,0,0,116,"45, 45, 30, 36, 30, 24, 30, 30, 45, 36, 36, 45",2026-04-23 03:54:57,"Video, People also ask, Discussions and forums, AI overview",informational,Organic
online sleep medication,29,29,70,7,1.18,https://www.polln.com/,0,0,0,0.84,218000000,"0, 0, 0, 3, 0, 9, 65, 100, 21, 34, 3, 0",2026-03-19 19:37:58,"Sitelinks, Video, Image, Related searches, Discussions and forums, AI overview",informational,Organic
candor medical australia,69,0,110,28,2.97,https://www.polln.com/,0,0,0,0.68,552000,"34, 34, 53, 100, 43, 34, 34, 28, 15, 15, 15, 15",2026-04-27 12:02:26,"Sitelinks, Video, People also ask, Related searches",navigational,Organic
medical marijuana qld,57,0,70,55,0,https://www.polln.com/locations/brisbane,0,0,0,0,284000,"0, 23, 0, 4, 4, 9, 52, 66, 80, 52, 42, 80",2026-04-12 05:26:48,"Video, Image, Related searches, Discussions and forums, AI overview",informational,Organic
vivace health solutions,37,37,320,8,0,https://www.polln.com/,0,0,0,0,112000,"100, 81, 100, 100, 100, 100, 100, 100, 100, 81, 81, 81",2026-03-19 20:03:28,"Video, People also ask, Related searches","informational, navigational",Organic
indica bud,22,0,590,80,0,https://www.polln.com/library/sativa-vs-indica-vs-hybrid-cannabis-what-to-expect,0,0,0,0,14700000,"100, 20, 24, 100, 13, 76, 36, 67, 13, 10, 10, 36",2026-04-22 04:50:33,"Knowledge panel, Sitelinks, Video, Video Carousel, People also ask, Related searches, Short videos, Discussions and forums, AI overview",informational,Organic
doctors who use alternative medicine,18,18,210,44,1.35,https://www.polln.com/,0,0,0,0.3,0,"81, 65, 53, 65, 65, 65, 53, 81, 65, 81, 53, 53",2026-03-18 22:31:30,"Local pack, Video, Related searches, Discussions and forums",informational,Organic
vapes for medical weed australia,11,8,90,8,0,https://www.polln.com/library/ultimate-guide-to-vaping-medicinal-cannabis,0,0,0,0.33,0,"50, 21, 50, 35, 35, 64, 78, 78, 78, 78, 100, 50",2026-03-10 19:11:51,"Video, Related searches, Discussions and forums",informational,Organic
dr seheult,40,40,70,46,0,https://www.polln.com/our-doctors,0,0,0,0,122,"0, 3, 42, 7, 7, 7, 100, 100, 3, 0, 0, 3",2026-03-16 10:14:08,"Knowledge panel, Top stories, Video, Video Carousel, Related searches, Short videos, AI overview",informational,Organic
buying weed in sydney,27,27,90,33,0,https://www.polln.com/,0,0,0,0.01,203,"52, 52, 66, 42, 52, 33, 33, 33, 66, 33, 42, 42",2026-03-20 22:05:42,"Sitelinks, Video, Related searches",informational,Organic
how much is medical marijuanas,1,0,110,13,28.33,https://www.polln.com/library/how-much-does-medicinal-cannabis-cost-in-australia,0,0,0,0.19,167,"52, 82, 52, 82, 64, 64, 29, 52, 52, 82, 52, 52",2026-04-29 14:30:33,"Video, People also ask, Related searches, AI overview",informational,AI overview
pollin,42,42,260,24,2.33,https://www.polln.com/pricing,0,0,0,0.15,2500000,"43, 43, 53, 53, 66, 66, 66, 66, 66, 100, 66, 43",2026-03-28 10:58:45,Related searches,"navigational, transactional",Organic
holistic medicine practitioner,53,26,140,49,2.41,https://www.polln.com/,0,0,0,0.17,154,"66, 11, 28, 28, 28, 18, 23, 23, 18, 11, 23, 15",2026-04-02 11:13:23,"Local pack, Video, Image, People also ask, Related searches",commercial,Organic
holistic medicine practitioner,65,26,140,49,2.41,https://www.polln.com/,0,0,0,0.17,154,"66, 11, 28, 28, 28, 18, 23, 23, 18, 11, 23, 15",2026-04-02 11:13:23,"Local pack, Video, Image, People also ask, Related searches",commercial,Organic
blood test weed,21,21,110,61,0,https://www.polln.com/library/how-long-does-cannabis-stay-in-your-system,0,0,0,0,148000000,"100, 64, 78, 64, 78, 64, 78, 78, 64, 78, 64, 50",2026-03-29 01:00:34,"Image pack, Image, People also ask, Related searches, Discussions and forums, AI overview",informational,Organic
medical marijuanas victoria,28,23,880,39,0,https://www.polln.com/,0,0,0,0,142,"36, 36, 55, 8, 20, 76, 100, 100, 76, 100, 100, 76",2026-04-01 18:45:15,"Video, Related searches, Discussions and forums, AI overview",informational,Organic
online pharmacy melbourne,81,81,140,66,1.75,https://www.polln.com/,0,0,0,0.85,42900000,"17, 17, 17, 17, 17, 28, 100, 100, 35, 28, 28, 28",2026-03-24 17:54:24,"Sitelinks, Related searches",commercial,Organic
online script australia,70,70,260,48,4.4,https://www.polln.com/,0,0,0,0.9,407000000,"7, 7, 26, 9, 7, 48, 7, 14, 72, 4, 5, 100",2026-03-19 05:22:49,"Video, Related searches","commercial, informational",Organic
medical cannabis dispensary near me,23,23,260,46,0,https://www.polln.com/,0,0,0,0,14600000,"2, 2, 14, 14, 14, 88, 100, 88, 1, 3, 3, 1",2026-03-23 01:00:02,"Local pack, Video, Related searches",transactional,Organic
how long does weed stay in urine test,19,0,210,54,0,https://www.polln.com/library/how-long-does-cannabis-stay-in-your-system,0,0,0,0,6810000,"29, 14, 22, 29, 29, 29, 43, 43, 43, 54, 81, 66",2026-04-24 11:14:03,"Sitelinks, Video, People also ask, Short videos, AI overview",informational,Organic
cannabis clinic australia,80,80,140,45,0,https://www.polln.com/locations/adelaide,0,0,0,0,0,"34, 26, 34, 26, 26, 26, 80, 80, 80, 80, 100, 80",2026-03-15 13:37:43,"Local pack, Video, Related searches",commercial,Organic
how much is weed,22,0,210,13,0,https://www.polln.com/library/how-much-does-medicinal-cannabis-cost-in-australia,0,0,0,0.01,179000000,"65, 53, 65, 65, 81, 65, 65, 65, 65, 65, 81, 65",2026-04-23 11:09:57,"Image pack, Video, Video Carousel, People also ask, Related searches, Short videos, AI overview",informational,Organic
what is indica,15,15,210,57,0,https://www.polln.com/library/sativa-vs-indica-vs-hybrid-cannabis-what-to-expect,0,0,0,0,0,"81, 18, 18, 28, 18, 18, 100, 28, 23, 23, 23, 23",2026-03-15 08:12:18,"Image pack, Video, Related searches, Short videos, AI overview","commercial, informational",Organic
buy weed adelaide,20,0,50,29,0,https://www.polln.com/locations/adelaide,0,0,0,0,4240000,"9, 9, 9, 9, 9, 9, 63, 81, 63, 81, 100, 100",2026-04-26 16:53:02,"Knowledge panel, Sitelinks",transactional,Organic
alternative medicine for anxiety,63,63,320,64,0.86,https://www.polln.com/,0,0,0,1,0,"100, 23, 100, 81, 3, 4, 7, 7, 15, 15, 54, 67",2026-03-18 16:07:51,"Image, Discussions and forums, AI overview",informational,Organic
indica and sativa,16,16,320,76,0,https://www.polln.com/library/sativa-vs-indica-vs-hybrid-cannabis-what-to-expect,0,0,0,0,160,"12, 19, 19, 23, 29, 19, 23, 100, 23, 23, 81, 67",2026-04-17 20:35:21,"Knowledge panel, Image pack, Video, Video Carousel, Related searches, Short videos, Discussions and forums",informational,Organic
indica and sativa,27,16,320,76,0,https://www.polln.com/library/sativa-vs-indica-vs-hybrid-cannabis-what-to-expect,0,0,0,0,160,"12, 19, 19, 23, 29, 19, 23, 100, 23, 23, 81, 67",2026-04-17 20:35:21,"Knowledge panel, Image pack, Video, Video Carousel, Related searches, Short videos, Discussions and forums",informational,Organic
vape for bud,31,31,590,10,0,https://www.polln.com/library/ultimate-guide-to-vaping-medicinal-cannabis,0,0,0,0,217,"0, 0, 0, 0, 0, 0, 0, 0, 0, 0, 100, 65",2026-03-11 10:13:59,"Video, Video Carousel",commercial,Organic
storz & bickel,7,7,110,24,0,https://shop.polln.com/collections/storz-and-bickel,0,0,0,0,0,"28, 28, 23, 12, 17, 23, 23, 35, 43, 35, 28, 23",2026-03-13 10:11:58,"Sitelinks, Video, Video Carousel, Related searches, See results about",navigational,Organic
health store sydney cbd,23,23,90,71,1.55,https://www.polln.com/,0,0,0,0.31,0,"78, 100, 100, 64, 64, 50, 78, 64, 64, 50, 64, 50",2026-03-10 20:03:54,"Knowledge panel, Sitelinks, Video, Image, Related searches, AI overview",informational,Organic
how to apply for medical marijuanas,36,0,90,64,68.29,https://www.polln.com/library/getting-access-to-prescription-natural-medicine-in-australia,0,0,0,0.42,71400000,"81, 63, 100, 81, 81, 63, 63, 81, 63, 63, 63, 63",2026-04-29 02:43:42,"Video, People also ask, Related searches, AI overview",informational,Organic
how to apply for medical marijuanas,45,0,90,64,68.29,https://www.polln.com/library/getting-access-to-prescription-natural-medicine-in-australia,0,0,0,0.42,71400000,"81, 63, 100, 81, 81, 63, 63, 81, 63, 63, 63, 63",2026-04-29 02:43:42,"Video, People also ask, Related searches, AI overview",informational,Organic
australian access clinic,11,11,320,33,5.72,https://www.polln.com/,0,0,0,0.3,108000000,"66, 66, 54, 54, 36, 44, 36, 44, 66, 5, 44, 19",2026-03-22 17:51:12,"Local pack, Sitelinks, Video, Related searches",navigational,Organic
australian access clinic,89,89,320,33,5.72,https://www.polln.com/locations/perth,0,0,0,0.3,108000000,"66, 66, 54, 54, 36, 44, 36, 44, 66, 5, 44, 19",2026-03-22 17:51:12,"Local pack, Sitelinks, Video, Related searches",navigational,Organic
how long does a script last,30,77,260,13,0,https://www.polln.com/faqs/do-my-prescriptions-expire,0,0,0,0,647000000,"100, 81, 81, 81, 81, 81, 100, 100, 100, 100, 81, 65",2026-04-25 18:49:45,"People also ask, Related searches, AI overview",informational,Organic
alternative health practitioner,55,55,140,61,2.41,https://www.polln.com/,0,0,0,0.17,177000000,"53, 28, 28, 35, 35, 35, 28, 28, 43, 28, 28, 23",2026-03-30 13:28:09,"Local pack, Video, People also ask, Related searches, See results about, AI overview",informational,Organic
medical marijuana sa,72,0,70,46,0,https://www.polln.com/practitioners/dr-joel-wren,0,0,0,0,32600000,"4, 0, 0, 4, 4, 0, 52, 52, 52, 66, 66, 100",2026-04-14 22:03:56,"Video, Image, People also ask, Related searches, AI overview",informational,Organic
how long does thc stay in the blood,1,1,50,61,0,https://www.polln.com/library/how-long-does-cannabis-stay-in-your-system,0,0,0,0,104,"28, 14, 50, 50, 14, 50, 50, 50, 64, 50, 50, 50",2026-04-22 09:06:27,"People also ask, Discussions and forums, AI overview",informational,AI overview
how long does thc stay in the blood,30,0,50,61,0,https://www.polln.com/library/how-long-does-cannabis-stay-in-your-system,0,0,0,0,104,"28, 14, 50, 50, 14, 50, 50, 50, 64, 50, 50, 50",2026-04-22 09:06:27,"People also ask, Discussions and forums, AI overview",informational,Organic
medical marijuana adelaide,13,13,140,33,0,https://www.polln.com/,0,0,0,0,357000,"26, 19, 26, 11, 19, 19, 65, 65, 80, 80, 80, 100",2026-03-11 08:30:06,"Video, Related searches, AI overview",informational,Organic
medical marijuana adelaide,32,13,140,33,0,https://www.polln.com/,0,0,0,0,357000,"26, 19, 26, 11, 19, 19, 65, 65, 80, 80, 80, 100",2026-03-11 08:30:06,"Video, Related searches, AI overview",informational,Organic
medical marijuana adelaide,51,51,140,33,0,https://www.polln.com/practitioners/dr-joel-wren,0,0,0,0,357000,"26, 19, 26, 11, 19, 19, 65, 65, 80, 80, 80, 100",2026-03-11 08:30:06,"Video, Related searches, AI overview",informational,Organic
medical cann,41,41,1600,63,47.85,https://www.polln.com/locations/adelaide,0,0,0,0.01,0,"0, 0, 0, 0, 0, 0, 2, 24, 81, 100, 81, 53",2026-03-16 04:40:31,"Local pack, Video, Related searches, Discussions and forums",commercial,Organic
medical cann,68,68,1600,63,47.85,https://www.polln.com/locations/perth,0,0,0,0.01,0,"0, 0, 0, 0, 0, 0, 2, 24, 81, 100, 81, 53",2026-03-16 04:40:31,"Local pack, Video, Related searches, Discussions and forums",commercial,Organic
cannatrek australia price per gram,15,0,40,10,3.46,https://www.polln.com/library/how-much-does-medicinal-cannabis-cost-in-australia,0,0,0,0.35,69,"28, 28, 28, 28, 71, 100, 100, 71, 100, 42, 28, 28",2026-04-15 23:17:41,"Image pack, Sitelinks, Related searches, AI overview",informational,Organic
doctor herbal,9,9,40,29,3.01,https://www.polln.com/,0,0,0,0.14,0,"63, 63, 63, 45, 45, 18, 100, 18, 18, 18, 18, 18",2026-03-08 20:00:01,"Image pack, Sitelinks, Video, Image, Related searches, AI overview",informational,Organic
doctor herbal,13,9,40,29,3.01,https://www.polln.com/,0,0,0,0.14,0,"63, 63, 63, 45, 45, 18, 100, 18, 18, 18, 18, 18",2026-03-08 20:00:01,"Image pack, Sitelinks, Video, Image, Related searches, AI overview",informational,Organic
doctor herbal,25,9,40,29,3.01,https://www.polln.com/,0,0,0,0.14,0,"63, 63, 63, 45, 45, 18, 100, 18, 18, 18, 18, 18",2026-03-08 20:00:01,"Image pack, Sitelinks, Video, Image, Related searches, AI overview",informational,Organic
alternative medical practices,31,31,210,75,69.25,https://www.polln.com/,0,0,0,0.32,969000000,"66, 35, 44, 28, 44, 44, 44, 35, 23, 18, 35, 28",2026-03-20 00:58:07,"Image pack, Sitelinks, Video, Image, People also ask, Related searches, AI overview",informational,Organic
weed prescription online,59,92,210,44,0,https://www.polln.com/locations/perth,0,0,0,0,31800000,"28, 65, 34, 81, 81, 65, 65, 100, 81, 81, 100, 100",2026-04-06 03:50:57,"Video, Related searches, Discussions and forums",commercial,Organic
weed prescription online,88,89,210,44,0,https://www.polln.com/locations/sydney,0,0,0,0,31800000,"28, 65, 34, 81, 81, 65, 65, 100, 81, 81, 100, 100",2026-04-06 03:50:57,"Video, Related searches, Discussions and forums",commercial,Organic
weed prescription online,90,0,210,44,0,https://www.polln.com/locations/brisbane,0,0,0,0,31800000,"28, 65, 34, 81, 81, 65, 65, 100, 81, 81, 100, 100",2026-04-06 03:50:57,"Video, Related searches, Discussions and forums",commercial,Organic
weed prescription online,98,0,210,44,0,https://www.polln.com/locations/adelaide,0,0,0,0,31800000,"28, 65, 34, 81, 81, 65, 65, 100, 81, 81, 100, 100",2026-04-06 03:50:57,"Video, Related searches, Discussions and forums",commercial,Organic
cannabis prescription melbourne,14,14,70,39,0,https://www.polln.com/,0,0,0,0.33,605000,"78, 50, 35, 50, 64, 50, 50, 50, 50, 50, 50, 78",2026-03-25 02:43:40,"Local pack, Video, Related searches",commercial,Organic
medicinal cannabis price,52,29,90,16,0,https://www.polln.com/,0,0,0,0.03,34100000,"63, 100, 81, 81, 100, 81, 63, 63, 63, 63, 63, 63",2026-04-03 01:20:58,"Video, Related searches, AI overview",transactional,Organic
medicinal cammabis prrth,8,0,50,13,0,https://www.polln.com/locations/perth,0,0,0,0,134,100,2026-04-29 15:02:43,"Knowledge panel, Sitelinks, Video, People also ask, Related searches, Discussions and forums, AI overview",informational,Organic
medicinal cammabis prrth,97,0,50,13,0,https://www.polln.com/practitioners/dr-gavin-mcauley,0,0,0,0,134,100,2026-04-29 15:02:43,"Knowledge panel, Sitelinks, Video, People also ask, Related searches, Discussions and forums, AI overview",informational,Organic
how to get a medical mj card,12,0,90,55,34.11,https://www.polln.com/library/getting-access-to-prescription-natural-medicine-in-australia,0,0,0,0.41,38100000,"100, 100, 100, 100, 100, 100, 63, 81, 63, 63, 45, 63",2026-04-27 02:56:18,"Sitelinks, Video, Ads top, People also ask, Related searches, Ads middle, AI overview",informational,Organic
how to get a medical mj card,97,92,90,55,34.11,https://www.polln.com/faqs/how-do-i-get-a-medical-card-in-australia,0,0,0,0.41,38100000,"100, 100, 100, 100, 100, 100, 63, 81, 63, 63, 45, 63",2026-04-27 02:56:18,"Sitelinks, Video, Ads top, People also ask, Related searches, Ads middle, AI overview",informational,Organic
can i carry medicines in international flight from australia,59,59,70,31,0,https://www.polln.com/faqs/can-i-travel-with-my-prescription-medications,0,0,0,0.33,129,"29, 41, 52, 52, 41, 100, 29, 64, 41, 11, 11, 11",2026-03-17 15:01:21,"Video, Related searches, AI overview",informational,Organic
indica sativa and hybrid,1,1,90,44,0,https://www.polln.com/library/sativa-vs-indica-vs-hybrid-cannabis-what-to-expect,0,0,0,0,117,"34, 26, 34, 26, 26, 26, 34, 34, 26, 34, 26, 42",2026-04-16 04:46:57,"Sitelinks, Video, People also ask, Related searches, AI overview",informational,AI overview
how long does weed stay in urine,13,14,590,55,0,https://www.polln.com/library/how-long-does-cannabis-stay-in-your-system,0,0,0,0,12800000,"100, 66, 54, 66, 66, 81, 81, 66, 81, 100, 66, 66",2026-04-05 07:56:29,"Video, Short videos, Discussions and forums, AI overview",informational,Organic
how long does pot stay in system drug test,23,0,70,56,0,https://www.polln.com/library/how-long-does-cannabis-stay-in-your-system,0,0,0,0,133,"9, 9, 9, 52, 9, 9, 52, 52, 100, 52, 33, 33",2026-04-12 03:11:53,"Sitelinks, Video, People also ask, Related searches, AI overview",informational,Organic
medicinal cannabis prescriber,23,19,90,33,0,https://www.polln.com/,0,0,0,0,601000,"78, 78, 78, 100, 78, 50, 35, 50, 100, 64, 64, 50",2026-04-06 16:00:29,"Video, Related searches, Discussions and forums, AI overview",informational,Organic
medicinal cannabis prescriber,37,0,90,33,0,https://www.polln.com/practitioners/dr-joel-wren,0,0,0,0,601000,"78, 78, 78, 100, 78, 50, 35, 50, 100, 64, 64, 50",2026-04-06 16:00:29,"Video, Related searches, Discussions and forums, AI overview",informational,Organic
medical weed brisbane,11,52,110,48,65.03,https://www.polln.com/locations/brisbane,0,0,0,0.9,166,"64, 29, 41, 41, 64, 52, 64, 82, 64, 64, 100, 64",2026-04-24 22:47:09,"Video, People also ask, Related searches, Discussions and forums, AI overview",informational,Organic
how long does pot remain in your system,29,0,210,62,0,https://www.polln.com/library/how-long-does-cannabis-stay-in-your-system,0,0,0,0,833000000,"81, 65, 53, 81, 81, 81, 34, 53, 65, 53, 65, 65",2026-04-24 21:10:22,"Sitelinks, Video, People also ask, Short videos, AI overview",informational,Organic
how long does marijuana stay detectable,27,0,50,60,0,https://www.polln.com/library/how-long-does-cannabis-stay-in-your-system,0,0,0,0,380000,"42, 66, 100, 0, 33, 23, 42, 0, 0, 0, 0, 0",2026-04-22 21:24:23,"Sitelinks, Video, People also ask, AI overview",informational,Organic
how long does marijuana stay detectable,32,0,50,60,0,https://www.polln.com/library/how-long-does-cannabis-stay-in-your-system,0,0,0,0,380000,"42, 66, 100, 0, 33, 23, 42, 0, 0, 0, 0, 0",2026-04-22 21:24:23,"Sitelinks, Video, People also ask, AI overview",informational,Organic
what does cbd stand for in melbourne,14,27,70,16,0,https://www.polln.com/library/cbd-oil-explained,0,0,0,0.33,88,"9, 9, 9, 9, 100, 66, 52, 52, 52, 9, 9, 9",2026-04-27 13:24:43,"Sitelinks, Video, People also ask, Related searches, AI overview",informational,Organic
higher testing,10,0,210,37,0,https://www.polln.com/,0,0,0,0.01,1080000000,"81, 65, 53, 65, 81, 65, 53, 81, 65, 81, 65, 81",2026-04-03 05:00:46,"Knowledge panel, Sitelinks, Video, Video Carousel, Related searches","informational, navigational",Organic
medical marijuanas victoria cost,25,36,480,15,0,https://www.polln.com/,0,0,0,0,142,"100, 44, 66, 66, 81, 100, 81, 66, 66, 66, 66, 54",2026-04-02 09:40:39,"Sitelinks, Video, Related searches, AI overview",informational,Organic
medicinal herbs australia,82,82,140,17,0.65,https://www.polln.com/,0,0,0,1,10800000,"100, 65, 42, 53, 53, 34, 42, 42, 42, 42, 42, 42",2026-03-08 19:59:36,"Sitelinks, Video, Related searches, AI overview",informational,Organic
how long does weed stay in bloodstream,1,1,140,60,0,https://www.polln.com/library/how-long-does-cannabis-stay-in-your-system,0,0,0,0,170000000,"64, 82, 64, 82, 82, 82, 64, 82, 100, 64, 64, 100",2026-03-20 02:22:31,"Video, People also ask, Discussions and forums, AI overview",informational,AI overview
how long does weed stay in bloodstream,14,14,140,60,0,https://www.polln.com/library/how-long-does-cannabis-stay-in-your-system,0,0,0,0,170000000,"64, 82, 64, 82, 82, 82, 64, 82, 100, 64, 64, 100",2026-03-20 02:22:31,"Video, People also ask, Discussions and forums, AI overview",informational,Organic
drug test how long does weed stay in system,24,0,70,59,0,https://www.polln.com/library/how-long-does-cannabis-stay-in-your-system,0,0,0,0,63900000,"9, 9, 9, 52, 9, 9, 52, 52, 100, 52, 33, 33",2026-04-12 01:18:17,"Sitelinks, Video, People also ask, Discussions and forums, AI overview",informational,Organic
do prescriptions expire australia,1,0,50,9,0,https://www.polln.com/faqs/do-my-prescriptions-expire,0,0,0,0.33,330000,"33, 33, 33, 55, 55, 44, 55, 77, 77, 77, 55, 77",2026-04-13 15:35:10,"Sitelinks, Video, Related searches, AI overview",informational,AI overview
do prescriptions expire australia,13,0,50,9,0,https://www.polln.com/faqs/do-my-prescriptions-expire,0,0,0,0.33,330000,"33, 33, 33, 55, 55, 44, 55, 77, 77, 77, 55, 77",2026-04-13 15:35:10,"Sitelinks, Video, Related searches, AI overview",informational,Organic
doctors who can prescribe cbd oil in adelaide,1,1,110,3,0,https://www.polln.com/practitioners/dr-joel-wren,0,0,0,0,92,"64, 100, 64, 52, 52, 52, 52, 52, 64, 64, 64, 52",2026-03-06 07:26:48,"Sitelinks, Video, Related searches, Discussions and forums, AI overview",informational,AI overview
doctors who can prescribe cbd oil in adelaide,14,14,110,3,0,https://www.polln.com/locations/adelaide,0,0,0,0,92,"64, 100, 64, 52, 52, 52, 52, 52, 64, 64, 64, 52",2026-03-06 07:26:48,"Sitelinks, Video, Related searches, Discussions and forums, AI overview",informational,Organic
doctors who can prescribe cbd oil in adelaide,32,32,110,3,0,https://www.polln.com/,0,0,0,0,92,"64, 100, 64, 52, 52, 52, 52, 52, 64, 64, 64, 52",2026-03-06 07:26:48,"Sitelinks, Video, Related searches, Discussions and forums, AI overview",informational,Organic
medicinal cannabis western australia,17,0,70,41,0,https://www.polln.com/locations/perth,0,0,0,0,136,"41, 41, 64, 41, 29, 41, 41, 41, 52, 41, 29, 29",2026-04-26 17:05:41,"Sitelinks, Video, Image, People also ask, Related searches, Discussions and forums, AI overview",informational,Organic
cannabis indica plant,21,21,140,59,0,https://www.polln.com/library/sativa-vs-indica-vs-hybrid-cannabis-what-to-expect,0,0,0,0,9750000,"80, 80, 53, 53, 53, 42, 53, 53, 53, 42, 53, 34",2026-04-21 06:46:28,"Knowledge panel, Video, Image, Video Carousel, People also ask, Related searches",informational,Organic
cannabis indica plant,84,21,140,59,0,https://www.polln.com/library/sativa-vs-indica-vs-hybrid-cannabis-what-to-expect,0,0,0,0,9750000,"80, 80, 53, 53, 53, 42, 53, 53, 53, 42, 53, 34",2026-04-21 06:46:28,"Knowledge panel, Video, Image, Video Carousel, People also ask, Related searches",informational,Organic
medical marijuanas doctor near me,54,0,50,47,110.47,https://www.polln.com/locations/canberra,0,0,0,0.2,626000,"44, 11, 33, 11, 22, 33, 55, 100, 77, 77, 77, 77",2026-04-22 13:33:41,"Local pack, Video, Related searches, AI overview","informational, transactional",Organic
medical marijuanas doctor near me,83,0,50,47,110.47,https://www.polln.com/locations/perth,0,0,0,0.2,626000,"44, 11, 33, 11, 22, 33, 55, 100, 77, 77, 77, 77",2026-04-22 13:33:41,"Local pack, Video, Related searches, AI overview","informational, transactional",Organic
medical marijuanas doctor near me,94,0,50,47,110.47,https://www.polln.com/locations/brisbane,0,0,0,0.2,626000,"44, 11, 33, 11, 22, 33, 55, 100, 77, 77, 77, 77",2026-04-22 13:33:41,"Local pack, Video, Related searches, AI overview","informational, transactional",Organic
leaf doctors,59,0,2900,34,2.62,https://www.polln.com/locations/hobart,0,0,0,0.35,1070000000,"43, 54, 65, 29, 54, 81, 65, 100, 65, 65, 81, 81",2026-04-28 09:44:50,"Knowledge panel, Sitelinks, Video, Related searches",navigational,Organic
doctors that prescribe medical marijuanas near me,27,0,50,46,0,https://www.polln.com/practitioners/dr-joel-wren,0,0,0,0,181000000,"42, 42, 42, 42, 28, 14, 71, 100, 100, 100, 100, 100",2026-04-27 11:00:10,"Local pack, Video, Related searches, Discussions and forums, Ads middle, AI overview","informational, transactional",Organic
how long does weed get out your system,29,81,320,69,0,https://www.polln.com/library/how-long-does-cannabis-stay-in-your-system,0,0,0,0,82600000,"100, 81, 43, 54, 66, 54, 35, 54, 66, 81, 81, 66",2026-04-16 13:44:03,"Featured snippet, People also ask",informational,Organic
cannibis clinic,16,16,70,39,5.21,https://www.polln.com/,0,0,0,0.07,0,"14, 10, 10, 4, 100, 2, 4, 2, 8, 8, 10, 8",2026-03-08 09:17:32,"Local pack, Video, Image, Related searches",commercial,Organic
how long does weed last in ur system,25,0,170,61,0,https://www.polln.com/library/how-long-does-cannabis-stay-in-your-system,0,0,0,0,176000000,"82, 23, 35, 35, 53, 82, 28, 43, 53, 43, 43, 43",2026-04-28 09:32:55,"Video, People also ask, Related searches, Discussions and forums, AI overview",informational,Organic
how long does weed last in ur system,31,0,170,61,0,https://www.polln.com/library/how-long-does-cannabis-stay-in-your-system,0,0,0,0,176000000,"82, 23, 35, 35, 53, 82, 28, 43, 53, 43, 43, 43",2026-04-28 09:32:55,"Video, People also ask, Related searches, Discussions and forums, AI overview",informational,Organic
thc blood test,21,21,90,49,0,https://www.polln.com/library/how-long-does-cannabis-stay-in-your-system,0,0,0,0,0,"78, 50, 78, 64, 78, 50, 100, 64, 64, 64, 50, 50",2026-03-10 10:58:40,"Sitelinks, Related searches, AI overview",informational,Organic
can you smoke medical marijuanas in australia in public vic,50,49,50,43,5.33,https://www.polln.com/library/travelling-as-a-medicinal-cannabis-patient-in-australia-what-you-need-to-know,0,0,0,0.07,116,"3, 3, 100, 42, 42, 7, 7, 7, 7, 7, 7, 7",2026-04-04 20:59:28,"Sitelinks, Video, Related searches, Discussions and forums, AI overview",informational,Organic
can you smoke medical marijuanas in australia in public vic,72,76,50,43,5.33,https://www.polln.com/library/medicinal-cannabis-and-driving-what-you-need-to-know-as-a-patient-in-australia,0,0,0,0.07,116,"3, 3, 100, 42, 42, 7, 7, 7, 7, 7, 7, 7",2026-04-04 20:59:28,"Sitelinks, Video, Related searches, Discussions and forums, AI overview",informational,Organic
terpene,33,33,880,66,0.81,https://www.polln.com/library/everything-you-need-to-know-about-cannabis-terpenes,0,0,0,0.31,151,"84, 25, 52, 31, 46, 68, 84, 31, 25, 37, 31, 31",2026-03-27 04:19:34,"Knowledge panel, Sitelinks, Video, Related searches, AI overview",informational,Organic
medical cannabis canberra,8,8,90,23,0,https://www.polln.com/locations/canberra,0,0,0,0,0,"9, 14, 9, 14, 14, 9, 66, 80, 66, 80, 80, 80",2026-03-16 19:05:01,"Sitelinks, Video, Related searches, Discussions and forums, AI overview",informational,Organic
medical cannabis canberra,20,20,90,23,0,https://www.polln.com/location-faqs/is-medicinal-cannabis-legal-in-canberra,0,0,0,0,0,"9, 14, 9, 14, 14, 9, 66, 80, 66, 80, 80, 80",2026-03-16 19:05:01,"Sitelinks, Video, Related searches, Discussions and forums, AI overview",informational,Organic
cannibas oil,33,0,140,60,0,https://www.polln.com/library/cbd-oil-explained,0,0,0,0,62600000,"13, 10, 5, 6, 10, 8, 13, 5, 10, 5, 10, 16",2026-04-08 19:05:15,"Knowledge panel, Sitelinks, Video, Video Carousel, Popular products, Related searches, Discussions and forums, AI overview",informational,Organic
how long pot stays in system,35,0,70,50,0,https://www.polln.com/library/how-long-does-cannabis-stay-in-your-system,0,0,0,0.33,63300000,"50, 50, 50, 50, 50, 35, 35, 50, 35, 35, 50, 14",2026-04-20 05:29:26,"Sitelinks, Video, People also ask, Discussions and forums, AI overview",informational,Organic
can i help dispensary,37,37,320,47,6.41,https://www.polln.com/,0,0,0,0.5,0,"35, 29, 54, 54, 66, 54, 81, 66, 81, 100, 81, 100",2026-03-10 08:58:37,Knowledge panel,informational,Organic
medical marijuanas tasmania,14,10,260,28,34.69,https://www.polln.com/locations/hobart,0,0,0,0.55,234000,"65, 65, 100, 81, 81, 65, 81, 53, 100, 65, 65, 65",2026-04-03 23:37:47,"Knowledge panel, Sitelinks, Video, Related searches",informational,Organic
medical marijuanas tasmania,24,10,260,28,34.69,https://www.polln.com/locations/hobart,0,0,0,0.55,234000,"65, 65, 100, 81, 81, 65, 81, 53, 100, 65, 65, 65",2026-04-03 23:37:47,"Knowledge panel, Sitelinks, Video, Related searches",informational,Organic
medical cannabis doctors perth,8,0,50,12,0,https://www.polln.com/locations/perth,0,0,0,0.33,388000,"44, 33, 33, 22, 33, 22, 77, 55, 77, 77, 77, 100",2026-04-29 14:51:42,"Knowledge panel, Sitelinks, Video, People also ask, Related searches, Discussions and forums",informational,Organic
medical cannabis doctors perth,62,0,50,12,0,https://www.polln.com/,0,0,0,0.33,388000,"44, 33, 33, 22, 33, 22, 77, 55, 77, 77, 77, 100",2026-04-29 14:51:42,"Knowledge panel, Sitelinks, Video, People also ask, Related searches, Discussions and forums",informational,Organic
different varieties of weed,75,75,170,72,0,https://www.polln.com/library/sativa-vs-indica-vs-hybrid-cannabis-what-to-expect,0,0,0,0,0,"80, 53, 42, 53, 100, 100, 42, 65, 65, 65, 80, 65",2026-03-15 14:40:31,"Image pack, Video, Video Carousel, Related searches, AI overview",informational,Organic
best online medical cannabis australia,30,30,210,47,0,https://www.polln.com/locations/sydney,0,0,0,0,14200000,"7, 7, 10, 28, 53, 35, 53, 66, 66, 82, 100, 100",2026-03-25 01:51:34,"Sitelinks, Video, People also ask, Related searches, Discussions and forums, AI overview",commercial,Organic
prescription for medical cannabis,70,70,210,38,78.18,https://www.polln.com/locations/brisbane,0,0,0,0.03,230,"65, 65, 43, 81, 100, 81, 65, 81, 81, 81, 65, 53",2026-03-14 18:02:49,"Sitelinks, Video, Related searches, Discussions and forums, AI overview",informational,Organic
medical cannabis scripts,67,67,70,50,0,https://www.polln.com/locations/sydney,0,0,0,0,142,"64, 11, 11, 64, 52, 41, 41, 52, 52, 64, 41, 41",2026-03-19 06:25:45,"Video, Related searches, Discussions and forums, AI overview",informational,Organic
greenhouse medical darwin,48,0,40,9,2.45,https://www.polln.com/locations/darwin,0,0,0,0.04,979000,"14, 42, 42, 28, 28, 28, 71, 100, 57, 100, 100, 100",2026-04-15 13:40:43,"Knowledge panel, Image, Related searches",informational,Organic
how long does weed stay in system for roadside test,19,0,480,20,0,https://www.polln.com/library/how-long-does-cannabis-stay-in-your-system,0,0,0,0,2070000,"1, 1, 1, 5, 10, 16, 67, 67, 100, 55, 45, 67",2026-04-22 21:56:00,"Sitelinks, Video, People also ask, Related searches, AI overview",informational,Organic
alternative medicine doctors near me,40,40,320,40,1.56,https://www.polln.com/,0,0,0,0.6,602000000,"100, 81, 66, 100, 54, 54, 29, 66, 81, 54, 43, 43",2026-03-27 01:49:27,"Local pack, Video, People also ask, Related searches",transactional,Organic
medical cannabis sydney,50,13,210,27,0,https://www.polln.com/,0,0,0,0,6170000,"43, 43, 53, 34, 34, 15, 65, 81, 81, 100, 100, 81",2026-04-17 08:28:11,"Local pack, Video, Related searches, Discussions and forums",commercial,Organic
medical cannabis vape australia,13,13,90,13,0,https://www.polln.com/library/ultimate-guide-to-vaping-medicinal-cannabis,0,0,0,0,3990000,"100, 64, 64, 35, 35, 50, 78, 64, 78, 78, 78, 64",2026-03-17 14:57:53,"Video, Related searches, Discussions and forums, AI overview",informational,Organic
medical cannabis vape australia,79,79,90,13,0,https://www.polln.com/,0,0,0,0,3990000,"100, 64, 64, 35, 35, 50, 78, 64, 78, 78, 78, 64",2026-03-17 14:57:53,"Video, Related searches, Discussions and forums, AI overview",informational,Organic
medical cannabis vape australia,88,79,90,13,0,https://www.polln.com/,0,0,0,0,3990000,"100, 64, 64, 35, 35, 50, 78, 64, 78, 78, 78, 64",2026-03-17 14:57:53,"Video, Related searches, Discussions and forums, AI overview",informational,Organic
weed stays in system how long,24,24,70,45,0,https://www.polln.com/library/how-long-does-cannabis-stay-in-your-system,0,0,0,0.33,0,"14, 14, 14, 14, 14, 10, 10, 14, 10, 10, 14, 4",2026-03-11 04:23:50,"Video, Featured snippet, Video Carousel, Discussions and forums",informational,Organic
dr canna,63,0,1000,33,3.78,https://www.polln.com/our-doctors,0,0,0,0.75,156,"81, 62, 62, 62, 62, 62, 62, 81, 62, 62, 62, 55",2026-04-16 21:33:28,"Knowledge panel, Sitelinks, Video, Related searches",navigational,Organic
dr canna,66,0,1000,33,3.78,https://www.polln.com/locations/sydney,0,0,0,0.75,156,"81, 62, 62, 62, 62, 62, 62, 81, 62, 62, 62, 55",2026-04-16 21:33:28,"Knowledge panel, Sitelinks, Video, Related searches",navigational,Organic
travelling with medicines international travel,66,66,110,31,0.49,https://www.polln.com/faqs/can-i-travel-with-my-prescription-medications,0,0,0,0.04,156,"64, 78, 64, 100, 100, 100, 78, 100, 100, 78, 64, 50",2026-03-12 01:21:08,"Video, Related searches, AI overview",informational,Organic
tga approved vaporisers,10,10,70,8,0,https://shop.polln.com/collections/storz-and-bickel,0,0,0,0,0,"6, 6, 9, 4, 4, 5, 15, 15, 15, 12, 19, 9",2026-03-18 22:57:29,"Sitelinks, Related searches","informational, transactional",Organic
tga approved vaporisers,17,17,70,8,0,https://www.polln.com/library/ultimate-guide-to-vaping-medicinal-cannabis,0,0,0,0,0,"6, 6, 9, 4, 4, 5, 15, 15, 15, 12, 19, 9",2026-03-18 22:57:29,"Sitelinks, Related searches","informational, transactional",Organic
tga approved vaporisers,56,56,70,8,0,https://www.polln.com/library/how-prescription-natural-medicine-can-be-consumed,0,0,0,0,0,"6, 6, 9, 4, 4, 5, 15, 15, 15, 12, 19, 9",2026-03-18 22:57:29,"Sitelinks, Related searches","informational, transactional",Organic
how to get a med card,63,63,70,,34.11,https://www.polln.com/locations/adelaide,0,0,0,0.41,0,"100, 100, 100, 100, 100, 100, 36, 27, 18, 36, 27, 36",2026-03-09 20:00:31,"Ads top, Related searches, Discussions and forums, Ads middle, AI overview","informational, transactional",Organic
sativa vs indica,48,11,3600,76,0,https://www.polln.com/library/sativa-vs-indica-vs-hybrid-cannabis-what-to-expect,0,0,0,0,20200000,"81, 66, 66, 53, 44, 66, 66, 66, 66, 81, 44, 66",2026-04-29 01:10:07,"Image pack, Sitelinks, Video, People also ask, Related searches, Short videos, Discussions and forums, AI overview","commercial, informational",Organic
how long does thc last in blood,1,1,170,59,0,https://www.polln.com/library/how-long-does-cannabis-stay-in-your-system,0,0,0,0,30700000,"5, 43, 66, 43, 2, 43, 35, 66, 53, 53, 53, 43",2026-03-10 22:59:54,"Video, AI overview",informational,AI overview
cbd pharmacies,82,0,170,38,1.58,https://www.polln.com/locations/perth,0,0,0,0.05,6370000,"3, 23, 28, 23, 23, 35, 35, 35, 28, 23, 100, 35",2026-04-22 17:00:03,"Local pack, Video, Image, People also ask, Related searches, AI overview",informational,Organic
cannabis dispensary adelaide,31,41,50,35,0,https://www.polln.com/,0,0,0,0,39600,"77, 77, 77, 100, 100, 55, 77, 44, 33, 44, 33, 55",2026-04-07 00:07:43,"Knowledge panel, Video, Image, People also ask, Related searches, Discussions and forums, AI overview",informational,Organic
cannabis dispensary adelaide,67,90,50,35,0,https://www.polln.com/practitioners/dr-joel-wren,0,0,0,0,39600,"77, 77, 77, 100, 100, 55, 77, 44, 33, 44, 33, 55",2026-04-07 00:07:43,"Knowledge panel, Video, Image, People also ask, Related searches, Discussions and forums, AI overview",informational,Organic
doctors in alice springs,29,29,40,17,3.13,https://www.polln.com/locations/alice-springs,0,0,0,0.3,39800000,"29, 17, 11, 23, 17, 52, 29, 5, 17, 23, 11, 17",2026-03-21 11:52:09,"Local pack, Video, Image, People also ask, Related searches",commercial,Organic
doctors in alice springs,30,29,40,17,3.13,https://www.polln.com/locations/alice-springs,0,0,0,0.3,39800000,"29, 17, 11, 23, 17, 52, 29, 5, 17, 23, 11, 17",2026-03-21 11:52:09,"Local pack, Video, Image, People also ask, Related searches",commercial,Organic
sativa weed,27,18,140,64,0,https://www.polln.com/library/sativa-vs-indica-vs-hybrid-cannabis-what-to-expect,0,0,0,0,186,"53, 53, 53, 53, 53, 53, 53, 42, 53, 53, 53, 53",2026-04-17 07:34:42,"Knowledge panel, Video, Video Carousel, People also ask, Related searches",informational,Organic
general practitioner cbd,82,82,210,44,1.55,https://www.polln.com/,0,0,0,0.39,7070000,"82, 53, 66, 66, 35, 53, 66, 66, 35, 43, 35, 43",2026-03-21 02:08:51,"Local pack, Image, Related searches",commercial,Organic
online dr prescription,65,53,210,48,0,https://www.polln.com/,0,0,0,0,432000000,"23, 19, 54, 23, 100, 54, 5, 4, 2, 2, 5, 9",2026-04-01 19:00:12,"Video, Related searches",informational,Organic
medical cannabis queensland,54,0,50,54,0,https://www.polln.com/locations/brisbane,0,0,0,0,1310000,"1, 2, 1, 2, 1, 2, 9, 12, 12, 12, 19, 15",2026-04-14 22:35:12,"Local pack, Video, Image, People also ask, Related searches, Discussions and forums, AI overview",informational,Organic
medical cannabis queensland,59,0,50,54,0,https://www.polln.com/locations/brisbane,0,0,0,0,1310000,"1, 2, 1, 2, 1, 2, 9, 12, 12, 12, 19, 15",2026-04-14 22:35:12,"Local pack, Video, Image, People also ask, Related searches, Discussions and forums, AI overview",informational,Organic
online dr prescriptions,51,0,50,47,0,https://www.polln.com/,0,0,0,0,10500000,"100, 9, 14, 19, 14, 19, 52, 23, 4, 14, 9, 23",2026-04-01 22:57:41,"Video, Ads bottom, Related searches","commercial, informational",Organic
refill prescription,62,63,70,31,3.09,https://www.polln.com/,0,0,0,0.81,84,"45, 18, 18, 63, 18, 45, 63, 81, 100, 63, 63, 63",2026-04-05 09:44:40,"Video Carousel, Related searches, AI overview",informational,Organic
medical marijuana victoria,20,20,140,36,0,https://www.polln.com/locations/melbourne,0,0,0,0,143,"0, 4, 33, 9, 42, 42, 100, 100, 100, 100, 100, 100",2026-03-11 08:58:37,"Video, Image, Related searches, Discussions and forums, AI overview",informational,Organic
medical marijuana victoria,45,45,140,36,0,https://www.polln.com/,0,0,0,0,143,"0, 4, 33, 9, 42, 42, 100, 100, 100, 100, 100, 100",2026-03-11 08:58:37,"Video, Image, Related searches, Discussions and forums, AI overview",informational,Organic
medical marijuana victoria,56,20,140,36,0,https://www.polln.com/locations/melbourne,0,0,0,0,143,"0, 4, 33, 9, 42, 42, 100, 100, 100, 100, 100, 100",2026-03-11 08:58:37,"Video, Image, Related searches, Discussions and forums, AI overview",informational,Organic
who can get medical weed,58,0,50,57,17.11,https://www.polln.com/library/getting-access-to-prescription-natural-medicine-in-australia,0,0,0,0.33,136,"41, 11, 11, 100, 41, 11, 41, 41, 11, 11, 11, 11",2026-04-12 11:56:12,"Sitelinks, Video, People also ask, Related searches, AI overview",informational,Organic
concession medical weed,25,25,40,17,45.73,https://www.polln.com/,0,0,0,0.78,811000,"80, 80, 60, 80, 80, 100, 100, 100, 60, 40, 40, 40",2026-03-20 22:55:25,"Video, AI overview",informational,Organic
concession medical weed,40,25,40,17,45.73,https://www.polln.com/,0,0,0,0.78,811000,"80, 80, 60, 80, 80, 100, 100, 100, 60, 40, 40, 40",2026-03-20 22:55:25,"Video, AI overview",informational,Organic
weed brisbane,25,25,140,42,0,https://www.polln.com/,0,0,0,0,5440000,"18, 18, 14, 14, 18, 10, 29, 35, 35, 43, 43, 43",2026-03-26 03:12:58,"Sitelinks, Video, Related searches, Discussions and forums",navigational,Organic
sativa mean,23,13,90,71,0,https://www.polln.com/library/sativa-vs-indica-vs-hybrid-cannabis-what-to-expect,0,0,0,0,21200000,"7, 7, 7, 7, 7, 7, 7, 7, 80, 100, 80, 100",2026-04-28 01:44:00,"Image pack, Sitelinks, Video, Video Carousel, People also ask, AI overview",informational,Organic
medical marijuana prescription,26,26,210,43,0,https://www.polln.com/,0,0,0,0,63300000,"29, 29, 29, 29, 35, 29, 43, 54, 54, 43, 54, 35",2026-03-21 00:27:06,"Video, Related searches, See results about, Discussions and forums, AI overview",informational,Organic
cbd doctors perth,42,0,50,33,1.53,https://www.polln.com/locations/perth,0,0,0,0.69,624000,"53, 7, 11, 11, 11, 11, 15, 15, 19, 15, 19, 19",2026-04-15 23:50:38,"Local pack, Video, People also ask, Related searches",commercial,Organic
cbd doctors perth,51,0,50,33,1.53,https://www.polln.com/locations/perth,0,0,0,0.69,624000,"53, 7, 11, 11, 11, 11, 15, 15, 19, 15, 19, 19",2026-04-15 23:50:38,"Local pack, Video, People also ask, Related searches",commercial,Organic
cbd pharmacy,58,78,320,36,1.58,https://www.polln.com/,0,0,0,0.05,77300000,"66, 66, 81, 81, 54, 81, 66, 81, 66, 66, 22, 100",2026-04-03 14:01:47,"Local pack, Image, Related searches",commercial,Organic
cbd pharmacy,61,78,320,36,1.58,https://www.polln.com/,0,0,0,0.05,77300000,"66, 66, 81, 81, 54, 81, 66, 81, 66, 66, 22, 100",2026-04-03 14:01:47,"Local pack, Image, Related searches",commercial,Organic
how long does marijuana stay in system for blood test,15,15,90,57,0,https://www.polln.com/library/how-long-does-cannabis-stay-in-your-system,0,0,0,0,90,"12, 23, 82, 100, 23, 0, 0, 0, 2, 0, 0, 0",2026-03-14 14:06:48,"Sitelinks, AI overview",informational,Organic
medical weed nsw,55,0,50,50,0,https://www.polln.com/locations/sydney,0,0,0,0,1160000,"0, 0, 1, 1, 3, 3, 7, 10, 10, 10, 10, 7",2026-04-29 14:57:01,"Video, Image, Ads bottom, Video Carousel, People also ask, Related searches, Discussions and forums, AI overview",informational,Organic
online scripts perth,64,64,110,39,3.18,https://www.polln.com/locations/perth,0,0,0,0.89,0,"28, 10, 7, 12, 12, 23, 43, 28, 100, 35, 10, 12",2026-03-06 18:56:04,"Video, Related searches","commercial, informational",Organic
prescription cannabis brisbane,14,0,50,38,0,https://www.polln.com/,0,0,0,0,220000,"54, 0, 0, 0, 0, 0, 0, 0, 1, 2, 2, 1",2026-04-03 03:51:08,"Local pack, Video, Related searches",commercial,Organic
marijuana clinic,12,0,70,39,0,https://www.polln.com/,0,0,0,0,39800000,"2, 2, 2, 2, 2, 2, 2, 22, 29, 29, 29, 29",2026-04-14 07:59:14,"Video, Image, Related searches","commercial, informational",Organic
online medicine prescription,54,54,50,35,0,https://www.polln.com/,0,0,0,0,214000000,"100, 9, 9, 14, 33, 66, 23, 14, 4, 9, 14, 19",2026-03-29 07:06:10,"Sitelinks, Video, Image, Related searches","commercial, informational",Organic
cannabis blood test,23,0,90,46,0,https://www.polln.com/library/how-long-does-cannabis-stay-in-your-system,0,0,0,0,114,"100, 81, 81, 81, 81, 63, 100, 81, 100, 100, 81, 63",2026-04-23 06:10:27,"Sitelinks, Video, Image, Video Carousel, People also ask, Related searches, Discussions and forums, AI overview",informational,Organic
medical marijuana south australia,11,0,90,39,0,https://www.polln.com/locations/adelaide,0,0,0,0,6890000,"17, 11, 17, 23, 17, 17, 82, 82, 82, 100, 82, 100",2026-04-11 14:59:07,"Video, Image, Related searches, AI overview",informational,Organic
medical marijuana south australia,70,0,90,39,0,https://www.polln.com/practitioners/dr-joel-wren,0,0,0,0,6890000,"17, 11, 17, 23, 17, 17, 82, 82, 82, 100, 82, 100",2026-04-11 14:59:07,"Video, Image, Related searches, AI overview",informational,Organic
weed how long in your system,26,15,140,52,0,https://www.polln.com/library/how-long-does-cannabis-stay-in-your-system,0,0,0,0,175000000,"66, 42, 42, 66, 66, 66, 52, 66, 66, 66, 80, 80",2026-04-25 16:02:45,"Video, Image, Video Carousel, People also ask, Short videos, Discussions and forums, AI overview",informational,Organic
weed dispensary brisbane,41,0,50,16,0,https://www.polln.com/locations/brisbane,0,0,0,0,37200,"28, 21, 7, 50, 7, 0, 28, 50, 50, 64, 64, 50",2026-04-15 03:54:52,"Video, Image, People also ask, Related searches, Discussions and forums, AI overview",informational,Organic
weed script,63,63,50,46,0,https://www.polln.com/locations/brisbane,0,0,0,0,17100000,"71, 71, 71, 57, 71, 100, 71, 100, 71, 57, 100, 71",2026-03-16 23:11:02,"Video, Video Carousel, Related searches, Discussions and forums, AI overview",informational,Organic
weed script,75,75,50,46,0,https://www.polln.com/locations/perth,0,0,0,0,17100000,"71, 71, 71, 57, 71, 100, 71, 100, 71, 57, 100, 71",2026-03-16 23:11:02,"Video, Video Carousel, Related searches, Discussions and forums, AI overview",informational,Organic
weed script,82,82,50,46,0,https://www.polln.com/locations/adelaide,0,0,0,0,17100000,"71, 71, 71, 57, 71, 100, 71, 100, 71, 57, 100, 71",2026-03-16 23:11:02,"Video, Video Carousel, Related searches, Discussions and forums, AI overview",informational,Organic
medical cannabis port macquarie,17,0,70,0,0,https://www.polln.com/,0,0,0,0,77,"0, 0, 0, 3, 0, 0, 28, 28, 15, 100, 53, 34",2026-04-12 05:14:10,"Related searches, AI overview",informational,Organic
medical marijuana canberra,12,12,90,21,0,https://www.polln.com/locations/canberra,0,0,0,0,0,"11, 7, 3, 11, 3, 0, 53, 65, 53, 65, 65, 100",2026-03-16 19:04:15,"Video, Related searches, Discussions and forums, AI overview",informational,Organic
medical marijuana canberra,85,85,90,21,0,https://www.polln.com/location-faqs/is-medicinal-cannabis-legal-in-canberra,0,0,0,0,0,"11, 7, 3, 11, 3, 0, 53, 65, 53, 65, 65, 100",2026-03-16 19:04:15,"Video, Related searches, Discussions and forums, AI overview",informational,Organic
medical marijuana canberra,92,85,90,21,0,https://www.polln.com/location-faqs/is-medicinal-cannabis-legal-in-canberra,0,0,0,0,0,"11, 7, 3, 11, 3, 0, 53, 65, 53, 65, 65, 100",2026-03-16 19:04:15,"Video, Related searches, Discussions and forums, AI overview",informational,Organic
medication schedules australia,9,0,50,34,0,https://www.polln.com/library/pharmacy-dispensing-limits-and-intervals,0,0,0,0.01,113,"50, 50, 50, 64, 50, 35, 50, 64, 14, 14, 14, 14",2026-04-06 14:49:13,"Image pack, Sitelinks, Video, Image, People also ask, Related searches, AI overview",informational,Image pack
tga approved vaporiser,9,5,140,19,0,https://www.polln.com/library/ultimate-guide-to-vaping-medicinal-cannabis,0,0,0,0,129,"5, 2, 5, 100, 4, 3, 7, 7, 14, 14, 17, 4",2026-04-25 06:20:46,"Sitelinks, People also ask, Related searches, Discussions and forums, AI overview",informational,Organic
tga approved vaporiser,37,0,140,19,0,https://www.polln.com/faqs/do-i-need-to-use-a-vaporiser-and-can-i-buy-a-vaporiser-through-polln,0,0,0,0,129,"5, 2, 5, 100, 4, 3, 7, 7, 14, 14, 17, 4",2026-04-25 06:20:46,"Sitelinks, People also ask, Related searches, Discussions and forums, AI overview",informational,Organic
medical marajuana australia,22,0,170,59,60.24,https://www.polln.com/,0,0,0,0.48,242,"0, 0, 0, 76, 0, 100, 0, 0, 0, 0, 0, 0",2026-04-26 06:49:47,"Video, Image, Video Carousel, People also ask, Related searches, Discussions and forums, AI overview",informational,Organic
naturopath australia,40,40,140,39,2.62,https://www.polln.com/,0,0,0,0.29,0,"53, 65, 53, 42, 42, 42, 65, 80, 65, 53, 34, 42",2026-03-11 05:16:03,"Knowledge panel, Video, Related searches, AI overview",commercial,Organic
best medical marijuanas,16,16,70,50,43.27,https://www.polln.com/,0,0,0,0.11,0,"29, 41, 41, 41, 23, 41, 29, 41, 41, 29, 29, 100",2026-03-06 07:12:20,"Local pack, Sitelinks, Video, Related searches, AI overview",commercial,Organic
best medical marijuanas,41,41,70,50,43.27,https://www.polln.com/locations/adelaide,0,0,0,0.11,0,"29, 41, 41, 41, 23, 41, 29, 41, 41, 29, 29, 100",2026-03-06 07:12:20,"Local pack, Sitelinks, Video, Related searches, AI overview",commercial,Organic
best medical marijuanas,77,77,70,50,43.27,https://www.polln.com/locations/sydney,0,0,0,0.11,0,"29, 41, 41, 41, 23, 41, 29, 41, 41, 29, 29, 100",2026-03-06 07:12:20,"Local pack, Sitelinks, Video, Related searches, AI overview",commercial,Organic
best medical marijuanas,82,82,70,50,43.27,https://www.polln.com/locations/canberra,0,0,0,0.11,0,"29, 41, 41, 41, 23, 41, 29, 41, 41, 29, 29, 100",2026-03-06 07:12:20,"Local pack, Sitelinks, Video, Related searches, AI overview",commercial,Organic
medical marijuanas australia cost,59,0,480,13,0,https://www.polln.com/,0,0,0,0,201,"54, 24, 24, 20, 20, 20, 24, 24, 20, 16, 10, 8",2026-04-03 09:45:36,"Sitelinks, Video, Related searches, AI overview",informational,Organic
medical marijuanas australia cost,64,0,480,13,0,https://www.polln.com/,0,0,0,0,201,"54, 24, 24, 20, 20, 20, 24, 24, 20, 16, 10, 8",2026-04-03 09:45:36,"Sitelinks, Video, Related searches, AI overview",informational,Organic
indaca,34,0,50,66,0,https://www.polln.com/library/sativa-vs-indica-vs-hybrid-cannabis-what-to-expect,0,0,0,0,296000000,"34, 3, 3, 100, 3, 3, 34, 3, 11, 11, 3, 0",2026-04-14 01:27:24,"Knowledge panel, Sitelinks, Video, Video Carousel, Related searches, Short videos",informational,Organic
how long does thc remain in urine,1,0,140,55,0,https://www.polln.com/library/how-long-does-cannabis-stay-in-your-system,0,0,0,0,5360000,"80, 53, 53, 42, 53, 42, 53, 53, 53, 42, 42, 34",2026-04-02 03:57:49,"Video, People also ask, Discussions and forums, AI overview",informational,AI overview
how long does thc remain in urine,21,0,140,55,0,https://www.polln.com/library/how-long-does-cannabis-stay-in-your-system,0,0,0,0,5360000,"80, 53, 53, 42, 53, 42, 53, 53, 53, 42, 42, 34",2026-04-02 03:57:49,"Video, People also ask, Discussions and forums, AI overview",informational,Organic
natural dr,19,19,320,54,1.78,https://www.polln.com/,0,0,0,0.24,2730000000,"100, 66, 54, 81, 66, 81, 15, 44, 66, 44, 54, 44",2026-03-26 04:31:12,"Local pack, Video, Image, Related searches",commercial,Organic
natural dr,32,19,320,54,1.78,https://www.polln.com/,0,0,0,0.24,2730000000,"100, 66, 54, 81, 66, 81, 15, 44, 66, 44, 54, 44",2026-03-26 04:31:12,"Local pack, Video, Image, Related searches",commercial,Organic
medical cannabis clinic australia,74,74,110,42,0,https://www.polln.com/locations/perth,0,0,0,0,4770000,"33, 23, 33, 42, 33, 33, 52, 66, 66, 80, 100, 80",2026-03-26 04:54:16,"Local pack, Video, Related searches, Discussions and forums",commercial,Organic
find weed,38,0,90,59,0,https://www.polln.com/,0,0,0,0,175000000,"29, 29, 29, 2, 29, 2, 2, 2, 2, 29, 2, 29",2026-04-06 23:14:37,"Video, Related searches, Discussions and forums","informational, transactional",Organic
can you drive with medical marijuanas qld,32,20,110,18,82.28,https://www.polln.com/library/medicinal-cannabis-and-driving-what-you-need-to-know-as-a-patient-in-australia,0,0,0,0.07,268000,"100, 66, 52, 52, 33, 52, 42, 42, 42, 42, 66, 42",2026-04-24 13:48:59,"Video, People also ask, Related searches, AI overview",informational,Organic
can you drive with medical marijuanas qld,43,20,110,18,82.28,https://www.polln.com/library/medicinal-cannabis-and-driving-what-you-need-to-know-as-a-patient-in-australia,0,0,0,0.07,268000,"100, 66, 52, 52, 33, 52, 42, 42, 42, 42, 66, 42",2026-04-24 13:48:59,"Video, People also ask, Related searches, AI overview",informational,Organic
can you drive with medical marijuanas qld,85,76,110,18,82.28,https://www.polln.com/location-faqs/can-i-drive-after-taking-medicinal-cannabis-treatments-in-brisbane,0,0,0,0.07,268000,"100, 66, 52, 52, 33, 52, 42, 42, 42, 42, 66, 42",2026-04-24 13:48:59,"Video, People also ask, Related searches, AI overview",informational,Organic
how to get a script for medical weed,72,0,70,54,62.84,https://www.polln.com/locations/perth,0,0,0,0.86,38600000,"21, 14, 28, 50, 28, 50, 50, 64, 100, 78, 50, 50",2026-04-28 06:05:06,"Video, Ads bottom, People also ask, Related searches, Discussions and forums, Ads middle, AI overview",informational,Organic
medical bud,27,27,90,70,51.66,https://www.polln.com/,0,0,0,0.62,148,"78, 50, 35, 35, 100, 64, 64, 64, 50, 50, 50, 50",2026-03-18 22:04:51,"Video, Video Carousel, Related searches, AI overview",informational,Organic
how long does cannabis stay in your blood for,13,13,260,63,0,https://www.polln.com/library/how-long-does-cannabis-stay-in-your-system,0,0,0,0,58200000,"29, 23, 36, 54, 44, 81, 15, 29, 29, 12, 10, 12",2026-03-26 05:33:42,"Video, People also ask, Short videos, Discussions and forums, AI overview",informational,Organic
best medicinal weed australia,8,0,40,,110.89,https://www.polln.com/,0,0,0,0.73,24900000,"0, 0, 0, 0, 100, 100, 100, 18, 18, 18, 18, 18",2026-04-16 01:32:17,"Sitelinks, Video, People also ask, Related searches, Discussions and forums, AI overview",commercial,Organic
what is cbd,69,0,1600,81,15.97,https://www.polln.com/library/cbd-oil-explained,0,0,0,0.01,291000000,"55, 44, 44, 44, 65, 44, 44, 55, 44, 55, 44, 34",2026-04-10 21:04:32,"Image pack, Video, Video Carousel, Related searches, AI overview",informational,Organic
medical cannabis prescription australia,20,35,70,55,0,https://www.polln.com/,0,0,0,0.33,6510000,"33, 33, 33, 33, 42, 33, 33, 33, 23, 33, 42, 23",2026-04-23 05:25:16,"Video, People also ask, Related searches, Discussions and forums, AI overview",informational,Organic
medical cannabis prescription australia,89,0,70,55,0,https://www.polln.com/locations/perth,0,0,0,0.33,6510000,"33, 33, 33, 33, 42, 33, 33, 33, 23, 33, 42, 23",2026-04-23 05:25:16,"Video, People also ask, Related searches, Discussions and forums, AI overview",informational,Organic
dr pot,46,0,50,23,7.08,https://www.polln.com/practitioners/dr-joel-wren,0,0,0,0.14,784000000,"9, 9, 9, 9, 9, 9, 100, 9, 9, 100, 19, 33",2026-04-21 06:37:27,"Video, Related searches",informational,Organic
sleeping medicine online,36,36,50,8,1.18,https://www.polln.com/,0,0,0,0.84,222,"11, 11, 11, 11, 11, 11, 64, 100, 82, 41, 23, 41",2026-03-17 01:17:50,"Sitelinks, Video, Image, Related searches, AI overview",informational,Organic
order weed online,21,9,90,39,0,https://www.polln.com/,0,0,0,0,183,"4, 29, 29, 29, 29, 29, 29, 22, 2, 2, 2, 2",2026-03-30 02:19:07,Image,commercial,Organic
greenhaven doctors,79,79,70,16,0,https://www.polln.com/locations/darwin,0,0,0,0,153000,"0, 9, 66, 80, 19, 14, 0, 100, 80, 9, 0",2026-03-22 12:33:26,Knowledge panel,informational,Organic
where to buy weed perth,57,0,50,41,0,https://www.polln.com/locations/perth,0,0,0,0.33,7470000,"18, 18, 18, 18, 18, 18, 63, 81, 100, 63, 81, 81",2026-04-15 13:56:08,"Local pack, Video, Image, Related searches, Discussions and forums, AI overview",informational,Organic
how to be eligible for medical weed,49,49,40,56,34.35,https://www.polln.com/library/getting-access-to-prescription-natural-medicine-in-australia,0,0,0,0.29,141,"23, 11, 11, 100, 11, 11, 11, 11, 11, 11, 11, 11",2026-03-20 17:03:53,"Video, Ads bottom, People also ask, Related searches, Ads middle, AI overview",informational,Organic
how to be eligible for medical weed,54,49,40,56,34.35,https://www.polln.com/library/getting-access-to-prescription-natural-medicine-in-australia,0,0,0,0.29,141,"23, 11, 11, 100, 11, 11, 11, 11, 11, 11, 11, 11",2026-03-20 17:03:53,"Video, Ads bottom, People also ask, Related searches, Ads middle, AI overview",informational,Organic
cannabis oil,89,0,1300,74,0,https://www.polln.com/library/cbd-oil-explained,0,0,0,0,69100000,"27, 52, 8, 20, 100, 10, 36, 36, 52, 36, 3, 20",2026-04-17 23:32:19,"Knowledge panel, Sitelinks, Video, Video Carousel, Popular products, Related searches, AI overview",informational,Organic
where to get weed in sydney,39,39,70,20,0,https://www.polln.com/,0,0,0,0.33,20300000,"11, 41, 41, 41, 41, 29, 41, 41, 64, 41, 41, 41",2026-04-02 07:59:51,"Local pack, Sitelinks, Video",informational,Organic
where to get weed in sydney,60,39,70,20,0,https://www.polln.com/,0,0,0,0.33,20300000,"11, 41, 41, 41, 41, 29, 41, 41, 64, 41, 41, 41",2026-04-02 07:59:51,"Local pack, Sitelinks, Video",informational,Organic
how long does it take for thc to leave system,30,31,260,67,0,https://www.polln.com/library/how-long-does-cannabis-stay-in-your-system,0,0,0,0,26100000,"82, 43, 66, 66, 43, 43, 43, 66, 82, 100, 100, 82",2026-04-08 07:47:53,Featured snippet,informational,Organic
medical marijuana clinic,91,91,110,50,0,https://www.polln.com/locations/perth,0,0,0,0,48500000,"2, 29, 29, 29, 29, 29, 29, 22, 14, 29, 29, 14",2026-03-30 03:24:39,"Local pack, Video, Image, Related searches",commercial,Organic
where to buy pot in melbourne,53,0,90,44,0,https://www.polln.com/locations/melbourne,0,0,0,0,148,"52, 41, 52, 64, 41, 64, 41, 52, 41, 64, 52, 52",2026-04-20 20:45:52,"Local pack, Sitelinks, Image, Related searches, Discussions and forums, AI overview",transactional,Organic
how can i get weed,21,21,110,37,0,https://www.polln.com/,0,0,0,0,137,"64, 64, 64, 82, 64, 100, 64, 64, 64, 64, 52, 52",2026-03-25 12:30:06,"Sitelinks, Video, Related searches, Discussions and forums, AI overview",informational,Organic
how can i get weed,30,21,110,37,0,https://www.polln.com/,0,0,0,0,137,"64, 64, 64, 82, 64, 100, 64, 64, 64, 64, 52, 52",2026-03-25 12:30:06,"Sitelinks, Video, Related searches, Discussions and forums, AI overview",informational,Organic
medicinal weed,22,29,260,66,0,https://www.polln.com/,0,0,0,0,182000000,"100, 23, 1, 36, 29, 23, 36, 36, 36, 36, 36, 36",2026-04-02 10:14:53,"Video, Ads bottom, Related searches, Short videos, Discussions and forums, Ads middle, AI overview",informational,Organic
functional doctor melbourne,82,85,260,49,0.98,https://www.polln.com/,0,0,0,0.37,123,"53, 66, 53, 82, 100, 53, 82, 82, 66, 66, 82, 53",2026-04-04 20:31:32,"Local pack, Related searches",commercial,Organic
how long does pot stay in system for drug test,23,0,70,60,0,https://www.polln.com/library/how-long-does-cannabis-stay-in-your-system,0,0,0,0,117,"9, 9, 9, 52, 9, 9, 52, 52, 100, 52, 33, 33",2026-04-12 03:03:11,"Sitelinks, Video, Featured snippet, People also ask, Related searches",informational,Organic
how long does a prescription last in nsw,17,0,50,18,0,https://www.polln.com/faqs/do-my-prescriptions-expire,0,0,0,0.33,19500000,"28, 57, 100, 57, 28, 100, 42, 71, 71, 71, 100, 71",2026-04-28 11:19:05,"Sitelinks, Video, People also ask, Related searches, AI overview",informational,Organic
how long does a prescription last in nsw,42,0,50,18,0,https://www.polln.com/faqs/do-my-prescriptions-expire,0,0,0,0.33,19500000,"28, 57, 100, 57, 28, 100, 42, 71, 71, 71, 100, 71",2026-04-28 11:19:05,"Sitelinks, Video, People also ask, Related searches, AI overview",informational,Organic
cannibis oil,73,73,210,63,0,https://www.polln.com/library/cbd-oil-explained,0,0,0,0,119000000,"20, 10, 13, 13, 20, 16, 13, 16, 24, 16, 10, 13",2026-03-27 01:37:12,"Knowledge panel, Sitelinks, Video, Video Carousel, Popular products, Related searches, Discussions and forums, AI overview",informational,Organic
how long are prescriptions valid for,81,0,260,18,0,https://www.polln.com/faqs/do-my-prescriptions-expire,0,0,0,0,46800000,"100, 82, 66, 66, 66, 66, 82, 66, 66, 53, 66, 66",2026-04-14 17:06:14,"Sitelinks, People also ask, Related searches, AI overview",informational,Organic
what's cbd,68,68,90,89,0,https://www.polln.com/library/cbd-oil-explained,0,0,0,0.33,0,"34, 0, 28, 28, 65, 53, 28, 53, 3, 3, 0, 6",2026-03-19 00:06:28,"Video, Video Carousel, Related searches, AI overview",informational,Organic
how long are scripts valid for in nsw,27,0,50,18,0,https://www.polln.com/faqs/do-my-prescriptions-expire,0,0,0,0.33,381000,"55, 44, 44, 22, 22, 77, 55, 55, 77, 55, 77, 44",2026-04-14 07:03:37,"Related searches, Discussions and forums, AI overview",informational,Organic
how long are scripts valid for in nsw,53,0,50,18,0,https://www.polln.com/faqs/do-my-prescriptions-expire,0,0,0,0.33,381000,"55, 44, 44, 22, 22, 77, 55, 55, 77, 55, 77, 44",2026-04-14 07:03:37,"Related searches, Discussions and forums, AI overview",informational,Organic
the cannabis centre,43,0,110,8,0,https://www.polln.com/,0,0,0,0,89300000,"100, 100, 100, 100, 100, 100, 100, 78, 100, 100, 7, 14",2026-04-25 11:02:07,"Knowledge panel, Video, Image, People also ask, Related searches",informational,Organic
alternative medicine perth,24,0,40,26,74.24,https://www.polln.com/locations/perth,0,0,0,0.94,11600000,"42, 28, 42, 57, 28, 42, 100, 100, 71, 42, 42, 42",2026-04-15 07:55:14,"Local pack, Video, People also ask, Related searches",commercial,Organic
prescription for cannabis,12,13,320,61,0,https://www.polln.com/,0,0,0,0.33,88300000,"100, 39, 32, 72, 100, 2, 2, 2, 2, 2, 2, 2",2026-04-02 13:28:29,"Video, People also ask, Related searches, Discussions and forums, AI overview",informational,Organic
prescription for cannabis,45,0,320,61,0,https://www.polln.com/library/getting-access-to-prescription-natural-medicine-in-australia,0,0,0,0.33,88300000,"100, 39, 32, 72, 100, 2, 2, 2, 2, 2, 2, 2",2026-04-02 13:28:29,"Video, People also ask, Related searches, Discussions and forums, AI overview",informational,Organic
prescription for cannabis,74,65,320,61,0,https://www.polln.com/locations/perth,0,0,0,0.33,88300000,"100, 39, 32, 72, 100, 2, 2, 2, 2, 2, 2, 2",2026-04-02 13:28:29,"Video, People also ask, Related searches, Discussions and forums, AI overview",informational,Organic
how long does weed stay in your system australia,1,1,880,35,0,https://www.polln.com/library/how-long-does-cannabis-stay-in-your-system,0,0,0,0,0,"37, 100, 84, 100, 100, 68, 31, 1, 1, 1, 2, 2",2026-03-17 19:39:01,"Video, Related searches, Discussions and forums, AI overview",informational,AI overview
medical marijuanas nsw,54,31,2400,61,59.73,https://www.polln.com/locations/sydney,0,0,0,0.8,862000,"80, 52, 80, 66, 100, 66, 52, 66, 66, 44, 44, 44",2026-04-26 15:00:44,"Local pack, Video, Related searches, Discussions and forums, Ads middle, AI overview","commercial, informational",Organic
how long does weed stay in your pee test,21,26,170,52,0,https://www.polln.com/library/how-long-does-cannabis-stay-in-your-system,0,0,0,0,5530000,"34, 21, 34, 43, 43, 43, 53, 65, 65, 81, 100, 100",2026-04-10 09:53:14,"Video, People also ask, Short videos, AI overview",informational,Organic
how long does weed to get out of your system,17,17,320,62,0,https://www.polln.com/library/how-long-does-cannabis-stay-in-your-system,0,0,0,0,174000000,"100, 81, 43, 54, 66, 54, 35, 54, 66, 81, 81, 66",2026-03-23 07:20:08,"Featured snippet, People also ask",informational,Organic
naturopathic clinic,50,84,90,52,0,https://www.polln.com/,0,0,0,0,110,"66, 66, 4, 4, 4, 4, 66, 66, 66, 66, 33, 33",2026-04-07 21:28:31,"Local pack, Video, Related searches, See results about",commercial,Organic
how long do scripts last qld,33,33,70,16,0,https://www.polln.com/faqs/do-my-prescriptions-expire,0,0,0,0.33,86,"45, 63, 81, 36, 63, 81, 100, 100, 81, 18, 18, 18",2026-03-21 04:38:17,"Related searches, AI overview",informational,Organic
buy weed canberra,34,0,70,25,0,https://www.polln.com/locations/canberra,0,0,0,0,3340000,"7, 28, 21, 14, 21, 21, 64, 78, 64, 100, 100, 100",2026-04-13 08:37:46,"Image pack, Sitelinks",transactional,Organic
medical cannabis driving victoria,76,76,70,32,0,https://www.polln.com/library/medicinal-cannabis-and-driving-what-you-need-to-know-as-a-patient-in-australia,0,0,0,0,0,"9, 52, 100, 33, 33, 23, 23, 33, 23, 33, 23, 23",2026-03-10 22:35:19,"Video, Featured snippet, Related searches, Discussions and forums",informational,Organic
marijuana prescription,18,18,110,58,0,https://www.polln.com/,0,0,0,0,37000000,"33, 4, 33, 42, 42, 23, 100, 100, 66, 52, 80, 52",2026-03-27 13:32:40,"Video, Video Carousel, Related searches, AI overview",informational,Organic
indica vs satiba,44,0,70,66,0,https://www.polln.com/library/sativa-vs-indica-vs-hybrid-cannabis-what-to-expect,0,0,0,0,20200000,"0, 0, 0, 0, 0, 0, 0, 0, 100, 0, 0, 0",2026-04-12 04:07:36,"Image pack, Video, Related searches, Short videos, Discussions and forums, AI overview","commercial, informational",Organic
urine cannabis,34,34,70,28,0,https://www.polln.com/library/how-long-does-cannabis-stay-in-your-system,0,0,0,0,228,"77, 77, 77, 100, 77, 77, 77, 100, 77, 77, 77, 77",2026-03-22 10:42:48,"Sitelinks, Video, Image, Video Carousel, People also ask, Related searches, AI overview",informational,Organic
how long can weed be detected in a saliva test,88,0,70,43,0,https://www.polln.com/library/how-long-does-cannabis-stay-in-your-system,0,0,0,0.33,958000,"18, 27, 100, 100, 100, 27, 18, 100, 100, 36, 18, 18",2026-04-22 21:38:47,"Sitelinks, Video, Video Carousel, People also ask, Related searches, AI overview",informational,Organic
how long does weed stay in the blood,9,28,50,58,0,https://www.polln.com/library/how-long-does-cannabis-stay-in-your-system,0,0,0,0,117,"50, 50, 50, 35, 50, 50, 78, 7, 21, 21, 14, 21",2026-04-03 22:51:36,"Sitelinks, Video, People also ask, Discussions and forums, AI overview",informational,Organic
how long does weed stay in the blood,12,28,50,58,0,https://www.polln.com/library/how-long-does-cannabis-stay-in-your-system,0,0,0,0,117,"50, 50, 50, 35, 50, 50, 78, 7, 21, 21, 14, 21",2026-04-03 22:51:36,"Sitelinks, Video, People also ask, Discussions and forums, AI overview",informational,Organic
medicinal weed prescription,14,14,110,52,83.71,https://www.polln.com/,0,0,0,0.57,5290000,"65, 81, 53, 81, 81, 0, 3, 100, 0, 0, 3, 3",2026-03-20 09:09:03,"Video, Video Carousel, People also ask, Related searches, Discussions and forums, AI overview",informational,Organic
medicinal weed prescription,44,44,110,52,83.71,https://www.polln.com/locations/brisbane,0,0,0,0.57,5290000,"65, 81, 53, 81, 81, 0, 3, 100, 0, 0, 3, 3",2026-03-20 09:09:03,"Video, Video Carousel, People also ask, Related searches, Discussions and forums, AI overview",informational,Organic
travelling internationally with prescription medication,56,56,50,36,0,https://www.polln.com/faqs/can-i-travel-with-my-prescription-medications,0,0,0,0.33,154,"50, 50, 50, 50, 50, 35, 35, 50, 14, 14, 14, 14",2026-03-19 23:52:01,"Sitelinks, Video, Related searches, AI overview",informational,Organic
whats the difference between indica and sativa,1,1,50,72,0,https://www.polln.com/library/sativa-vs-indica-vs-hybrid-cannabis-what-to-expect,0,0,0,0,149,"50, 50, 78, 78, 64, 21, 78, 7, 35, 0, 0, 21",2026-03-21 23:13:08,"Sitelinks, Video, People also ask, Related searches, Discussions and forums, AI overview",informational,AI overview
whats the difference between indica and sativa,7,7,50,72,0,https://www.polln.com/library/sativa-vs-indica-vs-hybrid-cannabis-what-to-expect,0,0,0,0,149,"50, 50, 78, 78, 64, 21, 78, 7, 35, 0, 0, 21",2026-03-21 23:13:08,"Sitelinks, Video, People also ask, Related searches, Discussions and forums, AI overview",informational,Organic
medical cannabis strains,79,79,110,37,5.36,https://www.polln.com/,0,0,0,0.02,17600000,"100, 100, 100, 64, 64, 82, 82, 64, 52, 64, 41, 52",2026-03-28 21:17:14,"Video, People also ask, Related searches, Discussions and forums, AI overview",informational,Organic
how to get cbd oil prescription australia,18,18,70,52,0,https://www.polln.com/,0,0,0,0,139,"0, 0, 0, 0, 0, 16, 13, 20, 0, 0, 0, 0",2026-03-24 22:44:15,"Video, Video Carousel, Discussions and forums, AI overview",informational,Organic
medical marijuana near me,59,59,140,50,0,https://www.polln.com/locations/adelaide,0,0,0,0,0,"29, 29, 29, 29, 29, 29, 29, 35, 29, 29, 29, 29",2026-03-19 10:09:05,"Knowledge panel, Video, Image, Related searches, AI overview","informational, transactional",Organic
for how long is weed in your system,18,23,90,61,0,https://www.polln.com/library/how-long-does-cannabis-stay-in-your-system,0,0,0,0,177000000,"33, 33, 52, 100, 66, 33, 23, 33, 33, 33, 33, 42",2026-04-20 18:44:52,"Video, Image, Video Carousel, People also ask, Related searches, Short videos, AI overview",informational,Organic
effects of sativa vs indica,32,16,110,71,0,https://www.polln.com/library/sativa-vs-indica-vs-hybrid-cannabis-what-to-expect,0,0,0,0,12600000,"41, 64, 52, 64, 64, 52, 64, 52, 64, 64, 82, 100",2026-04-07 19:39:04,"Image pack, Video, Video Carousel, People also ask, Related searches, Short videos, Discussions and forums, AI overview","commercial, informational",Organic
prescription medication international travel,70,0,50,34,0,https://www.polln.com/faqs/can-i-travel-with-my-prescription-medications,0,0,0,0.33,66700000,"26, 26, 26, 26, 26, 19, 19, 26, 7, 7, 7, 7",2026-04-25 03:31:07,"Video, People also ask, Related searches, Discussions and forums, AI overview",informational,Organic
how long does weed stay in system drug test,29,0,70,60,0,https://www.polln.com/library/how-long-does-cannabis-stay-in-your-system,0,0,0,0,129,"9, 9, 9, 52, 9, 9, 52, 52, 100, 52, 33, 33",2026-04-12 03:12:20,"Sitelinks, Video, People also ask, AI overview",informational,Organic
how long does weed stay in system drug test,39,0,70,60,0,https://www.polln.com/library/how-long-does-cannabis-stay-in-your-system,0,0,0,0,129,"9, 9, 9, 52, 9, 9, 52, 52, 100, 52, 33, 33",2026-04-12 03:12:20,"Sitelinks, Video, People also ask, AI overview",informational,Organic
how long does cannabis stay in system for,13,16,110,57,0,https://www.polln.com/library/how-long-does-cannabis-stay-in-your-system,0,0,0,0,111000000,"81, 81, 21, 28, 21, 9, 21, 28, 43, 21, 21, 21",2026-04-03 22:53:10,"Video, People also ask, Related searches, Discussions and forums, AI overview",informational,Organic
how long does cannabis stay in system for,22,16,110,57,0,https://www.polln.com/library/how-long-does-cannabis-stay-in-your-system,0,0,0,0,111000000,"81, 81, 21, 28, 21, 9, 21, 28, 43, 21, 21, 21",2026-04-03 22:53:10,"Video, People also ask, Related searches, Discussions and forums, AI overview",informational,Organic
purchase medical marijuanas,69,0,70,62,43.36,https://www.polln.com/locations/brisbane,0,0,0,0.06,212,"18, 100, 63, 100, 81, 63, 27, 45, 100, 81, 63, 45",2026-04-24 18:08:17,"Local pack, Video, Related searches, AI overview",informational,Organic
purchase medical marijuanas,76,0,70,62,43.36,https://www.polln.com/locations/brisbane,0,0,0,0.06,212,"18, 100, 63, 100, 81, 63, 27, 45, 100, 81, 63, 45",2026-04-24 18:08:17,"Local pack, Video, Related searches, AI overview",informational,Organic
purchase medical marijuanas,98,0,70,62,43.36,https://www.polln.com/locations/brisbane,0,0,0,0.06,212,"18, 100, 63, 100, 81, 63, 27, 45, 100, 81, 63, 45",2026-04-24 18:08:17,"Local pack, Video, Related searches, AI overview",informational,Organic
meaning of cbd in australia,32,34,50,34,0,https://www.polln.com/library/cbd-oil-explained,0,0,0,0.33,115,"63, 63, 63, 63, 63, 45, 63, 81, 63, 63, 18, 18",2026-04-26 00:07:49,"Video, People also ask, Related searches, AI overview",informational,Organic
pharamcy online,45,45,50,80,1.39,https://www.polln.com/,0,0,0,1,529000000,"2, 100, 0, 14, 0, 2, 2, 6, 2, 2, 2, 2",2026-03-28 22:20:06,"Sitelinks, Video, People also ask, Related searches",navigational,Organic
does prescriptions expire,19,19,170,15,0,https://www.polln.com/faqs/do-my-prescriptions-expire,0,0,0,0,13300000,"100, 66, 52, 66, 66, 66, 52, 80, 100, 80, 80, 80",2026-03-26 16:02:47,"Sitelinks, Video, Image, Video Carousel, Related searches, AI overview",informational,Organic
weed in system for how long,17,17,70,57,0,https://www.polln.com/library/how-long-does-cannabis-stay-in-your-system,0,0,0,0,0,"64, 50, 50, 64, 50, 50, 50, 50, 35, 50, 100, 50",2026-03-06 19:48:06,"Video, Video Carousel, Discussions and forums, AI overview",informational,Organic
best medical bud,17,45,50,46,44.7,https://www.polln.com/,0,0,0,0.06,134,"100, 77, 77, 33, 77, 55, 100, 77, 22, 22, 22, 22",2026-04-06 13:33:08,"Sitelinks, Video, Related searches, Discussions and forums, AI overview",commercial,Organic
how to get a prescription for weed,18,21,210,59,44.78,https://www.polln.com/,0,0,0,0.58,81200000,"65, 65, 53, 100, 65, 65, 53, 34, 53, 53, 53, 65",2026-04-05 10:04:11,"Video, Ads bottom, Video Carousel, Related searches, Discussions and forums, AI overview",informational,Organic
how to get a prescription for weed,37,36,210,59,44.78,https://www.polln.com/library/getting-access-to-prescription-natural-medicine-in-australia,0,0,0,0.58,81200000,"65, 65, 53, 100, 65, 65, 53, 34, 53, 53, 53, 65",2026-04-05 10:04:11,"Video, Ads bottom, Video Carousel, Related searches, Discussions and forums, AI overview",informational,Organic
how to get a prescription for weed,81,36,210,59,44.78,https://www.polln.com/library/getting-access-to-prescription-natural-medicine-in-australia,0,0,0,0.58,81200000,"65, 65, 53, 100, 65, 65, 53, 34, 53, 53, 53, 65",2026-04-05 10:04:11,"Video, Ads bottom, Video Carousel, Related searches, Discussions and forums, AI overview",informational,Organic
how long does thc stay in system,1,1,170,61,0,https://www.polln.com/library/how-long-does-cannabis-stay-in-your-system,0,0,0,0,34500000,"21, 26, 14, 14, 17, 11, 14, 14, 17, 17, 26, 26",2026-03-24 23:54:09,"Video, People also ask, Related searches, Short videos, Discussions and forums, AI overview",informational,AI overview
how long does thc stay in system,17,17,170,61,0,https://www.polln.com/library/how-long-does-cannabis-stay-in-your-system,0,0,0,0,34500000,"21, 26, 14, 14, 17, 11, 14, 14, 17, 17, 26, 26",2026-03-24 23:54:09,"Video, People also ask, Related searches, Short videos, Discussions and forums, AI overview",informational,Organic
how long does weed stay urine,27,0,210,59,0,https://www.polln.com/library/how-long-does-cannabis-stay-in-your-system,0,0,0,0,126,"0, 0, 0, 0, 0, 0, 15, 44, 100, 81, 81, 100",2026-04-28 22:49:49,"Sitelinks, Video, People also ask, Short videos, AI overview",informational,Organic
medical oil,75,0,40,,1.84,https://www.polln.com/,0,0,0,0.85,1960000000,"27, 27, 36, 45, 45, 45, 45, 18, 18, 63, 18, 18",2026-04-15 12:13:29,"Image pack, Sitelinks, Video, Video Carousel, People also ask, Related searches, Discussions and forums, AI overview",informational,Organic
medical canibus,72,0,50,71,0,https://www.polln.com/,0,0,0,0,111000000,"0, 2, 0, 1, 1, 3, 3, 3, 2, 3, 3, 24",2026-04-29 15:08:08,"Video, Video Carousel, People also ask, Related searches, Discussions and forums, AI overview",informational,Organic
medical green,63,0,140,48,2.01,https://www.polln.com/,0,0,0,0.37,6420000000,"82, 82, 64, 64, 64, 64, 82, 100, 64, 64, 64, 100",2026-04-23 23:56:00,"Image pack, Sitelinks, Video, Related searches",navigational,Organic
medical green,72,0,140,48,2.01,https://www.polln.com/locations/perth,0,0,0,0.37,6420000000,"82, 82, 64, 64, 64, 64, 82, 100, 64, 64, 64, 100",2026-04-23 23:56:00,"Image pack, Sitelinks, Video, Related searches",navigational,Organic
cbd clinic melbourne,17,17,40,47,12.55,https://www.polln.com/,0,0,0,0.84,3460000,"63, 18, 27, 18, 27, 36, 45, 45, 36, 45, 45, 45",2026-03-21 13:46:43,"Local pack, Video, Image, Related searches",commercial,Organic
how long does weed last in your system,17,17,210,58,0,https://www.polln.com/library/how-long-does-cannabis-stay-in-your-system,0,0,0,0,107000000,"81, 65, 53, 81, 65, 81, 53, 53, 65, 65, 65, 65",2026-03-09 11:29:56,"Video, Related searches, Short videos, Discussions and forums, AI overview",informational,Organic
how long does weed last in your system,19,17,210,58,0,https://www.polln.com/library/how-long-does-cannabis-stay-in-your-system,0,0,0,0,107000000,"81, 65, 53, 81, 65, 81, 53, 53, 65, 65, 65, 65",2026-03-09 11:29:56,"Video, Related searches, Short videos, Discussions and forums, AI overview",informational,Organic
medical marijuana doctor near me,6,0,70,60,0,https://www.polln.com/practitioners/dr-joel-wren,0,0,0,0,63100000,"100, 14, 100, 14, 14, 100, 35, 50, 50, 50, 64, 50",2026-04-24 03:58:04,"Local pack, Video, Image, People also ask, Related searches, AI overview","informational, transactional",Organic
medical marijuana doctor near me,84,49,70,60,0,https://www.polln.com/locations/canberra,0,0,0,0,63100000,"100, 14, 100, 14, 14, 100, 35, 50, 50, 50, 64, 50",2026-04-24 03:58:04,"Local pack, Video, Image, People also ask, Related searches, AI overview","informational, transactional",Organic
cbd prescription melbourne,30,30,40,44,16.49,https://www.polln.com/locations/melbourne,0,0,0,0.81,129,"100, 57, 57, 57, 57, 57, 71, 42, 28, 28, 28, 28",2026-03-27 17:06:23,"Local pack, Video, Related searches",commercial,Organic
cbd prescription melbourne,97,97,40,44,16.49,https://www.polln.com/locations/perth,0,0,0,0.81,129,"100, 57, 57, 57, 57, 57, 71, 42, 28, 28, 28, 28",2026-03-27 17:06:23,"Local pack, Video, Related searches",commercial,Organic
how long does weed stay in your system drug test,16,20,110,60,0,https://www.polln.com/library/how-long-does-cannabis-stay-in-your-system,0,0,0,0,27600000,"42, 33, 42, 52, 52, 52, 52, 42, 42, 52, 66, 100",2026-04-09 20:59:33,"Sitelinks, Video, People also ask, AI overview",informational,Organic
how long does weed stay in your system drug test,37,20,110,60,0,https://www.polln.com/library/how-long-does-cannabis-stay-in-your-system,0,0,0,0,27600000,"42, 33, 42, 52, 52, 52, 52, 42, 42, 52, 66, 100",2026-04-09 20:59:33,"Sitelinks, Video, People also ask, AI overview",informational,Organic
cbd medical centre,87,87,210,32,1.49,https://www.polln.com/,0,0,0,0.28,130,"21, 26, 17, 21, 26, 17, 32, 5, 32, 17, 17, 11",2026-03-29 07:19:25,"Local pack, Image, Related searches",commercial,Organic
australia pollen,61,80,70,47,0,https://patient.polln.com/,0,0,0,0.08,40000000,"41, 29, 41, 41, 29, 17, 29, 11, 64, 64, 64, 64",2026-04-27 08:03:19,"Video, Image, Video Carousel, People also ask, Related searches, AI overview",informational,Organic
volcano medic,8,8,70,10,0,https://shop.polln.com/products/volcano-medic-2,0,0,0,0,200,"45, 63, 63, 63, 63, 63, 81, 18, 63, 63, 18, 63",2026-03-30 21:44:11,"Image pack, Sitelinks, Video, Video Carousel, People also ask, Related searches",informational,Organic
mmj doctor near me,92,0,90,55,0,https://www.polln.com/locations/adelaide,0,0,0,0,6010000,"22, 29, 22, 4, 4, 29, 22, 22, 22, 22, 18, 2",2026-04-23 23:11:27,"Sitelinks, Image, People also ask, Related searches, AI overview",transactional,Organic
mmj doctor near me,95,0,90,55,0,https://www.polln.com/locations/melbourne,0,0,0,0,6010000,"22, 29, 22, 4, 4, 29, 22, 22, 22, 22, 18, 2",2026-04-23 23:11:27,"Sitelinks, Image, People also ask, Related searches, AI overview",transactional,Organic
weed dispensary melbourne,11,11,170,39,0,https://www.polln.com/,0,0,0,0,71500,"29, 23, 29, 23, 23, 23, 23, 23, 19, 23, 19, 19",2026-03-14 03:46:30,"Video, Image, Related searches, Discussions and forums, AI overview",informational,Organic
medical marijuana dispensary melbourne,38,0,50,32,0,https://www.polln.com/,0,0,0,0,90100,"44, 22, 33, 44, 33, 33, 55, 77, 100, 77, 100, 77",2026-04-14 22:03:50,"Video, Image, Related searches, Discussions and forums, AI overview",informational,Organic
medical marijuana dispensary melbourne,76,0,50,32,0,https://www.polln.com/locations/melbourne,0,0,0,0,90100,"44, 22, 33, 44, 33, 33, 55, 77, 100, 77, 100, 77",2026-04-14 22:03:50,"Video, Image, Related searches, Discussions and forums, AI overview",informational,Organic
medicinal cannabinoids south australia,19,17,70,43,0,https://www.polln.com/,0,0,0,0,13100000,"33, 33, 42, 42, 42, 23, 23, 33, 33, 33, 33, 33",2026-04-03 18:13:48,"Local pack, Video, Related searches, AI overview",informational,Organic
medicinal cannabinoids south australia,24,17,70,43,0,https://www.polln.com/,0,0,0,0,13100000,"33, 33, 42, 42, 42, 23, 23, 33, 33, 33, 33, 33",2026-04-03 18:13:48,"Local pack, Video, Related searches, AI overview",informational,Organic
medicinal cannabinoids south australia,37,17,70,43,0,https://www.polln.com/,0,0,0,0,13100000,"33, 33, 42, 42, 42, 23, 23, 33, 33, 33, 33, 33",2026-04-03 18:13:48,"Local pack, Video, Related searches, AI overview",informational,Organic
doctors perth cbd,99,99,260,46,1.53,https://www.polln.com/locations/perth,0,0,0,0.69,6770000,"66, 53, 66, 66, 53, 43, 53, 53, 100, 82, 66, 53",2026-03-29 03:56:45,"Local pack, Image, Related searches",commercial,Organic
hybrid weed,14,7,140,56,0,https://www.polln.com/library/sativa-vs-indica-vs-hybrid-cannabis-what-to-expect,0,0,0,0,118000000,"53, 53, 53, 53, 53, 53, 53, 42, 53, 53, 53, 53",2026-04-04 00:57:19,"Image pack, Video, Video Carousel, Related searches, Discussions and forums, AI overview","commercial, informational",Organic
taking medicine overseas,78,78,140,25,0,https://www.polln.com/faqs/can-i-travel-with-my-prescription-medications,0,0,0,0.02,146,"53, 53, 42, 80, 80, 53, 42, 80, 53, 53, 53, 42",2026-03-08 17:43:12,"Video, Related searches, AI overview",informational,Organic
how long are prescriptions valid for in australia,1,1,90,9,0,https://www.polln.com/faqs/do-my-prescriptions-expire,0,0,0,0.33,81,"33, 23, 19, 19, 19, 23, 23, 33, 80, 42, 66, 80",2026-03-06 09:39:58,"Related searches, Discussions and forums, AI overview",informational,AI overview
natural medicine,20,20,140,75,22.14,https://www.polln.com/,0,0,0,0.62,872000000,"2, 5, 23, 15, 15, 9, 23, 36, 23, 19, 29, 36",2026-03-07 12:25:51,"Video, Image, Related searches, See results about, AI overview",informational,Organic
where can i buy medical cannabis,27,56,50,54,0,https://www.polln.com/,0,0,0,0.03,88500000,"18, 18, 18, 18, 100, 63, 63, 45, 45, 45, 45, 63",2026-04-29 08:46:02,"Local pack, Video, People also ask, Related searches, Discussions and forums",transactional,Organic
how long does weed stay in your system,31,30,1600,63,0,https://www.polln.com/library/how-long-does-cannabis-stay-in-your-system,0,0,0,0,167000000,"23, 19, 19, 23, 19, 19, 19, 16, 23, 16, 19, 19",2026-04-26 07:46:01,"Video, People also ask, Related searches, Short videos, Discussions and forums, AI overview",informational,Organic
medicinal cannabinoids sydney,18,18,170,37,0,https://www.polln.com/,0,0,0,0,8560000,"66, 35, 43, 53, 53, 53, 35, 43, 35, 43, 43, 43",2026-03-21 01:05:08,"Knowledge panel, Sitelinks, Video, Ads bottom, Related searches, AI overview",informational,Organic
cbd oil and driving queensland,35,35,70,16,0,https://www.polln.com/library/medicinal-cannabis-and-driving-what-you-need-to-know-as-a-patient-in-australia,0,0,0,0,0,"2, 6, 6, 6, 9, 9, 12, 15, 12, 9, 12, 9",2026-03-08 05:44:40,"Sitelinks, Video, Related searches, AI overview",informational,Organic
med card,90,0,90,56,0,https://www.polln.com/library/getting-access-to-prescription-natural-medicine-in-australia,0,0,0,0,2730000000,"65, 65, 100, 43, 65, 3, 3, 3, 0, 0, 3, 3",2026-04-29 14:01:42,"Sitelinks, People also ask, Related searches, AI overview",informational,Organic
how long is prescription valid for,72,72,320,23,0,https://www.polln.com/faqs/do-my-prescriptions-expire,0,0,0,0.01,130000000,"81, 66, 35, 66, 100, 44, 15, 54, 81, 66, 35, 54",2026-03-27 10:08:30,"Related searches, AI overview",informational,Organic
medical cannabis western australia,32,0,70,33,0,https://www.polln.com/locations/perth,0,0,0,0,5550000,"5, 0, 5, 5, 5, 5, 100, 100, 64, 64, 82, 100",2026-04-12 05:25:29,"Sitelinks, Video, Image, Related searches, Discussions and forums, AI overview",informational,Organic
indica vs sativa,40,13,2900,73,0,https://www.polln.com/library/sativa-vs-indica-vs-hybrid-cannabis-what-to-expect,0,0,0,0,131,"81, 66, 66, 66, 53, 53, 44, 29, 44, 35, 44, 35",2026-04-30 01:57:15,"Image pack, Sitelinks, Video, Image, Video Carousel, People also ask, Related searches, Short videos, AI overview","commercial, informational",Organic
online testosterone prescription australia,84,84,320,41,1.29,https://www.polln.com/,0,0,0,0.79,195,"66, 54, 66, 54, 54, 44, 100, 44, 44, 44, 35, 23",2026-03-20 20:54:42,"Video, Related searches, AI overview",informational,Organic
how long does it take for weed leave your system,17,17,320,59,0,https://www.polln.com/library/how-long-does-cannabis-stay-in-your-system,0,0,0,0,181000000,"100, 81, 43, 54, 66, 54, 35, 54, 66, 81, 81, 66",2026-03-28 15:34:10,"Featured snippet, People also ask",informational,Organic
how long does it take for weed leave your system,21,17,320,59,0,https://www.polln.com/library/how-long-does-cannabis-stay-in-your-system,0,0,0,0,181000000,"100, 81, 43, 54, 66, 54, 35, 54, 66, 81, 81, 66",2026-03-28 15:34:10,"Featured snippet, People also ask",informational,Organic
how long weed stays in blood,17,17,210,61,0,https://www.polln.com/library/how-long-does-cannabis-stay-in-your-system,0,0,0,0,104,"66, 66, 43, 66, 82, 66, 53, 66, 53, 53, 53, 43",2026-03-29 15:05:08,"Video, People also ask, Related searches, Discussions and forums, AI overview",informational,Organic
infica,31,0,70,78,0,https://www.polln.com/library/sativa-vs-indica-vs-hybrid-cannabis-what-to-expect,0,0,0,0,122,"2, 0, 0, 0, 0, 1, 100, 0, 3, 2, 0, 0",2026-04-10 11:26:54,"Knowledge panel, Sitelinks, Video, Video Carousel, Related searches, Short videos",informational,Organic
pollen in australia,75,0,70,44,0,https://patient.polln.com/,0,0,0,0.08,43600000,"63, 45, 63, 63, 45, 27, 45, 18, 100, 100, 100, 100",2026-04-18 17:23:22,"Video, Image, Video Carousel, People also ask, Related searches, AI overview",informational,Organic
sativa indica,12,12,590,83,0,https://www.polln.com/library/sativa-vs-indica-vs-hybrid-cannabis-what-to-expect,0,0,0,0,22300000,"72, 72, 100, 59, 72, 48, 88, 26, 59, 72, 26, 32",2026-03-23 22:48:52,"Knowledge panel, Sitelinks, Video, Video Carousel, Related searches, Short videos",informational,Organic
vegan doctors,70,0,210,21,0,https://www.polln.com/our-doctors,0,0,0,0.04,20500000,"53, 53, 81, 65, 53, 100, 81, 81, 65, 65, 65, 53",2026-04-23 16:37:23,"Video, People also ask, Related searches, Discussions and forums, AI overview",informational,Organic
functional medicine doctor,44,44,480,45,0,https://www.polln.com/,0,0,0,0,1170000000,"24, 81, 16, 13, 13, 16, 24, 30, 20, 16, 100, 24",2026-03-21 05:52:36,"Local pack, Video, People also ask, Related searches, See results about, AI overview",informational,Organic
functional medicine doctor,82,44,480,45,0,https://www.polln.com/,0,0,0,0,1170000000,"24, 81, 16, 13, 13, 16, 24, 30, 20, 16, 100, 24",2026-03-21 05:52:36,"Local pack, Video, People also ask, Related searches, See results about, AI overview",informational,Organic
medicinal cannabinoids gold coast,32,32,110,32,0,https://www.polln.com/practitioners/stephanie-grunberg,0,0,0,0,0,"66, 42, 66, 66, 66, 33, 42, 42, 33, 33, 42, 42",2026-03-14 17:52:48,"Local pack, Video, Related searches, AI overview",informational,Organic
medicinal doctor,9,0,50,46,2.95,https://www.polln.com/,0,0,0,0.29,49800000,"0, 0, 100, 0, 0, 0, 0, 0, 0, 82, 0, 0",2026-04-12 13:19:04,"Local pack, Video, Related searches, AI overview",informational,Organic
medical cannabis cost,13,0,50,23,0,https://www.polln.com/library/how-much-does-medicinal-cannabis-cost-in-australia,0,0,0,0,75900000,"0, 0, 9, 9, 9, 0, 100, 100, 81, 81, 81, 81",2026-04-29 15:01:06,"Sitelinks, Video, People also ask, Related searches, Discussions and forums, AI overview",informational,Organic
polln dashboard,3,3,50,9,0,https://www.polln.com/faqs/how-do-i-access-repeat-prescriptions-of-my-medication,0,0,0,0.02,859,"100, 64, 78, 35, 28, 35, 35, 28, 14, 14, 14, 14",2026-03-09 18:33:46,"Sitelinks, Related searches","navigational, transactional",Organic
polln dashboard,4,4,50,9,0,https://www.polln.com/faqs/is-my-polln-consultation-booked-into-my-timezone,0,0,0,0.02,859,"100, 64, 78, 35, 28, 35, 35, 28, 14, 14, 14, 14",2026-03-09 18:33:46,"Sitelinks, Related searches","navigational, transactional",Organic
polln dashboard,5,5,50,9,0,https://www.polln.com/faqs/can-i-track-my-order,0,0,0,0.02,859,"100, 64, 78, 35, 28, 35, 35, 28, 14, 14, 14, 14",2026-03-09 18:33:46,"Sitelinks, Related searches","navigational, transactional",Organic
polln dashboard,6,6,50,9,0,https://www.polln.com/contact,0,0,0,0.02,859,"100, 64, 78, 35, 28, 35, 35, 28, 14, 14, 14, 14",2026-03-09 18:33:46,"Sitelinks, Related searches","navigational, transactional",Organic
polln dashboard,7,7,50,9,0,https://www.polln.com/pricing,0,0,0,0.02,859,"100, 64, 78, 35, 28, 35, 35, 28, 14, 14, 14, 14",2026-03-09 18:33:46,"Sitelinks, Related searches","navigational, transactional",Organic
polln dashboard,8,8,50,9,0,https://www.polln.com/faqs-section/using-the-polln-platform,0,0,0,0.02,859,"100, 64, 78, 35, 28, 35, 35, 28, 14, 14, 14, 14",2026-03-09 18:33:46,"Sitelinks, Related searches","navigational, transactional",Organic
polln dashboard,9,9,50,9,0,https://www.polln.com/faqs/who-is-polln-for,0,0,0,0.02,859,"100, 64, 78, 35, 28, 35, 35, 28, 14, 14, 14, 14",2026-03-09 18:33:46,"Sitelinks, Related searches","navigational, transactional",Organic
polln dashboard,10,10,50,9,0,https://www.polln.com/faqs/do-my-prescriptions-expire,0,0,0,0.02,859,"100, 64, 78, 35, 28, 35, 35, 28, 14, 14, 14, 14",2026-03-09 18:33:46,"Sitelinks, Related searches","navigational, transactional",Organic
polln dashboard,11,11,50,9,0,https://www.polln.com/how-it-works,0,0,0,0.02,859,"100, 64, 78, 35, 28, 35, 35, 28, 14, 14, 14, 14",2026-03-09 18:33:46,"Sitelinks, Related searches","navigational, transactional",Organic
polln dashboard,12,12,50,9,0,https://www.polln.com/faqs/how-does-polln-work,0,0,0,0.02,859,"100, 64, 78, 35, 28, 35, 35, 28, 14, 14, 14, 14",2026-03-09 18:33:46,"Sitelinks, Related searches","navigational, transactional",Organic
polln dashboard,13,13,50,9,0,https://www.polln.com/faqs/how-much-will-my-prescribed-treatments-cost,0,0,0,0.02,859,"100, 64, 78, 35, 28, 35, 35, 28, 14, 14, 14, 14",2026-03-09 18:33:46,"Sitelinks, Related searches","navigational, transactional",Organic
polln dashboard,15,15,50,9,0,https://www.polln.com/faqs/can-i-reschedule-my-consultation,0,0,0,0.02,859,"100, 64, 78, 35, 28, 35, 35, 28, 14, 14, 14, 14",2026-03-09 18:33:46,"Sitelinks, Related searches","navigational, transactional",Organic
polln dashboard,17,17,50,9,0,https://www.polln.com/faqs/how-do-i-book-a-consultation,0,0,0,0.02,859,"100, 64, 78, 35, 28, 35, 35, 28, 14, 14, 14, 14",2026-03-09 18:33:46,"Sitelinks, Related searches","navigational, transactional",Organic
polln dashboard,21,21,50,9,0,https://www.polln.com/switch,0,0,0,0.02,859,"100, 64, 78, 35, 28, 35, 35, 28, 14, 14, 14, 14",2026-03-09 18:33:46,"Sitelinks, Related searches","navigational, transactional",Organic
polln dashboard,22,22,50,9,0,https://www.polln.com/faqs/how-much-does-polln-cost,0,0,0,0.02,859,"100, 64, 78, 35, 28, 35, 35, 28, 14, 14, 14, 14",2026-03-09 18:33:46,"Sitelinks, Related searches","navigational, transactional",Organic
polln dashboard,23,23,50,9,0,https://www.polln.com/free-discovery-call,0,0,0,0.02,859,"100, 64, 78, 35, 28, 35, 35, 28, 14, 14, 14, 14",2026-03-09 18:33:46,"Sitelinks, Related searches","navigational, transactional",Organic
polln dashboard,24,24,50,9,0,https://www.polln.com/for-clinicians/refer-your-patient,0,0,0,0.02,859,"100, 64, 78, 35, 28, 35, 35, 28, 14, 14, 14, 14",2026-03-09 18:33:46,"Sitelinks, Related searches","navigational, transactional",Organic
polln dashboard,25,25,50,9,0,https://www.polln.com/who-we-are,0,0,0,0.02,859,"100, 64, 78, 35, 28, 35, 35, 28, 14, 14, 14, 14",2026-03-09 18:33:46,"Sitelinks, Related searches","navigational, transactional",Organic
polln dashboard,27,9,50,9,0,https://www.polln.com/faqs/who-is-polln-for,0,0,0,0.02,859,"100, 64, 78, 35, 28, 35, 35, 28, 14, 14, 14, 14",2026-03-09 18:33:46,"Sitelinks, Related searches","navigational, transactional",Organic
polln dashboard,28,28,50,9,0,https://www.polln.com/faqs-section/about-polln,0,0,0,0.02,859,"100, 64, 78, 35, 28, 35, 35, 28, 14, 14, 14, 14",2026-03-09 18:33:46,"Sitelinks, Related searches","navigational, transactional",Organic
polln dashboard,30,30,50,9,0,https://www.polln.com/locations/gold-coast,0,0,0,0.02,859,"100, 64, 78, 35, 28, 35, 35, 28, 14, 14, 14, 14",2026-03-09 18:33:46,"Sitelinks, Related searches","navigational, transactional",Organic
polln dashboard,32,22,50,9,0,https://www.polln.com/faqs/how-much-does-polln-cost,0,0,0,0.02,859,"100, 64, 78, 35, 28, 35, 35, 28, 14, 14, 14, 14",2026-03-09 18:33:46,"Sitelinks, Related searches","navigational, transactional",Organic
polln dashboard,33,24,50,9,0,https://www.polln.com/for-clinicians/refer-your-patient,0,0,0,0.02,859,"100, 64, 78, 35, 28, 35, 35, 28, 14, 14, 14, 14",2026-03-09 18:33:46,"Sitelinks, Related searches","navigational, transactional",Organic
polln dashboard,34,23,50,9,0,https://www.polln.com/free-discovery-call,0,0,0,0.02,859,"100, 64, 78, 35, 28, 35, 35, 28, 14, 14, 14, 14",2026-03-09 18:33:46,"Sitelinks, Related searches","navigational, transactional",Organic
polln dashboard,35,25,50,9,0,https://www.polln.com/who-we-are,0,0,0,0.02,859,"100, 64, 78, 35, 28, 35, 35, 28, 14, 14, 14, 14",2026-03-09 18:33:46,"Sitelinks, Related searches","navigational, transactional",Organic
polln dashboard,36,28,50,9,0,https://www.polln.com/faqs-section/about-polln,0,0,0,0.02,859,"100, 64, 78, 35, 28, 35, 35, 28, 14, 14, 14, 14",2026-03-09 18:33:46,"Sitelinks, Related searches","navigational, transactional",Organic
polln dashboard,37,37,50,9,0,https://www.polln.com/faqs/how-do-i-get-a-medical-card-in-australia,0,0,0,0.02,859,"100, 64, 78, 35, 28, 35, 35, 28, 14, 14, 14, 14",2026-03-09 18:33:46,"Sitelinks, Related searches","navigational, transactional",Organic
polln dashboard,38,38,50,9,0,https://www.polln.com/faqs/what-kind-of-consultation-do-i-need-to-book,0,0,0,0.02,859,"100, 64, 78, 35, 28, 35, 35, 28, 14, 14, 14, 14",2026-03-09 18:33:46,"Sitelinks, Related searches","navigational, transactional",Organic
polln dashboard,39,39,50,9,0,https://www.polln.com/faqs-section/my-medication-and-prescription,0,0,0,0.02,859,"100, 64, 78, 35, 28, 35, 35, 28, 14, 14, 14, 14",2026-03-09 18:33:46,"Sitelinks, Related searches","navigational, transactional",Organic
polln dashboard,40,40,50,9,0,https://www.polln.com/privacy-policy,0,0,0,0.02,859,"100, 64, 78, 35, 28, 35, 35, 28, 14, 14, 14, 14",2026-03-09 18:33:46,"Sitelinks, Related searches","navigational, transactional",Organic
polln dashboard,41,41,50,9,0,https://shop.polln.com/,0,0,0,0.02,859,"100, 64, 78, 35, 28, 35, 35, 28, 14, 14, 14, 14",2026-03-09 18:33:46,"Sitelinks, Related searches","navigational, transactional",Organic
polln dashboard,42,42,50,9,0,https://www.polln.com/faqs/can-i-claim-polln-medication-or-services-on-my-private-health-insurance,0,0,0,0.02,859,"100, 64, 78, 35, 28, 35, 35, 28, 14, 14, 14, 14",2026-03-09 18:33:46,"Sitelinks, Related searches","navigational, transactional",Organic
polln dashboard,43,43,50,9,0,https://www.polln.com/library/getting-access-to-prescription-natural-medicine-in-australia,0,0,0,0.02,859,"100, 64, 78, 35, 28, 35, 35, 28, 14, 14, 14, 14",2026-03-09 18:33:46,"Sitelinks, Related searches","navigational, transactional",Organic
polln dashboard,44,44,50,9,0,https://www.polln.com/faqs/do-you-ship-anywhere-in-australia,0,0,0,0.02,859,"100, 64, 78, 35, 28, 35, 35, 28, 14, 14, 14, 14",2026-03-09 18:33:46,"Sitelinks, Related searches","navigational, transactional",Organic
polln dashboard,45,45,50,9,0,https://www.polln.com/our-doctors,0,0,0,0.02,859,"100, 64, 78, 35, 28, 35, 35, 28, 14, 14, 14, 14",2026-03-09 18:33:46,"Sitelinks, Related searches","navigational, transactional",Organic
polln dashboard,46,46,50,9,0,https://www.polln.com/location-faqs/can-i-get-a-polln-consultation-consultation-in-regional-western-australia-f95f9,0,0,0,0.02,859,"100, 64, 78, 35, 28, 35, 35, 28, 14, 14, 14, 14",2026-03-09 18:33:46,"Sitelinks, Related searches","navigational, transactional",Organic
polln dashboard,47,47,50,9,0,https://www.polln.com/location-faqs/can-i-get-a-polln-consultation-in-the-gold-coast-a1892,0,0,0,0.02,859,"100, 64, 78, 35, 28, 35, 35, 28, 14, 14, 14, 14",2026-03-09 18:33:46,"Sitelinks, Related searches","navigational, transactional",Organic
polln dashboard,48,48,50,9,0,https://www.polln.com/faqs/can-i-choose-which-medication-i-want,0,0,0,0.02,859,"100, 64, 78, 35, 28, 35, 35, 28, 14, 14, 14, 14",2026-03-09 18:33:46,"Sitelinks, Related searches","navigational, transactional",Organic
medical card for cannabis,10,10,90,40,0,https://www.polln.com/library/getting-access-to-prescription-natural-medicine-in-australia,0,0,0,0,60500000,"81, 100, 100, 100, 100, 81, 63, 81, 63, 63, 81, 0",2026-03-20 02:12:23,"Sitelinks, Video, People also ask, Related searches, Discussions and forums, AI overview",informational,Organic
medical card for cannabis,21,21,90,40,0,https://www.polln.com/,0,0,0,0,60500000,"81, 100, 100, 100, 100, 81, 63, 81, 63, 63, 81, 0",2026-03-20 02:12:23,"Sitelinks, Video, People also ask, Related searches, Discussions and forums, AI overview",informational,Organic
family planning near me,47,0,140,48,1.61,https://www.polln.com/,0,0,0,0.36,123,"100, 64, 64, 52, 64, 82, 82, 82, 82, 82, 82, 100",2026-04-06 21:08:52,"Local pack, Video, People also ask, Related searches",transactional,Organic
family planning near me,53,0,140,48,1.61,https://www.polln.com/,0,0,0,0.36,123,"100, 64, 64, 52, 64, 82, 82, 82, 82, 82, 82, 100",2026-04-06 21:08:52,"Local pack, Video, People also ask, Related searches",transactional,Organic
medicinal cannibas,56,56,140,57,0,https://www.polln.com/locations/adelaide,0,0,0,0,121000000,"0, 9, 6, 6, 6, 5, 19, 36, 19, 19, 23, 100",2026-03-19 15:47:10,"Local pack, Top stories, Video, Related searches",commercial,Organic
weed clinic near me,37,36,90,26,46.37,https://www.polln.com/,0,0,0,0.08,6940000,"63, 63, 63, 81, 63, 63, 100, 81, 81, 100, 81, 81",2026-04-19 19:01:37,"Video, Ads bottom, AI overview","informational, transactional",Organic
weed clinic near me,51,36,90,26,46.37,https://www.polln.com/,0,0,0,0.08,6940000,"63, 63, 63, 81, 63, 63, 100, 81, 81, 100, 81, 81",2026-04-19 19:01:37,"Video, Ads bottom, AI overview","informational, transactional",Organic
weed clinic near me,97,36,90,26,46.37,https://www.polln.com/,0,0,0,0.08,6940000,"63, 63, 63, 81, 63, 63, 100, 81, 81, 100, 81, 81",2026-04-19 19:01:37,"Video, Ads bottom, AI overview","informational, transactional",Organic
taking medication overseas,78,78,140,38,0,https://www.polln.com/faqs/can-i-travel-with-my-prescription-medications,0,0,0,0,43200000,"65, 53, 53, 65, 65, 53, 43, 53, 53, 43, 6, 6",2026-03-09 14:54:20,"Video, Image, Related searches, AI overview",informational,Organic
medical marijuana doctors,39,39,90,3,0,https://www.polln.com/locations/brisbane,0,0,0,0,0,"23, 17, 17, 17, 11, 11, 100, 100, 82, 64, 64, 52",2026-03-16 18:59:19,"Video, Image, Related searches, Discussions and forums, AI overview",informational,Organic
medical marijuana doctors,42,39,90,3,0,https://www.polln.com/locations/brisbane,0,0,0,0,0,"23, 17, 17, 17, 11, 11, 100, 100, 82, 64, 64, 52",2026-03-16 18:59:19,"Video, Image, Related searches, Discussions and forums, AI overview",informational,Organic
medical marijuana doctors,69,69,90,3,0,https://www.polln.com/locations/perth,0,0,0,0,0,"23, 17, 17, 17, 11, 11, 100, 100, 82, 64, 64, 52",2026-03-16 18:59:19,"Video, Image, Related searches, Discussions and forums, AI overview",informational,Organic
buy broad spectrum cbd oil australia,22,0,50,18,0,https://www.polln.com/library/cbd-oil-explained,0,0,0,0,1650000,"0, 0, 0, 0, 0, 0, 64, 78, 78, 78, 78, 100",2026-04-13 08:40:20,"Sitelinks, Video, Image, People also ask, Popular products, AI overview",commercial,Organic
easy kind medical weed,33,0,70,63,0,https://www.polln.com/,0,0,0,0,88600000,"0, 0, 0, 0, 21, 65, 100, 34, 15, 15, 9, 0",2026-04-23 13:24:53,"Sitelinks, Video, Ads bottom, People also ask, Related searches, Discussions and forums",navigational,Organic
when do prescriptions expire,18,18,90,10,0,https://www.polln.com/faqs/do-my-prescriptions-expire,0,0,0,0,12400000,"33, 33, 33, 42, 42, 33, 52, 42, 52, 52, 42, 52",2026-03-30 13:57:55,"Sitelinks, Image, Related searches, AI overview",informational,Organic
holla health,14,0,170,33,2.9,https://www.polln.com/,0,0,0,0.6,141,"65, 65, 81, 65, 34, 34, 43, 43, 43, 43, 43, 34",2026-04-01 16:14:42,"Knowledge panel, Sitelinks, Video, Video Carousel, Related searches",navigational,Organic
how long can cannabis be detected in saliva,58,0,70,44,0,https://www.polln.com/library/how-long-does-cannabis-stay-in-your-system,0,0,0,0.33,1140000,"64, 50, 50, 50, 50, 35, 35, 50, 14, 14, 78, 78",2026-04-24 01:23:36,"Sitelinks, Video, People also ask, Related searches, AI overview",informational,Organic
dispensed melbourne,42,42,50,22,6.6,https://www.polln.com/,0,0,0,0.76,0,"41, 29, 17, 11, 29, 29, 52, 52, 41, 29, 29, 41",2026-03-15 09:03:54,"Knowledge panel, Video, Related searches","navigational, transactional",Organic
prescription weed,95,95,480,63,55.11,https://www.polln.com/locations/brisbane,0,0,0,0.22,231,"81, 29, 100, 23, 66, 100, 100, 23, 36, 36, 54, 54",2026-03-23 22:12:41,"Video, Related searches, Short videos, Discussions and forums, AI overview",informational,Organic
how long does dagga stay in your urine,20,20,390,61,0,https://www.polln.com/library/how-long-does-cannabis-stay-in-your-system,0,0,0,0,140,"100, 66, 54, 81, 100, 81, 15, 44, 81, 81, 54, 54",2026-03-25 16:51:04,"Sitelinks, Video, People also ask, Short videos, Discussions and forums, AI overview",informational,Organic
mmj near me,46,46,110,40,38.46,https://www.polln.com/locations/adelaide,0,0,0,0.55,0,"66, 66, 43, 66, 100, 5, 5, 5, 5, 5, 5, 5",2026-03-09 04:18:35,"Related searches, AI overview","informational, transactional",Organic
medical cannabis south australia,10,10,110,41,0,https://www.polln.com/locations/adelaide,0,0,0,0,15900000,"52, 52, 52, 52, 52, 29, 82, 100, 82, 100, 82, 100",2026-03-29 18:54:54,"Video, Image, People also ask, Related searches, AI overview",informational,Organic
buy weed perth,27,0,50,39,0,https://www.polln.com/locations/perth,0,0,0,0,6380000,"11, 0, 11, 55, 33, 22, 77, 100, 77, 100, 100, 100",2026-04-26 16:25:01,"Sitelinks, AI overview",informational,Organic
weed test in blood,17,17,110,27,0,https://www.polln.com/library/how-long-does-cannabis-stay-in-your-system,0,0,0,0,0,"78, 78, 64, 78, 100, 64, 78, 64, 78, 78, 64, 50",2026-03-10 13:16:33,"Sitelinks, Image, Related searches, Discussions and forums, AI overview",informational,Organic
doctors weed,16,10,40,42,7.08,https://www.polln.com/,0,0,0,0.14,130,"18, 18, 18, 18, 18, 18, 100, 18, 18, 100, 18, 18",2026-04-19 11:50:06,"Video, Video Carousel, People also ask, Related searches, AI overview",informational,Organic
doctors weed,70,0,40,42,7.08,https://www.polln.com/locations/perth,0,0,0,0.14,130,"18, 18, 18, 18, 18, 18, 100, 18, 18, 100, 18, 18",2026-04-19 11:50:06,"Video, Video Carousel, People also ask, Related searches, AI overview",informational,Organic
canna clinic,38,38,210,31,5.21,https://www.polln.com/locations/adelaide,0,0,0,0.07,115,"66, 43, 43, 43, 8, 43, 35, 66, 43, 43, 10, 54",2026-03-08 00:41:58,"Video, Related searches",commercial,Organic
how long does thc oil take to work,28,28,170,6,0,https://www.polln.com/library/how-long-does-cannabis-stay-in-your-system,0,0,0,0,121,"66, 66, 80, 80, 100, 80, 80, 80, 66, 66, 52, 66",2026-03-07 17:01:38,"Sitelinks, Related searches, Discussions and forums, AI overview",informational,Organic
cannabis clinics australia,15,9,90,50,0,https://www.polln.com/,0,0,0,0,135,"7, 7, 10, 7, 7, 10, 12, 12, 12, 12, 12, 10",2026-04-18 21:35:24,"Local pack, Video, Related searches",commercial,Organic
cannabis clinics australia,90,0,90,50,0,https://www.polln.com/locations/perth,0,0,0,0,135,"7, 7, 10, 7, 7, 10, 12, 12, 12, 12, 12, 10",2026-04-18 21:35:24,"Local pack, Video, Related searches",commercial,Organic
medical marijuana script,56,56,70,32,0,https://www.polln.com/locations/brisbane,0,0,0,0,0,"27, 27, 45, 45, 45, 45, 81, 100, 81, 100, 100, 100",2026-03-16 19:05:54,"Video, Video Carousel, Related searches, Discussions and forums, AI overview",informational,Organic
medicinal cannabis tasmania,19,19,110,27,0,https://www.polln.com/locations/hobart,0,0,0,0,452000,"66, 33, 52, 66, 52, 52, 52, 42, 80, 52, 52, 52",2026-03-29 02:10:31,"Knowledge panel, Sitelinks, Video, Related searches, Discussions and forums",informational,Organic
how to get prescribed cannabis,16,0,40,59,44.78,https://www.polln.com/library/getting-access-to-prescription-natural-medicine-in-australia,0,0,0,0.58,63600000,"0, 0, 35, 64, 50, 7, 100, 7, 28, 28, 14, 21",2026-04-15 07:31:27,"Sitelinks, Video, Related searches, Discussions and forums, AI overview",informational,Organic
how to get prescribed cannabis,64,0,40,59,44.78,https://www.polln.com/locations/perth,0,0,0,0.58,63600000,"0, 0, 35, 64, 50, 7, 100, 7, 28, 28, 14, 21",2026-04-15 07:31:27,"Sitelinks, Video, Related searches, Discussions and forums, AI overview",informational,Organic
how to get prescribed cannabis,72,0,40,59,44.78,https://www.polln.com/library/getting-access-to-prescription-natural-medicine-in-australia,0,0,0,0.58,63600000,"0, 0, 35, 64, 50, 7, 100, 7, 28, 28, 14, 21",2026-04-15 07:31:27,"Sitelinks, Video, Related searches, Discussions and forums, AI overview",informational,Organic
buy rx online,57,57,260,,2.17,https://www.polln.com/,0,0,0,0.82,187,"35, 35, 28, 44, 100, 81, 23, 44, 81, 44, 28, 28",2026-03-20 00:41:12,"Sitelinks, Video, Related searches",transactional,Organic
medical weed perth,14,19,90,16,67.46,https://www.polln.com/locations/perth,0,0,0,0.9,915000,"64, 29, 29, 29, 41, 52, 100, 100, 82, 64, 82, 41",2026-04-23 10:14:37,"Sitelinks, Video, Ads bottom, People also ask, Related searches, Discussions and forums, AI overview",informational,Organic
doctors who can prescribe cbd oil victoria,23,14,210,32,0,https://www.polln.com/locations/melbourne,0,0,0,0,195000,"65, 65, 81, 65, 65, 65, 65, 65, 43, 53, 43, 34",2026-04-03 01:38:38,"Video, Related searches, Discussions and forums, AI overview",informational,Organic
doctors who can prescribe cbd oil victoria,26,20,210,32,0,https://www.polln.com/,0,0,0,0,195000,"65, 65, 81, 65, 65, 65, 65, 65, 43, 53, 43, 34",2026-04-03 01:38:38,"Video, Related searches, Discussions and forums, AI overview",informational,Organic
doctors who can prescribe cbd oil victoria,29,20,210,32,0,https://www.polln.com/,0,0,0,0,195000,"65, 65, 81, 65, 65, 65, 65, 65, 43, 53, 43, 34",2026-04-03 01:38:38,"Video, Related searches, Discussions and forums, AI overview",informational,Organic
how long does weed stay in ur system for,19,18,140,58,0,https://www.polln.com/library/how-long-does-cannabis-stay-in-your-system,0,0,0,0,170000000,"43, 12, 100, 17, 17, 43, 23, 35, 28, 53, 28, 53",2026-04-03 22:55:15,"Video, Related searches, Discussions and forums, AI overview",informational,Organic
how long does weed stay in ur system for,20,18,140,58,0,https://www.polln.com/library/how-long-does-cannabis-stay-in-your-system,0,0,0,0,170000000,"43, 12, 100, 17, 17, 43, 23, 35, 28, 53, 28, 53",2026-04-03 22:55:15,"Video, Related searches, Discussions and forums, AI overview",informational,Organic
medical cannabis referral,59,0,70,34,0,https://www.polln.com/locations/perth,0,0,0,0,135,"7, 0, 0, 0, 0, 0, 64, 78, 100, 100, 100, 100",2026-04-14 21:35:04,"Video, Related searches, Discussions and forums, AI overview",informational,Organic
medical cannabis referral,90,0,70,34,0,https://www.polln.com/locations/melbourne,0,0,0,0,135,"7, 0, 0, 0, 0, 0, 64, 78, 100, 100, 100, 100",2026-04-14 21:35:04,"Video, Related searches, Discussions and forums, AI overview",informational,Organic
how long does it take for weed to leave system,25,29,260,64,0,https://www.polln.com/library/how-long-does-cannabis-stay-in-your-system,0,0,0,0,145000000,"82, 43, 66, 66, 43, 43, 43, 66, 66, 66, 66, 53",2026-04-18 01:50:47,"Sitelinks, Featured snippet, People also ask",informational,Organic
medical marijuanas south australia,13,0,260,40,31.22,https://www.polln.com/practitioners/dr-joel-wren,0,0,0,0.61,135,"23, 23, 35, 54, 81, 66, 81, 28, 44, 35, 54, 35",2026-04-17 11:44:07,"Knowledge panel, Video, People also ask, Related searches, AI overview",informational,Organic
medical marijuanas south australia,44,14,260,40,31.22,https://www.polln.com/locations/adelaide,0,0,0,0.61,135,"23, 23, 35, 54, 81, 66, 81, 28, 44, 35, 54, 35",2026-04-17 11:44:07,"Knowledge panel, Video, People also ask, Related searches, AI overview",informational,Organic
sativa and indica,9,9,480,75,0,https://www.polln.com/library/sativa-vs-indica-vs-hybrid-cannabis-what-to-expect,0,0,0,0,29300000,"81, 67, 100, 54, 81, 54, 54, 19, 19, 19, 23, 44",2026-03-29 02:49:30,"Knowledge panel, Sitelinks, Video, Video Carousel, Related searches, See results about, Short videos, Discussions and forums",informational,Organic
cannabis scripts,53,53,140,50,0,https://www.polln.com/locations/brisbane,0,0,0,0.33,4380000,"66, 66, 52, 66, 80, 80, 100, 66, 100, 66, 52, 9",2026-03-21 00:25:52,"Video, Video Carousel, People also ask, Related searches, Discussions and forums",informational,Organic
cannabis scripts,66,53,140,50,0,https://www.polln.com/locations/brisbane,0,0,0,0.33,4380000,"66, 66, 52, 66, 80, 80, 100, 66, 100, 66, 52, 9",2026-03-21 00:25:52,"Video, Video Carousel, People also ask, Related searches, Discussions and forums",informational,Organic
medicinal cannabis telehealth,20,10,50,36,0,https://www.polln.com/,0,0,0,0.33,150,"100, 36, 18, 18, 100, 18, 36, 27, 100, 18, 100, 27",2026-04-01 09:16:40,"Video, Related searches, AI overview",informational,Organic
hybrid marijuana,15,0,70,55,0,https://www.polln.com/library/sativa-vs-indica-vs-hybrid-cannabis-what-to-expect,0,0,0,0,13500000,"2, 2, 0, 6, 2, 2, 2, 22, 29, 29, 29, 29",2026-04-14 01:08:44,"Image pack, Sitelinks, Video, Related searches, Short videos, Discussions and forums, AI overview",informational,Organic
hybrid marijuana,33,0,70,55,0,https://www.polln.com/library/sativa-vs-indica-vs-hybrid-cannabis-what-to-expect,0,0,0,0,13500000,"2, 2, 0, 6, 2, 2, 2, 22, 29, 29, 29, 29",2026-04-14 01:08:44,"Image pack, Sitelinks, Video, Related searches, Short videos, Discussions and forums, AI overview",informational,Organic
indica sativa hybrid,1,1,70,66,0,https://www.polln.com/library/sativa-vs-indica-vs-hybrid-cannabis-what-to-expect,0,0,0,0,8580000,"81, 63, 45, 63, 63, 63, 81, 81, 63, 63, 63, 100",2026-04-16 05:06:26,"Video, Video Carousel, People also ask, Related searches, Short videos, Discussions and forums, AI overview",informational,AI overview
health store online,75,75,50,63,1.25,https://www.polln.com/,0,0,0,1,203,"21, 21, 28, 14, 14, 21, 78, 78, 64, 21, 14, 21",2026-03-17 04:47:20,"Sitelinks, Image, Related searches","commercial, informational",Organic
alice springs doctors,28,28,90,18,3.13,https://www.polln.com/locations/alice-springs,0,0,0,0.3,5210000,"66, 23, 23, 23, 23, 23, 66, 66, 42, 33, 52, 33",2026-03-30 15:51:21,"Local pack, Video, Image, Related searches",commercial,Organic
alice springs doctors,32,28,90,18,3.13,https://www.polln.com/locations/alice-springs,0,0,0,0.3,5210000,"66, 23, 23, 23, 23, 23, 66, 66, 42, 33, 52, 33",2026-03-30 15:51:21,"Local pack, Video, Image, Related searches",commercial,Organic
cbd oil adelaide,8,18,90,15,0,https://www.polln.com/practitioners/dr-joel-wren,0,0,0,0,5900000,"11, 2, 4, 7, 7, 5, 11, 17, 11, 11, 14, 11",2026-04-23 03:11:51,"Local pack, Sitelinks, Video, People also ask, Related searches, Discussions and forums, AI overview",informational,Organic
cbd oil adelaide,54,0,90,15,0,https://www.polln.com/locations/adelaide,0,0,0,0,5900000,"11, 2, 4, 7, 7, 5, 11, 17, 11, 11, 14, 11",2026-04-23 03:11:51,"Local pack, Sitelinks, Video, People also ask, Related searches, Discussions and forums, AI overview",informational,Organic
what is medical weed,66,0,110,72,29.8,https://www.polln.com/library/getting-access-to-prescription-natural-medicine-in-australia,0,0,0,0.21,137,"52, 66, 100, 80, 80, 42, 42, 42, 42, 52, 23, 33",2026-04-29 23:06:13,"Video, People also ask, Related searches, AI overview",informational,Organic
scripts online bulk billed,43,0,170,37,2.12,https://www.polln.com/,0,0,0,0.85,120,"12, 12, 53, 82, 82, 66, 53, 17, 23, 35, 53, 53",2026-04-07 07:55:53,"Video, Related searches",informational,Organic
free consult medical weed,12,0,70,48,116.36,https://www.polln.com/,0,0,0,0.94,11300000,"41, 41, 23, 11, 11, 11, 64, 64, 23, 100, 64, 29",2026-04-23 05:41:48,"Video, Ads bottom, Related searches, AI overview",informational,Organic
free consult medical weed,52,0,70,48,116.36,https://www.polln.com/locations/brisbane,0,0,0,0.94,11300000,"41, 41, 23, 11, 11, 11, 64, 64, 23, 100, 64, 29",2026-04-23 05:41:48,"Video, Ads bottom, Related searches, AI overview",informational,Organic
free consult medical weed,81,0,70,48,116.36,https://www.polln.com/locations/perth,0,0,0,0.94,11300000,"41, 41, 23, 11, 11, 11, 64, 64, 23, 100, 64, 29",2026-04-23 05:41:48,"Video, Ads bottom, Related searches, AI overview",informational,Organic
how long does weed last in your blood,25,70,210,61,0,https://www.polln.com/library/how-long-does-cannabis-stay-in-your-system,0,0,0,0,175000000,"66, 43, 66, 43, 43, 43, 35, 66, 53, 53, 53, 43",2026-04-27 05:04:39,"Sitelinks, People also ask, AI overview",informational,Organic
who prescribes medical marijuanas near me,22,0,40,51,88.87,https://www.polln.com/practitioners/dr-joel-wren,0,0,0,0.82,1130000,"28, 28, 28, 28, 28, 28, 42, 71, 71, 100, 100, 100",2026-04-15 16:57:07,"Local pack, Video, Related searches",transactional,Organic
who prescribes medical marijuanas near me,31,0,40,51,88.87,https://www.polln.com/practitioners/dr-joel-wren,0,0,0,0.82,1130000,"28, 28, 28, 28, 28, 28, 42, 71, 71, 100, 100, 100",2026-04-15 16:57:07,"Local pack, Video, Related searches",transactional,Organic
how long can a swab test detect weed,65,65,50,38,0,https://www.polln.com/library/how-long-does-cannabis-stay-in-your-system,0,0,0,0.33,124,"9, 9, 52, 52, 52, 9, 9, 52, 52, 9, 9, 9",2026-03-18 07:23:30,"Sitelinks, Video, Related searches, AI overview",informational,Organic
get medical prescription online,31,31,140,46,3.18,https://www.polln.com/,0,0,0,0.86,209000000,"26, 26, 19, 26, 42, 53, 100, 53, 80, 65, 65, 80",2026-03-23 16:58:17,"Sitelinks, Video, Related searches",transactional,Organic
get medical prescription online,42,31,140,46,3.18,https://www.polln.com/,0,0,0,0.86,209000000,"26, 26, 19, 26, 42, 53, 100, 53, 80, 65, 65, 80",2026-03-23 16:58:17,"Sitelinks, Video, Related searches",transactional,Organic
get prescribed online,31,31,90,39,0,https://www.polln.com/,0,0,0,0,131000000,"6, 0, 0, 11, 23, 15, 44, 28, 28, 28, 0, 0",2026-03-21 02:29:54,"Video, Ads bottom, People also ask, Related searches, AI overview",informational,Organic
medical marijuanas qld online,98,98,210,41,0,https://www.polln.com/locations/brisbane,0,0,0,0,187000,"67, 16, 13, 8, 3, 6, 13, 16, 13, 13, 16, 6",2026-03-29 10:18:49,"Video, Related searches, AI overview",informational,Organic
mighty+,60,0,260,27,0.93,https://shop.polln.com/products/mighty-medic-1,0,0,0,0.08,234000,"20, 0, 13, 13, 20, 13, 16, 20, 25, 20, 0, 0",2026-04-11 03:52:08,"Video, Image, Video Carousel, Related searches",informational,Organic
how long dies thc stay in your system,14,14,170,56,0,https://www.polln.com/library/how-long-does-cannabis-stay-in-your-system,0,0,0,0,38600000,"80, 53, 42, 53, 80, 53, 42, 65, 80, 53, 65, 65",2026-03-25 23:03:26,"Sitelinks, Video, People also ask, Discussions and forums, AI overview",informational,Organic
dispensary melbourne,35,35,320,45,45.71,https://www.polln.com/,0,0,0,0.46,774000,"43, 43, 66, 66, 66, 54, 81, 100, 81, 66, 66, 81",2026-03-25 13:08:45,"Local pack, Video, Image, Related searches",commercial,Organic
dispensary melbourne,61,61,320,45,45.71,https://www.polln.com/locations/melbourne,0,0,0,0.46,774000,"43, 43, 66, 66, 66, 54, 81, 100, 81, 66, 66, 81",2026-03-25 13:08:45,"Local pack, Video, Image, Related searches",commercial,Organic
purple dispensary adelaide,19,0,50,13,0,https://www.polln.com/locations/adelaide,0,0,0,0.06,23200,"5, 3, 8, 8, 1, 3, 5, 1, 1, 1, 1, 1",2026-04-21 23:48:04,"Knowledge panel, Sitelinks, Image, Related searches",informational,Organic
cannabis clinic,76,76,320,41,0,https://www.polln.com/locations/adelaide,0,0,0,0,0,"8, 7, 8, 11, 8, 5, 11, 7, 100, 5, 4, 4",2026-03-08 13:53:29,"Local pack, Video, Image, Related searches",commercial,Organic
cbd clinics,32,34,50,57,15.42,https://www.polln.com/,0,0,0,0.26,115,"27, 100, 27, 18, 27, 63, 36, 100, 45, 36, 63, 100",2026-04-07 02:06:29,"Knowledge panel, Sitelinks, Video, Related searches",navigational,Organic
medical cannabis brisbane,19,19,320,36,0,https://www.polln.com/locations/brisbane,0,0,0,0,0,"32, 21, 26, 26, 26, 26, 48, 48, 39, 39, 48, 39",2026-03-10 02:00:08,"Local pack, Sitelinks, Video, Related searches, AI overview",informational,Organic
medical cannabis brisbane,26,8,320,36,0,https://www.polln.com/,0,0,0,0,0,"32, 21, 26, 26, 26, 26, 48, 48, 39, 39, 48, 39",2026-03-10 02:00:08,"Local pack, Sitelinks, Video, Related searches, AI overview",informational,Organic
medical cannabis brisbane,38,19,320,36,0,https://www.polln.com/locations/brisbane,0,0,0,0,0,"32, 21, 26, 26, 26, 26, 48, 48, 39, 39, 48, 39",2026-03-10 02:00:08,"Local pack, Sitelinks, Video, Related searches, AI overview",informational,Organic
is medical marijuanas covered by medicare,48,48,70,20,0,https://www.polln.com/library/travelling-as-a-medicinal-cannabis-patient-in-australia-what-you-need-to-know,0,0,0,0.33,0,"29, 29, 41, 64, 64, 52, 64, 29, 23, 29, 29, 11",2026-03-15 11:53:27,"Related searches, AI overview",informational,Organic
is medical marijuanas covered by medicare,51,48,70,20,0,https://www.polln.com/library/travelling-as-a-medicinal-cannabis-patient-in-australia-what-you-need-to-know,0,0,0,0.33,0,"29, 29, 41, 64, 64, 52, 64, 29, 23, 29, 29, 11",2026-03-15 11:53:27,"Related searches, AI overview",informational,Organic
is medical marijuanas covered by medicare,85,48,70,20,0,https://www.polln.com/library/travelling-as-a-medicinal-cannabis-patient-in-australia-what-you-need-to-know,0,0,0,0.33,0,"29, 29, 41, 64, 64, 52, 64, 29, 23, 29, 29, 11",2026-03-15 11:53:27,"Related searches, AI overview",informational,Organic
how long does weed take to leave the system,18,18,260,60,0,https://www.polln.com/library/how-long-does-cannabis-stay-in-your-system,0,0,0,0,166000000,"100, 35, 54, 54, 35, 35, 35, 54, 54, 54, 54, 43",2026-03-23 04:14:55,"Sitelinks, Featured snippet, People also ask",informational,Organic
how long does cannabis stay in your saliva,20,20,390,40,0,https://www.polln.com/library/how-long-does-cannabis-stay-in-your-system,0,0,0,0,1320000,"81, 36, 100, 44, 54, 54, 54, 54, 54, 36, 81, 66",2026-03-28 20:47:40,"Video, People also ask, Discussions and forums, AI overview",informational,Organic
medicinal,37,37,720,58,5.92,https://www.polln.com/,0,0,0,0.17,93700000,"72, 59, 72, 72, 100, 100, 88, 88, 48, 72, 72, 59",2026-04-02 07:22:41,"Instant answer, Knowledge panel, Video, Video Carousel, Related searches, AI overview",informational,Organic
how long is a prescription valid for in australia,33,0,70,9,0,https://www.polln.com/faqs/do-my-prescriptions-expire,0,0,0,0.33,31900000,"63, 63, 81, 63, 45, 63, 81, 36, 36, 81, 63, 63",2026-04-20 04:59:56,"Related searches, AI overview",informational,Organic
how long can cannabinoids be detected in urine,30,22,140,61,0,https://www.polln.com/library/how-long-does-cannabis-stay-in-your-system,0,0,0,0,2200000,"100, 52, 66, 52, 66, 66, 52, 66, 80, 66, 66, 80",2026-04-19 16:57:27,"Sitelinks, Video, People also ask, Related searches, AI overview",informational,Organic
getting scripts online,84,84,110,,3.12,https://www.polln.com/,0,0,0,0.83,137,"10, 6, 6, 66, 29, 100, 6, 6, 14, 10, 10, 14",2026-03-21 09:54:07,"Video, Related searches, AI overview",informational,Organic
medical weed australia,28,14,390,61,0,https://www.polln.com/,0,0,0,0,31800000,"55, 30, 36, 30, 36, 30, 24, 36, 30, 30, 24, 30",2026-04-08 23:43:46,"Video, Image, Video Carousel, People also ask, Related searches, Discussions and forums, AI overview",informational,Organic
medical weed australia,33,14,390,61,0,https://www.polln.com/,0,0,0,0,31800000,"55, 30, 36, 30, 36, 30, 24, 36, 30, 30, 24, 30",2026-04-08 23:43:46,"Video, Image, Video Carousel, People also ask, Related searches, Discussions and forums, AI overview",informational,Organic
fill prescriptions online,50,50,260,29,1.8,https://www.polln.com/,0,0,0,0.76,53000000,"81, 65, 65, 81, 65, 65, 81, 81, 81, 100, 100, 100",2026-03-29 03:04:46,"Sitelinks, Video, Related searches, AI overview",informational,Organic
fill prescriptions online,58,50,260,29,1.8,https://www.polln.com/,0,0,0,0.76,53000000,"81, 65, 65, 81, 65, 65, 81, 81, 81, 100, 100, 100",2026-03-29 03:04:46,"Sitelinks, Video, Related searches, AI overview",informational,Organic
how long will thc stay in system,19,19,140,61,0,https://www.polln.com/library/how-long-does-cannabis-stay-in-your-system,0,0,0,0,134,"66, 66, 52, 52, 66, 52, 52, 66, 80, 66, 100, 100",2026-03-15 18:33:33,"Sitelinks, Video, Discussions and forums, AI overview",informational,Organic
how long will thc stay in system,21,19,140,61,0,https://www.polln.com/library/how-long-does-cannabis-stay-in-your-system,0,0,0,0,134,"66, 66, 52, 52, 66, 52, 52, 66, 80, 66, 100, 100",2026-03-15 18:33:33,"Sitelinks, Video, Discussions and forums, AI overview",informational,Organic
medicine store near me,64,64,210,69,0.43,https://www.polln.com/,0,0,0,0.32,0,"81, 43, 53, 65, 81, 53, 65, 65, 65, 65, 65, 65",2026-03-08 18:32:51,"Local pack, Sitelinks, Video, Related searches, AI overview",transactional,Organic
medicine store near me,76,64,210,69,0.43,https://www.polln.com/,0,0,0,0.32,0,"81, 43, 53, 65, 81, 53, 65, 65, 65, 65, 65, 65",2026-03-08 18:32:51,"Local pack, Sitelinks, Video, Related searches, AI overview",transactional,Organic
where can i get medical marijuanas card near me,61,0,40,51,26.43,https://www.polln.com/locations/perth,0,0,0,0.57,190,"28, 28, 28, 28, 28, 28, 57, 71, 100, 100, 100, 100",2026-04-15 08:08:28,"Local pack, Sitelinks, Video, People also ask, Related searches, Ads middle, AI overview",transactional,Organic
medical dispensary near me,61,0,110,45,0,https://www.polln.com/,0,0,0,0,23000000,"64, 41, 41, 82, 64, 64, 82, 100, 82, 82, 82, 82",2026-04-02 01:02:57,"Local pack, Video, Related searches",transactional,Organic
medical dispensary near me,67,0,110,45,0,https://www.polln.com/locations/canberra,0,0,0,0,23000000,"64, 41, 41, 82, 64, 64, 82, 100, 82, 82, 82, 82",2026-04-02 01:02:57,"Local pack, Video, Related searches",transactional,Organic
medical marijuanas cairns,32,32,140,8,51.51,https://www.polln.com/,0,0,0,0.58,0,"80, 66, 66, 66, 80, 52, 80, 42, 66, 52, 52, 66",2026-03-07 16:15:57,"Local pack, Video, Related searches, Ads middle",commercial,Organic
how long for cannabis to leave system,22,22,90,61,0,https://www.polln.com/library/how-long-does-cannabis-stay-in-your-system,0,0,0,0,0,"100, 50, 78, 78, 35, 64, 35, 64, 64, 78, 78, 78",2026-03-07 16:45:43,"Sitelinks, Featured snippet",informational,Organic
dispensaries near me medical,44,44,170,38,0,https://www.polln.com/locations/adelaide,0,0,0,0,0,"100, 80, 100, 100, 80, 53, 42, 0, 80, 65, 65, 65",2026-03-09 19:08:17,"Local pack, Video, Image, Related searches",transactional,Organic
alternative doctors,8,8,40,50,105.59,https://www.polln.com/,0,0,0,0.5,518000000,"55, 22, 22, 22, 22, 22, 55, 44, 44, 77, 77, 55",2026-03-09 06:05:25,"Local pack, Video, Related searches, Discussions and forums, AI overview",informational,Organic
medical weed card,1,1,70,61,48.48,https://www.polln.com/library/getting-access-to-prescription-natural-medicine-in-australia,0,0,0,0.18,229,"52, 33, 42, 33, 52, 33, 33, 42, 33, 33, 33, 33",2026-03-20 02:58:04,"Video, People also ask, Related searches, Discussions and forums, AI overview",informational,AI overview
medical weed card,24,24,70,61,48.48,https://www.polln.com/,0,0,0,0.18,229,"52, 33, 42, 33, 52, 33, 33, 42, 33, 33, 33, 33",2026-03-20 02:58:04,"Video, People also ask, Related searches, Discussions and forums, AI overview",informational,Organic
cannabis prescription,15,15,210,42,0,https://www.polln.com/,0,0,0,0,91900000,"2, 2, 8, 16, 20, 13, 16, 16, 13, 10, 13, 10",2026-03-23 16:34:50,"Video, Related searches, AI overview",informational,Organic
cannabis prescription,80,80,210,42,0,https://www.polln.com/locations/canberra,0,0,0,0,91900000,"2, 2, 8, 16, 20, 13, 16, 16, 13, 10, 13, 10",2026-03-23 16:34:50,"Video, Related searches, AI overview",informational,Organic
how long cannabis stay in system,17,0,70,36,0,https://www.polln.com/library/how-long-does-cannabis-stay-in-your-system,0,0,0,0.33,103000000,"64, 50, 64, 50, 50, 35, 35, 50, 35, 35, 50, 14",2026-04-02 00:31:46,"Video, People also ask, Discussions and forums, AI overview",informational,Organic
how long does marijuana stay in system driving,1,1,50,42,0,https://www.polln.com/library/how-long-does-cannabis-stay-in-your-system,0,0,0,0,16200000,"11, 26, 53, 65, 15, 7, 7, 11, 15, 11, 3, 0",2026-03-26 10:05:27,"Sitelinks, Video, People also ask, Related searches, Discussions and forums, AI overview",informational,AI overview
how long does marijuana,22,0,140,63,0,https://www.polln.com/library/how-long-does-cannabis-stay-in-your-system,0,0,0,0,71400000,"29, 29, 29, 29, 29, 29, 29, 22, 29, 29, 29, 29",2026-04-24 10:56:20,"Sitelinks, Video, People also ask, AI overview",informational,Organic
how long does weed last in urine,26,23,50,54,0,https://www.polln.com/library/how-long-does-cannabis-stay-in-your-system,0,0,0,0.33,32400000,"77, 77, 77, 77, 77, 55, 100, 77, 77, 77, 22, 22",2026-04-09 07:57:39,"Video, Short videos, Discussions and forums, AI overview",informational,Organic
how long does weed last in urine,31,23,50,54,0,https://www.polln.com/library/how-long-does-cannabis-stay-in-your-system,0,0,0,0.33,32400000,"77, 77, 77, 77, 77, 55, 100, 77, 77, 77, 22, 22",2026-04-09 07:57:39,"Video, Short videos, Discussions and forums, AI overview",informational,Organic
indica and sativa difference,16,0,210,75,0,https://www.polln.com/library/sativa-vs-indica-vs-hybrid-cannabis-what-to-expect,0,0,0,0,6070000,"10, 12, 54, 15, 19, 15, 15, 10, 15, 23, 23, 54",2026-04-28 03:37:06,"Image pack, Sitelinks, Video, Image, Video Carousel, People also ask, Short videos, Discussions and forums, AI overview",informational,Organic
how long does prescription last,25,0,110,12,0,https://www.polln.com/faqs/do-my-prescriptions-expire,0,0,0,0,93,"34, 26, 42, 53, 65, 42, 34, 34, 42, 34, 42, 34",2026-04-08 12:37:30,"Sitelinks, Related searches, AI overview",informational,Organic
rise holland park,88,0,40,31,3.52,https://www.polln.com/locations/brisbane,0,0,0,0.07,50600000,"100, 9, 9, 9, 9, 9, 9, 9, 9, 9, 9, 9",2026-04-28 05:06:26,"Knowledge panel, Sitelinks, Video, Image, People also ask, Related searches",navigational,Organic
how long weed stays in saliva,18,18,50,59,0,https://www.polln.com/library/how-long-does-cannabis-stay-in-your-system,0,0,0,0,96,"100, 0, 0, 0, 0, 0, 0, 0, 0, 0, 0, 0",2026-03-19 18:14:57,"Video, People also ask, Discussions and forums, AI overview",informational,Organic
how long weed stays in saliva,40,18,50,59,0,https://www.polln.com/library/how-long-does-cannabis-stay-in-your-system,0,0,0,0,96,"100, 0, 0, 0, 0, 0, 0, 0, 0, 0, 0, 0",2026-03-19 18:14:57,"Video, People also ask, Discussions and forums, AI overview",informational,Organic
medicinal marijuanas perth delivery,13,13,140,15,0,https://www.polln.com/,0,0,0,0,0,"59, 11, 17, 14, 9, 11, 17, 17, 5, 4, 3, 5",2026-03-08 09:33:12,"Local pack, Video, Related searches, Discussions and forums",commercial,Organic
medicinal marijuanas perth delivery,20,20,140,15,0,https://www.polln.com/locations/perth,0,0,0,0,0,"59, 11, 17, 14, 9, 11, 17, 17, 5, 4, 3, 5",2026-03-08 09:33:12,"Local pack, Video, Related searches, Discussions and forums",commercial,Organic
medicinal marijuanas perth delivery,32,20,140,15,0,https://www.polln.com/locations/perth,0,0,0,0,0,"59, 11, 17, 14, 9, 11, 17, 17, 5, 4, 3, 5",2026-03-08 09:33:12,"Local pack, Video, Related searches, Discussions and forums",commercial,Organic
easykind melbourne,43,36,70,39,5.79,https://www.polln.com/locations/melbourne,0,0,0,0.74,13400,"14, 14, 78, 35, 78, 50, 100, 64, 50, 64, 50, 64",2026-04-09 00:45:15,"Knowledge panel, Sitelinks, Video, People also ask, Related searches",navigational,Organic
medinical,30,0,50,72,5.92,https://www.polln.com/,0,0,0,0.17,133,"0, 0, 0, 0, 0, 0, 0, 0, 100, 0, 0, 0",2026-04-12 12:39:16,"Instant answer, Knowledge panel, Image pack, Video, Related searches, AI overview",informational,Organic
how to get a medical cannabis prescription,17,17,90,56,42.05,https://www.polln.com/library/getting-access-to-prescription-natural-medicine-in-australia,0,0,0,0.47,147,"63, 100, 63, 100, 81, 81, 63, 81, 81, 100, 81, 63",2026-03-21 03:22:51,"Video, Video Carousel, Related searches, Discussions and forums, AI overview",informational,Organic
how to get a medical cannabis prescription,28,28,90,56,42.05,https://www.polln.com/,0,0,0,0.47,147,"63, 100, 63, 100, 81, 81, 63, 81, 81, 100, 81, 63",2026-03-21 03:22:51,"Video, Video Carousel, Related searches, Discussions and forums, AI overview",informational,Organic
can you drive with cbd oil in australia,28,28,50,18,0,https://www.polln.com/library/medicinal-cannabis-and-driving-what-you-need-to-know-as-a-patient-in-australia,0,0,0,0,119,"41, 52, 29, 41, 52, 41, 29, 23, 17, 23, 23, 29",2026-03-13 15:55:35,"Sitelinks, Related searches, AI overview",informational,Organic
cpd oil,30,30,90,77,17.83,https://www.polln.com/library/cbd-oil-explained,0,0,0,0.66,0,"0, 0, 0, 0, 4, 8, 10, 1, 5, 4, 7, 4",2026-03-07 16:13:38,"Video, Related searches, Discussions and forums, AI overview",informational,Organic
how long after smoking a joint can you drive,58,63,110,40,0,https://www.polln.com/library/medicinal-cannabis-and-driving-what-you-need-to-know-as-a-patient-in-australia,0,0,0,0,151000000,"42, 33, 33, 52, 52, 66, 80, 52, 66, 66, 52, 80",2026-04-24 16:56:36,"Sitelinks, Video, People also ask, Related searches, Discussions and forums, AI overview",informational,Organic
medicinal marijuanas nsw cost,45,45,90,10,27.9,https://www.polln.com/library/how-much-does-medicinal-cannabis-cost-in-australia,0,0,0,0.73,0,"6, 6, 6, 9, 9, 6, 65, 100, 15, 65, 81, 12",2026-03-16 11:57:53,"Sitelinks, Related searches",transactional,Organic
how long does weed stay on your breath,34,0,70,41,0,https://www.polln.com/library/how-long-does-cannabis-stay-in-your-system,0,0,0,0,22400000,"100, 18, 18, 100, 100, 100, 100, 100, 63, 18, 36, 36",2026-04-22 21:49:37,"People also ask, Related searches, Discussions and forums, AI overview",informational,Organic
how long does cannabis stay in system drug test,29,0,70,60,0,https://www.polln.com/library/how-long-does-cannabis-stay-in-your-system,0,0,0,0,25300000,"9, 9, 9, 52, 9, 9, 52, 52, 100, 52, 33, 33",2026-04-12 03:00:17,"Sitelinks, Video, People also ask, Related searches, Short videos, AI overview",informational,Organic
how long does cannabis stay in system drug test,34,0,70,60,0,https://www.polln.com/library/how-long-does-cannabis-stay-in-your-system,0,0,0,0,25300000,"9, 9, 9, 52, 9, 9, 52, 52, 100, 52, 33, 33",2026-04-12 03:00:17,"Sitelinks, Video, People also ask, Related searches, Short videos, AI overview",informational,Organic
cannabis clinic melbourne,34,34,70,45,0,https://www.polln.com/locations/melbourne,0,0,0,0,784000,"28, 28, 35, 28, 50, 21, 64, 64, 50, 100, 64, 50",2026-03-27 01:01:47,"Local pack, Video, Related searches, Discussions and forums, AI overview",commercial,Organic
how long does thc last in urine,17,17,110,56,0,https://www.polln.com/library/how-long-does-cannabis-stay-in-your-system,0,0,0,0,151,"100, 52, 66, 52, 52, 52, 42, 66, 52, 42, 52, 52",2026-03-25 15:48:59,"Video, People also ask, Discussions and forums, AI overview",informational,Organic
medicinal cannabis clinic near me,16,9,90,43,88.29,https://www.polln.com/,0,0,0,0.05,133,"34, 42, 53, 53, 42, 100, 26, 3, 11, 11, 3, 7",2026-04-07 20:33:24,"Local pack, Video, Related searches, AI overview","informational, transactional",Organic
medicinal cannabis clinic near me,34,9,90,43,88.29,https://www.polln.com/,0,0,0,0.05,133,"34, 42, 53, 53, 42, 100, 26, 3, 11, 11, 3, 7",2026-04-07 20:33:24,"Local pack, Video, Related searches, AI overview","informational, transactional",Organic
medicinal cannabis clinic near me,93,46,90,43,88.29,https://www.polln.com/locations/canberra,0,0,0,0.05,133,"34, 42, 53, 53, 42, 100, 26, 3, 11, 11, 3, 7",2026-04-07 20:33:24,"Local pack, Video, Related searches, AI overview","informational, transactional",Organic
cannabis vaporization,52,16,3600,34,0,https://www.polln.com/library/ultimate-guide-to-vaping-medicinal-cannabis,0,0,0,0,753000,"81, 44, 81, 100, 81, 100, 2, 44, 81, 100, 81, 53",2026-04-27 18:06:22,"Sitelinks, Video, People also ask, Related searches, AI overview",informational,Organic
how do you know when cannabis done in vaporiser,27,0,90,11,0,https://www.polln.com/library/ultimate-guide-to-vaping-medicinal-cannabis,0,0,0,0,10600000,100,2026-04-15 22:50:42,"Sitelinks, Video, Video Carousel, Related searches, Discussions and forums, AI overview",informational,Organic
brisbane dispensary,18,18,90,48,5.49,https://www.polln.com/locations/brisbane,0,0,0,0.64,0,"34, 26, 26, 26, 26, 42, 42, 34, 19, 26, 34, 26",2026-03-15 19:41:53,"Local pack, Video, Image, Related searches",commercial,Organic
brisbane dispensary,47,18,90,48,5.49,https://www.polln.com/locations/brisbane,0,0,0,0.64,0,"34, 26, 26, 26, 26, 42, 42, 34, 19, 26, 34, 26",2026-03-15 19:41:53,"Local pack, Video, Image, Related searches",commercial,Organic
tradition medical,65,0,170,74,1.88,https://www.polln.com/,0,0,0,0.23,282000000,"42, 80, 42, 53, 53, 53, 42, 80, 80, 100, 53, 65",2026-04-03 18:01:19,"Video, Image, People also ask, Related searches, See results about, AI overview",informational,Organic
tradition medical,71,0,170,74,1.88,https://www.polln.com/,0,0,0,0.23,282000000,"42, 80, 42, 53, 53, 53, 42, 80, 80, 100, 53, 65",2026-04-03 18:01:19,"Video, Image, People also ask, Related searches, See results about, AI overview",informational,Organic
buy pharmacy drugs online,84,84,40,54,1.56,https://www.polln.com/,0,0,0,0.44,165000000,"18, 18, 18, 18, 18, 18, 100, 100, 18, 18, 18, 18",2026-03-17 02:37:43,"Sitelinks, Video, Image, Related searches, AI overview",informational,Organic
medical weed clinic,14,0,110,46,90.22,https://www.polln.com/,0,0,0,0.17,132,"66, 66, 80, 66, 100, 66, 42, 42, 42, 33, 33, 33",2026-04-24 12:44:54,"Video, Image, Related searches, AI overview",informational,Organic
do scripts expire,14,14,170,30,0,https://www.polln.com/faqs/do-my-prescriptions-expire,0,0,0,0,107,"100, 80, 100, 100, 100, 80, 80, 100, 100, 80, 66, 80",2026-03-23 20:10:04,"Sitelinks, Video, Featured snippet, People also ask, Related searches",informational,Organic
canna dr,47,47,50,8,4.96,https://www.polln.com/locations/adelaide,0,0,0,0.05,0,"0, 4, 100, 0, 4, 66, 4, 4, 4, 66, 80, 0",2026-03-06 06:10:33,"Video, Image, Related searches","informational, transactional",Organic
does weed show up in a blood test,22,3,140,59,0,https://www.polln.com/library/how-long-does-cannabis-stay-in-your-system,0,0,0,0,50300000,"66, 100, 52, 66, 80, 80, 66, 100, 80, 66, 80, 52",2026-03-14 23:42:58,"Discussions and forums, AI overview",informational,Organic
cannabis brisbane,16,16,90,48,0,https://www.polln.com/locations/brisbane,0,0,0,0,138,"64, 64, 50, 50, 50, 50, 64, 64, 78, 78, 50, 64",2026-03-31 22:36:34,"Local pack, Video, Related searches",informational,Organic
whats cbd,47,56,210,85,0,https://www.polln.com/library/cbd-oil-explained,0,0,0,0,291000000,"15, 12, 19, 15, 29, 29, 12, 23, 19, 81, 10, 7",2026-04-25 01:45:39,"Image pack, Video, People also ask, Related searches, AI overview",informational,Organic
whats cbd,86,56,210,85,0,https://www.polln.com/library/cbd-oil-explained,0,0,0,0,291000000,"15, 12, 19, 15, 29, 29, 12, 23, 19, 81, 10, 7",2026-04-25 01:45:39,"Image pack, Video, People also ask, Related searches, AI overview",informational,Organic
canberra marijuana,37,37,90,25,0,https://www.polln.com/locations/canberra,0,0,0,0,480000,"100, 100, 100, 100, 100, 100, 7, 7, 7, 100, 7, 7",2026-03-20 22:00:43,"Sitelinks, Video, Image, People also ask, Related searches, AI overview",informational,Organic
dispensery,77,0,260,49,0,https://www.polln.com/,0,0,0,0,23700000,"13, 4, 62, 5, 13, 13, 20, 20, 8, 10, 30, 10",2026-04-04 07:55:46,"Local pack, Video, Image, People also ask, Related searches",commercial,Organic
medicinal marijuanas,84,0,170,72,0,https://www.polln.com/,0,0,0,0,57300000,"0, 4, 45, 8, 10, 1, 8, 10, 13, 10, 8, 10",2026-04-26 09:52:33,"Local pack, Video, Ads bottom, People also ask, Related searches, Discussions and forums, AI overview",commercial,Organic
how long does weed stay in a urine test,19,21,170,55,0,https://www.polln.com/library/how-long-does-cannabis-stay-in-your-system,0,0,0,0,6330000,"18, 14, 22, 29, 29, 29, 43, 43, 43, 35, 43, 54",2026-04-09 21:32:04,"Sitelinks, Video, AI overview",informational,Organic
drug test for weed,93,93,50,58,0.56,https://www.polln.com/library/how-long-does-cannabis-stay-in-your-system,0,0,0,0.2,23400000,"100, 100, 14, 9, 4, 9, 9, 9, 14, 14, 14, 14",2026-03-28 02:58:49,AI overview,informational,Organic
cannabis prescribing,63,63,390,31,55.11,https://www.polln.com/locations/adelaide,0,0,0,0.22,13700000,"100, 39, 11, 72, 48, 26, 32, 59, 17, 17, 32, 3",2026-03-27 21:53:34,"Video, Related searches, AI overview",informational,Organic
where can you get medical weed,18,18,90,49,27.41,https://www.polln.com/,0,0,0,0.28,0,"81, 63, 100, 63, 100, 81, 100, 81, 63, 81, 63, 45",2026-03-11 21:39:05,"Video, Related searches, Discussions and forums, AI overview",informational,Organic
dispensed global,26,26,70,28,2.26,https://www.polln.com/,0,0,0,0.37,0,"0, 5, 12, 7, 12, 28, 17, 17, 100, 12, 5, 5",2026-03-16 23:55:42,Related searches,informational,Organic
medicinal cannabis prescription online,86,0,50,37,0,https://www.polln.com/locations/adelaide,0,0,0,0,42700000,"18, 27, 18, 18, 27, 18, 27, 63, 100, 63, 63, 63",2026-04-29 15:27:44,"Video, People also ask, Related searches, Discussions and forums",commercial,Organic
medicinal marijuanas adelaide,7,0,50,,0,https://www.polln.com/practitioners/dr-joel-wren,0,0,0,0,241000,"5, 29, 29, 0, 11, 11, 29, 41, 17, 41, 82, 100",2026-04-29 15:36:34,"Knowledge panel, Video, People also ask, Related searches, Discussions and forums, AI overview",informational,Organic
medicinal marijuanas adelaide,31,0,50,,0,https://www.polln.com/locations/adelaide,0,0,0,0,241000,"5, 29, 29, 0, 11, 11, 29, 41, 17, 41, 82, 100",2026-04-29 15:36:34,"Knowledge panel, Video, People also ask, Related searches, Discussions and forums, AI overview",informational,Organic
medical weed aus,22,0,40,58,56.98,https://www.polln.com/,0,0,0,0.89,37600000,"28, 28, 28, 28, 28, 42, 71, 100, 71, 71, 71, 71",2026-04-15 23:05:36,"Video, Ads top, Related searches, Discussions and forums, Ads middle, AI overview",informational,Organic
how long is cannabis in system,34,0,90,61,0,https://www.polln.com/library/how-long-does-cannabis-stay-in-your-system,0,0,0,0,111000000,"64, 50, 50, 64, 50, 50, 50, 50, 35, 50, 100, 50",2026-04-24 11:55:04,"Video, People also ask, Discussions and forums, AI overview",informational,Organic
australian medical marijuanas,64,15,70,67,47.91,https://www.polln.com/,0,0,0,0.56,206,"2, 2, 2, 2, 0, 0, 3, 3, 3, 2, 2, 2",2026-04-21 00:43:57,"Local pack, Sitelinks, Video, Related searches, AI overview",informational,Organic
medicinal marijuanas australia nsw,15,15,1000,52,59.73,https://www.polln.com/,0,0,0,0.8,1600000,"1, 0, 0, 0, 0, 100, 8, 54, 100, 79, 66, 79",2026-04-05 12:10:31,"Local pack, Sitelinks, Video, Related searches, AI overview",informational,Organic
medicinal marijuanas australia nsw,70,79,1000,52,59.73,https://www.polln.com/locations/sydney,0,0,0,0.8,1600000,"1, 0, 0, 0, 0, 100, 8, 54, 100, 79, 66, 79",2026-04-05 12:10:31,"Local pack, Sitelinks, Video, Related searches, AI overview",informational,Organic
prescription delivery near me,30,52,90,26,0.76,https://www.polln.com/,0,0,0,0.7,200000000,"36, 45, 45, 100, 45, 63, 81, 100, 81, 81, 100, 81",2026-04-03 19:50:06,"Local pack, Sitelinks, Video, People also ask, Related searches",transactional,Organic
prescription delivery near me,49,52,90,26,0.76,https://www.polln.com/,0,0,0,0.7,200000000,"36, 45, 45, 100, 45, 63, 81, 100, 81, 81, 100, 81",2026-04-03 19:50:06,"Local pack, Sitelinks, Video, People also ask, Related searches",transactional,Organic
thc australia,70,14,170,63,0,https://www.polln.com/,0,0,0,0,207,"29, 18, 29, 29, 29, 29, 100, 35, 29, 22, 22, 35",2026-04-01 01:13:35,"Video, People also ask, Popular products, Related searches, AI overview","commercial, informational",Organic
thc australia,71,14,170,63,0,https://www.polln.com/,0,0,0,0,207,"29, 18, 29, 29, 29, 29, 100, 35, 29, 22, 22, 35",2026-04-01 01:13:35,"Video, People also ask, Popular products, Related searches, AI overview","commercial, informational",Organic
how long does weed stay in the urine,31,0,140,54,0,https://www.polln.com/library/how-long-does-cannabis-stay-in-your-system,0,0,0,0,12400000,"2, 0, 0, 0, 0, 2, 35, 54, 66, 54, 100, 54",2026-04-28 23:07:57,"Sitelinks, Video, People also ask, AI overview",informational,Organic
buy prescriptions online,60,60,210,49,2.17,https://www.polln.com/,0,0,0,0.82,52700000,"43, 35, 43, 53, 100, 66, 100, 66, 53, 43, 28, 35",2026-03-28 17:25:44,"Sitelinks, Video, Related searches, AI overview",informational,Organic
